feature,horizon_seconds,days_scored,mean_pearson_ic,pearson_ic_std,pearson_pct_same_sign,pearson_t_pvalue,mean_spearman_ic,spearman_ic_std,spearman_pct_same_sign,spearman_t_pvalue,mean_pair_count,expected_development_days,available_development_days,missing_development_days,holdout_days,pearson_fdr_reject,pearson_fdr_qvalue,spearman_fdr_reject,spearman_fdr_qvalue,eligible_for_ml,screen_rule
BB11_T1,300,64,-0.20060662345991187,0.11048101695792602,0.9375,8.81214495942155e-22,-0.21346158855133884,0.09648698254800193,0.96875,3.8990741025291244e-26,22445.5625,85,"[1, 2, 3, 4, 5, 6, 7, 8, 9, 10, 11, 12, 13, 14, 15, 16, 17, 18, 19, 20, 21, 22, 23, 24, 25, 26, 27, 28, 29, 30, 31, 32, 33, 34, 35, 36, 37, 38, 39, 40, 41, 42, 43, 44, 45, 46, 47, 48, 49, 50, 51, 52, 53, 54, 55, 56, 57, 58, 59, 60, 61, 62, 63, 64, 80, 81, 82, 83, 84, 85]","[65, 66, 67, 68, 69, 70, 71, 72, 73, 74, 75, 76, 77, 78, 79]","[86, 87, 88, 89, 90, 91, 92, 93, 94, 95, 96, 97, 98, 99, 100, 101, 102, 103, 104, 105, 106, 107, 108]",True,4.34723843475113e-20,True,1.0747895470353334e-24,True,development pearson_fdr_reject AND pearson_pct_same_sign >= 0.70 AND abs(mean_pearson_ic) >= 0.05
BB11_T10,300,64,-0.17077116154718533,0.10451018537838294,0.96875,1.3249482016795396e-19,-0.18401898855162158,0.09345130831192579,0.96875,1.5782020836461437e-23,20950.5625,85,"[1, 2, 3, 4, 5, 6, 7, 8, 9, 10, 11, 12, 13, 14, 15, 16, 17, 18, 19, 20, 21, 22, 23, 24, 25, 26, 27, 28, 29, 30, 31, 32, 33, 34, 35, 36, 37, 38, 39, 40, 41, 42, 43, 44, 45, 46, 47, 48, 49, 50, 51, 52, 53, 54, 55, 56, 57, 58, 59, 60, 61, 62, 63, 64, 80, 81, 82, 83, 84, 85]","[65, 66, 67, 68, 69, 70, 71, 72, 73, 74, 75, 76, 77, 78, 79]","[86, 87, 88, 89, 90, 91, 92, 93, 94, 95, 96, 97, 98, 99, 100, 101, 102, 103, 104, 105, 106, 107, 108]",True,7.604146240536228e-19,True,1.2860113676880722e-22,True,development pearson_fdr_reject AND pearson_pct_same_sign >= 0.70 AND abs(mean_pearson_ic) >= 0.05
BB11_T11,300,64,-0.16707392136585808,0.10871719342040251,0.953125,2.163863099440158e-18,-0.1799462247974677,0.09277634589482962,0.953125,3.377820517467179e-23,20650.5625,85,"[1, 2, 3, 4, 5, 6, 7, 8, 9, 10, 11, 12, 13, 14, 15, 16, 17, 18, 19, 20, 21, 22, 23, 24, 25, 26, 27, 28, 29, 30, 31, 32, 33, 34, 35, 36, 37, 38, 39, 40, 41, 42, 43, 44, 45, 46, 47, 48, 49, 50, 51, 52, 53, 54, 55, 56, 57, 58, 59, 60, 61, 62, 63, 64, 80, 81, 82, 83, 84, 85]","[65, 66, 67, 68, 69, 70, 71, 72, 73, 74, 75, 76, 77, 78, 79]","[86, 87, 88, 89, 90, 91, 92, 93, 94, 95, 96, 97, 98, 99, 100, 101, 102, 103, 104, 105, 106, 107, 108]",True,9.523754151039168e-18,True,2.6952355399189615e-22,True,development pearson_fdr_reject AND pearson_pct_same_sign >= 0.70 AND abs(mean_pearson_ic) >= 0.05
BB11_T12,300,64,-0.17040419327523287,0.11493586291732326,0.953125,1.060176905141701e-17,-0.1714758372531932,0.10862546289430287,0.96875,6.448039128938e-19,18850.5625,85,"[1, 2, 3, 4, 5, 6, 7, 8, 9, 10, 11, 12, 13, 14, 15, 16, 17, 18, 19, 20, 21, 22, 23, 24, 25, 26, 27, 28, 29, 30, 31, 32, 33, 34, 35, 36, 37, 38, 39, 40, 41, 42, 43, 44, 45, 46, 47, 48, 49, 50, 51, 52, 53, 54, 55, 56, 57, 58, 59, 60, 61, 62, 63, 64, 80, 81, 82, 83, 84, 85]","[65, 66, 67, 68, 69, 70, 71, 72, 73, 74, 75, 76, 77, 78, 79]","[86, 87, 88, 89, 90, 91, 92, 93, 94, 95, 96, 97, 98, 99, 100, 101, 102, 103, 104, 105, 106, 107, 108]",True,4.456096359202648e-17,True,3.1735007393847284e-18,True,development pearson_fdr_reject AND pearson_pct_same_sign >= 0.70 AND abs(mean_pearson_ic) >= 0.05
BB11_T2,300,64,-0.20035573168853404,0.11045647876003872,0.9375,9.26537226022822e-22,-0.21314415586279062,0.09646157749256415,0.96875,4.158556408663978e-26,22440.5625,85,"[1, 2, 3, 4, 5, 6, 7, 8, 9, 10, 11, 12, 13, 14, 15, 16, 17, 18, 19, 20, 21, 22, 23, 24, 25, 26, 27, 28, 29, 30, 31, 32, 33, 34, 35, 36, 37, 38, 39, 40, 41, 42, 43, 44, 45, 46, 47, 48, 49, 50, 51, 52, 53, 54, 55, 56, 57, 58, 59, 60, 61, 62, 63, 64, 80, 81, 82, 83, 84, 85]","[65, 66, 67, 68, 69, 70, 71, 72, 73, 74, 75, 76, 77, 78, 79]","[86, 87, 88, 89, 90, 91, 92, 93, 94, 95, 96, 97, 98, 99, 100, 101, 102, 103, 104, 105, 106, 107, 108]",True,4.34723843475113e-20,True,1.0747895470353334e-24,True,development pearson_fdr_reject AND pearson_pct_same_sign >= 0.70 AND abs(mean_pearson_ic) >= 0.05
BB11_T3,300,64,-0.1996245527779778,0.11049954281143225,0.9375,1.1281807077557764e-21,-0.2120430084606426,0.09643524282732532,0.96875,5.381678375222375e-26,22420.5625,85,"[1, 2, 3, 4, 5, 6, 7, 8, 9, 10, 11, 12, 13, 14, 15, 16, 17, 18, 19, 20, 21, 22, 23, 24, 25, 26, 27, 28, 29, 30, 31, 32, 33, 34, 35, 36, 37, 38, 39, 40, 41, 42, 43, 44, 45, 46, 47, 48, 49, 50, 51, 52, 53, 54, 55, 56, 57, 58, 59, 60, 61, 62, 63, 64, 80, 81, 82, 83, 84, 85]","[65, 66, 67, 68, 69, 70, 71, 72, 73, 74, 75, 76, 77, 78, 79]","[86, 87, 88, 89, 90, 91, 92, 93, 94, 95, 96, 97, 98, 99, 100, 101, 102, 103, 104, 105, 106, 107, 108]",True,4.34723843475113e-20,True,1.1100410600061235e-24,True,development pearson_fdr_reject AND pearson_pct_same_sign >= 0.70 AND abs(mean_pearson_ic) >= 0.05
BB11_T4,300,64,-0.19868341697572717,0.11084275691669031,0.9375,1.649550056815065e-21,-0.21078828412873984,0.09664330876862567,0.96875,8.225234060670292e-26,22390.5625,85,"[1, 2, 3, 4, 5, 6, 7, 8, 9, 10, 11, 12, 13, 14, 15, 16, 17, 18, 19, 20, 21, 22, 23, 24, 25, 26, 27, 28, 29, 30, 31, 32, 33, 34, 35, 36, 37, 38, 39, 40, 41, 42, 43, 44, 45, 46, 47, 48, 49, 50, 51, 52, 53, 54, 55, 56, 57, 58, 59, 60, 61, 62, 63, 64, 80, 81, 82, 83, 84, 85]","[65, 66, 67, 68, 69, 70, 71, 72, 73, 74, 75, 76, 77, 78, 79]","[86, 87, 88, 89, 90, 91, 92, 93, 94, 95, 96, 97, 98, 99, 100, 101, 102, 103, 104, 105, 106, 107, 108]",True,4.34723843475113e-20,True,1.3035864073218285e-24,True,development pearson_fdr_reject AND pearson_pct_same_sign >= 0.70 AND abs(mean_pearson_ic) >= 0.05
BB11_T5,300,64,-0.1978717827059493,0.11148870105665966,0.9375,2.6624930421921135e-21,-0.21006773458432984,0.09704574906035614,0.96875,1.2226485026696931e-25,22360.5625,85,"[1, 2, 3, 4, 5, 6, 7, 8, 9, 10, 11, 12, 13, 14, 15, 16, 17, 18, 19, 20, 21, 22, 23, 24, 25, 26, 27, 28, 29, 30, 31, 32, 33, 34, 35, 36, 37, 38, 39, 40, 41, 42, 43, 44, 45, 46, 47, 48, 49, 50, 51, 52, 53, 54, 55, 56, 57, 58, 59, 60, 61, 62, 63, 64, 80, 81, 82, 83, 84, 85]","[65, 66, 67, 68, 69, 70, 71, 72, 73, 74, 75, 76, 77, 78, 79]","[86, 87, 88, 89, 90, 91, 92, 93, 94, 95, 96, 97, 98, 99, 100, 101, 102, 103, 104, 105, 106, 107, 108]",True,4.34723843475113e-20,True,1.752801069179996e-24,True,development pearson_fdr_reject AND pearson_pct_same_sign >= 0.70 AND abs(mean_pearson_ic) >= 0.05
BB11_T6,300,64,-0.19691226858881677,0.11210600880592579,0.9375,4.38761325165806e-21,-0.2092141069974703,0.09745554255405664,0.96875,1.883559634012584e-25,22330.5625,85,"[1, 2, 3, 4, 5, 6, 7, 8, 9, 10, 11, 12, 13, 14, 15, 16, 17, 18, 19, 20, 21, 22, 23, 24, 25, 26, 27, 28, 29, 30, 31, 32, 33, 34, 35, 36, 37, 38, 39, 40, 41, 42, 43, 44, 45, 46, 47, 48, 49, 50, 51, 52, 53, 54, 55, 56, 57, 58, 59, 60, 61, 62, 63, 64, 80, 81, 82, 83, 84, 85]","[65, 66, 67, 68, 69, 70, 71, 72, 73, 74, 75, 76, 77, 78, 79]","[86, 87, 88, 89, 90, 91, 92, 93, 94, 95, 96, 97, 98, 99, 100, 101, 102, 103, 104, 105, 106, 107, 108]",True,4.677884309170043e-20,True,2.5420697404349523e-24,True,development pearson_fdr_reject AND pearson_pct_same_sign >= 0.70 AND abs(mean_pearson_ic) >= 0.05
BB11_T7,300,64,-0.19212692256856195,0.11530313603083349,0.9375,5.335098373685221e-20,-0.20386600353098083,0.10087325873537724,0.96875,4.223916019831854e-24,22150.5625,85,"[1, 2, 3, 4, 5, 6, 7, 8, 9, 10, 11, 12, 13, 14, 15, 16, 17, 18, 19, 20, 21, 22, 23, 24, 25, 26, 27, 28, 29, 30, 31, 32, 33, 34, 35, 36, 37, 38, 39, 40, 41, 42, 43, 44, 45, 46, 47, 48, 49, 50, 51, 52, 53, 54, 55, 56, 57, 58, 59, 60, 61, 62, 63, 64, 80, 81, 82, 83, 84, 85]","[65, 66, 67, 68, 69, 70, 71, 72, 73, 74, 75, 76, 77, 78, 79]","[86, 87, 88, 89, 90, 91, 92, 93, 94, 95, 96, 97, 98, 99, 100, 101, 102, 103, 104, 105, 106, 107, 108]",True,3.2509285504554565e-19,True,3.840428907505015e-23,True,development pearson_fdr_reject AND pearson_pct_same_sign >= 0.70 AND abs(mean_pearson_ic) >= 0.05
BB11_T8,300,64,-0.1856301632272113,0.11276829330629802,0.9375,9.408671730405576e-20,-0.1955568750457637,0.09891935442536175,0.984375,1.293044539453318e-23,21850.5625,85,"[1, 2, 3, 4, 5, 6, 7, 8, 9, 10, 11, 12, 13, 14, 15, 16, 17, 18, 19, 20, 21, 22, 23, 24, 25, 26, 27, 28, 29, 30, 31, 32, 33, 34, 35, 36, 37, 38, 39, 40, 41, 42, 43, 44, 45, 46, 47, 48, 49, 50, 51, 52, 53, 54, 55, 56, 57, 58, 59, 60, 61, 62, 63, 64, 80, 81, 82, 83, 84, 85]","[65, 66, 67, 68, 69, 70, 71, 72, 73, 74, 75, 76, 77, 78, 79]","[86, 87, 88, 89, 90, 91, 92, 93, 94, 95, 96, 97, 98, 99, 100, 101, 102, 103, 104, 105, 106, 107, 108]",True,5.575808032341554e-19,True,1.0561392160310199e-22,True,development pearson_fdr_reject AND pearson_pct_same_sign >= 0.70 AND abs(mean_pearson_ic) >= 0.05
BB11_T9,300,64,-0.1805452877356418,0.11183224023457121,0.953125,2.3111359923099524e-19,-0.19043912832573126,0.09444299578752892,0.96875,4.739642054839349e-24,21550.5625,85,"[1, 2, 3, 4, 5, 6, 7, 8, 9, 10, 11, 12, 13, 14, 15, 16, 17, 18, 19, 20, 21, 22, 23, 24, 25, 26, 27, 28, 29, 30, 31, 32, 33, 34, 35, 36, 37, 38, 39, 40, 41, 42, 43, 44, 45, 46, 47, 48, 49, 50, 51, 52, 53, 54, 55, 56, 57, 58, 59, 60, 61, 62, 63, 64, 80, 81, 82, 83, 84, 85]","[65, 66, 67, 68, 69, 70, 71, 72, 73, 74, 75, 76, 77, 78, 79]","[86, 87, 88, 89, 90, 91, 92, 93, 94, 95, 96, 97, 98, 99, 100, 101, 102, 103, 104, 105, 106, 107, 108]",True,1.237980597431145e-18,True,4.2644435675703e-23,True,development pearson_fdr_reject AND pearson_pct_same_sign >= 0.70 AND abs(mean_pearson_ic) >= 0.05
BB12_T1,300,64,-0.20064479776968677,0.11040881989494616,0.9375,8.456974556178167e-22,-0.21327908079832,0.09634584357410891,0.96875,3.776213400831365e-26,22445.5625,85,"[1, 2, 3, 4, 5, 6, 7, 8, 9, 10, 11, 12, 13, 14, 15, 16, 17, 18, 19, 20, 21, 22, 23, 24, 25, 26, 27, 28, 29, 30, 31, 32, 33, 34, 35, 36, 37, 38, 39, 40, 41, 42, 43, 44, 45, 46, 47, 48, 49, 50, 51, 52, 53, 54, 55, 56, 57, 58, 59, 60, 61, 62, 63, 64, 80, 81, 82, 83, 84, 85]","[65, 66, 67, 68, 69, 70, 71, 72, 73, 74, 75, 76, 77, 78, 79]","[86, 87, 88, 89, 90, 91, 92, 93, 94, 95, 96, 97, 98, 99, 100, 101, 102, 103, 104, 105, 106, 107, 108]",True,4.34723843475113e-20,True,1.0747895470353334e-24,True,development pearson_fdr_reject AND pearson_pct_same_sign >= 0.70 AND abs(mean_pearson_ic) >= 0.05
BB12_T10,300,64,-0.1671910720189424,0.10158603965307557,0.9375,9.492073019180411e-20,-0.17933882146585156,0.09146492303774836,0.9375,1.9578290774487897e-23,20950.5625,85,"[1, 2, 3, 4, 5, 6, 7, 8, 9, 10, 11, 12, 13, 14, 15, 16, 17, 18, 19, 20, 21, 22, 23, 24, 25, 26, 27, 28, 29, 30, 31, 32, 33, 34, 35, 36, 37, 38, 39, 40, 41, 42, 43, 44, 45, 46, 47, 48, 49, 50, 51, 52, 53, 54, 55, 56, 57, 58, 59, 60, 61, 62, 63, 64, 80, 81, 82, 83, 84, 85]","[65, 66, 67, 68, 69, 70, 71, 72, 73, 74, 75, 76, 77, 78, 79]","[86, 87, 88, 89, 90, 91, 92, 93, 94, 95, 96, 97, 98, 99, 100, 101, 102, 103, 104, 105, 106, 107, 108]",True,5.615601418025398e-19,True,1.5694430307623128e-22,True,development pearson_fdr_reject AND pearson_pct_same_sign >= 0.70 AND abs(mean_pearson_ic) >= 0.05
BB12_T11,300,64,-0.1656806681335735,0.10385992198221493,0.9375,3.99941651114726e-19,-0.17860978187931437,0.09118275760527991,0.953125,2.057228610946918e-23,20650.5625,85,"[1, 2, 3, 4, 5, 6, 7, 8, 9, 10, 11, 12, 13, 14, 15, 16, 17, 18, 19, 20, 21, 22, 23, 24, 25, 26, 27, 28, 29, 30, 31, 32, 33, 34, 35, 36, 37, 38, 39, 40, 41, 42, 43, 44, 45, 46, 47, 48, 49, 50, 51, 52, 53, 54, 55, 56, 57, 58, 59, 60, 61, 62, 63, 64, 80, 81, 82, 83, 84, 85]","[65, 66, 67, 68, 69, 70, 71, 72, 73, 74, 75, 76, 77, 78, 79]","[86, 87, 88, 89, 90, 91, 92, 93, 94, 95, 96, 97, 98, 99, 100, 101, 102, 103, 104, 105, 106, 107, 108]",True,2.0471087475575973e-18,True,1.6453066784309263e-22,True,development pearson_fdr_reject AND pearson_pct_same_sign >= 0.70 AND abs(mean_pearson_ic) >= 0.05
BB12_T12,300,64,-0.16473974854501477,0.11499315078154432,0.90625,4.690611101397711e-17,-0.16639438104740756,0.10664798726596257,0.9375,1.0957475431474498e-18,18850.5625,85,"[1, 2, 3, 4, 5, 6, 7, 8, 9, 10, 11, 12, 13, 14, 15, 16, 17, 18, 19, 20, 21, 22, 23, 24, 25, 26, 27, 28, 29, 30, 31, 32, 33, 34, 35, 36, 37, 38, 39, 40, 41, 42, 43, 44, 45, 46, 47, 48, 49, 50, 51, 52, 53, 54, 55, 56, 57, 58, 59, 60, 61, 62, 63, 64, 80, 81, 82, 83, 84, 85]","[65, 66, 67, 68, 69, 70, 71, 72, 73, 74, 75, 76, 77, 78, 79]","[86, 87, 88, 89, 90, 91, 92, 93, 94, 95, 96, 97, 98, 99, 100, 101, 102, 103, 104, 105, 106, 107, 108]",True,1.9408456712968972e-16,True,5.332123607851322e-18,True,development pearson_fdr_reject AND pearson_pct_same_sign >= 0.70 AND abs(mean_pearson_ic) >= 0.05
BB12_T2,300,64,-0.2004087545691386,0.1102846336660803,0.9375,8.478316751194589e-22,-0.21282556342190773,0.09620079063903618,0.96875,3.901843892346884e-26,22440.5625,85,"[1, 2, 3, 4, 5, 6, 7, 8, 9, 10, 11, 12, 13, 14, 15, 16, 17, 18, 19, 20, 21, 22, 23, 24, 25, 26, 27, 28, 29, 30, 31, 32, 33, 34, 35, 36, 37, 38, 39, 40, 41, 42, 43, 44, 45, 46, 47, 48, 49, 50, 51, 52, 53, 54, 55, 56, 57, 58, 59, 60, 61, 62, 63, 64, 80, 81, 82, 83, 84, 85]","[65, 66, 67, 68, 69, 70, 71, 72, 73, 74, 75, 76, 77, 78, 79]","[86, 87, 88, 89, 90, 91, 92, 93, 94, 95, 96, 97, 98, 99, 100, 101, 102, 103, 104, 105, 106, 107, 108]",True,4.34723843475113e-20,True,1.0747895470353334e-24,True,development pearson_fdr_reject AND pearson_pct_same_sign >= 0.70 AND abs(mean_pearson_ic) >= 0.05
BB12_T3,300,64,-0.19938377273280955,0.10974277288456717,0.9375,8.562294890219165e-22,-0.21122727701875577,0.09559373442729817,0.96875,4.1577995287785826e-26,22420.5625,85,"[1, 2, 3, 4, 5, 6, 7, 8, 9, 10, 11, 12, 13, 14, 15, 16, 17, 18, 19, 20, 21, 22, 23, 24, 25, 26, 27, 28, 29, 30, 31, 32, 33, 34, 35, 36, 37, 38, 39, 40, 41, 42, 43, 44, 45, 46, 47, 48, 49, 50, 51, 52, 53, 54, 55, 56, 57, 58, 59, 60, 61, 62, 63, 64, 80, 81, 82, 83, 84, 85]","[65, 66, 67, 68, 69, 70, 71, 72, 73, 74, 75, 76, 77, 78, 79]","[86, 87, 88, 89, 90, 91, 92, 93, 94, 95, 96, 97, 98, 99, 100, 101, 102, 103, 104, 105, 106, 107, 108]",True,4.34723843475113e-20,True,1.0747895470353334e-24,True,development pearson_fdr_reject AND pearson_pct_same_sign >= 0.70 AND abs(mean_pearson_ic) >= 0.05
BB12_T4,300,64,-0.19797593343210745,0.1091256862751861,0.9375,9.18792198489804e-22,-0.20903693687824398,0.09485948958658602,0.96875,4.795183438169158e-26,22390.5625,85,"[1, 2, 3, 4, 5, 6, 7, 8, 9, 10, 11, 12, 13, 14, 15, 16, 17, 18, 19, 20, 21, 22, 23, 24, 25, 26, 27, 28, 29, 30, 31, 32, 33, 34, 35, 36, 37, 38, 39, 40, 41, 42, 43, 44, 45, 46, 47, 48, 49, 50, 51, 52, 53, 54, 55, 56, 57, 58, 59, 60, 61, 62, 63, 64, 80, 81, 82, 83, 84, 85]","[65, 66, 67, 68, 69, 70, 71, 72, 73, 74, 75, 76, 77, 78, 79]","[86, 87, 88, 89, 90, 91, 92, 93, 94, 95, 96, 97, 98, 99, 100, 101, 102, 103, 104, 105, 106, 107, 108]",True,4.34723843475113e-20,True,1.0747895470353334e-24,True,development pearson_fdr_reject AND pearson_pct_same_sign >= 0.70 AND abs(mean_pearson_ic) >= 0.05
BB12_T5,300,64,-0.19667925233115616,0.10875093884918617,0.9375,1.0700882703843382e-21,-0.20714758660853208,0.09425438499334474,0.96875,5.519960835287805e-26,22360.5625,85,"[1, 2, 3, 4, 5, 6, 7, 8, 9, 10, 11, 12, 13, 14, 15, 16, 17, 18, 19, 20, 21, 22, 23, 24, 25, 26, 27, 28, 29, 30, 31, 32, 33, 34, 35, 36, 37, 38, 39, 40, 41, 42, 43, 44, 45, 46, 47, 48, 49, 50, 51, 52, 53, 54, 55, 56, 57, 58, 59, 60, 61, 62, 63, 64, 80, 81, 82, 83, 84, 85]","[65, 66, 67, 68, 69, 70, 71, 72, 73, 74, 75, 76, 77, 78, 79]","[86, 87, 88, 89, 90, 91, 92, 93, 94, 95, 96, 97, 98, 99, 100, 101, 102, 103, 104, 105, 106, 107, 108]",True,4.34723843475113e-20,True,1.1166341803855546e-24,True,development pearson_fdr_reject AND pearson_pct_same_sign >= 0.70 AND abs(mean_pearson_ic) >= 0.05
BB12_T6,300,64,-0.1952862581761931,0.10842477303456943,0.9375,1.306314176818125e-21,-0.20526853485283578,0.09369789921123654,0.953125,6.526006077308134e-26,22330.5625,85,"[1, 2, 3, 4, 5, 6, 7, 8, 9, 10, 11, 12, 13, 14, 15, 16, 17, 18, 19, 20, 21, 22, 23, 24, 25, 26, 27, 28, 29, 30, 31, 32, 33, 34, 35, 36, 37, 38, 39, 40, 41, 42, 43, 44, 45, 46, 47, 48, 49, 50, 51, 52, 53, 54, 55, 56, 57, 58, 59, 60, 61, 62, 63, 64, 80, 81, 82, 83, 84, 85]","[65, 66, 67, 68, 69, 70, 71, 72, 73, 74, 75, 76, 77, 78, 79]","[86, 87, 88, 89, 90, 91, 92, 93, 94, 95, 96, 97, 98, 99, 100, 101, 102, 103, 104, 105, 106, 107, 108]",True,4.34723843475113e-20,True,1.1166341803855546e-24,True,development pearson_fdr_reject AND pearson_pct_same_sign >= 0.70 AND abs(mean_pearson_ic) >= 0.05
BB12_T7,300,64,-0.18810827935923952,0.10765094578113359,0.9375,5.626833012001155e-21,-0.1968312865755515,0.09174303457089528,0.953125,1.9439975978357291e-25,22150.5625,85,"[1, 2, 3, 4, 5, 6, 7, 8, 9, 10, 11, 12, 13, 14, 15, 16, 17, 18, 19, 20, 21, 22, 23, 24, 25, 26, 27, 28, 29, 30, 31, 32, 33, 34, 35, 36, 37, 38, 39, 40, 41, 42, 43, 44, 45, 46, 47, 48, 49, 50, 51, 52, 53, 54, 55, 56, 57, 58, 59, 60, 61, 62, 63, 64, 80, 81, 82, 83, 84, 85]","[65, 66, 67, 68, 69, 70, 71, 72, 73, 74, 75, 76, 77, 78, 79]","[86, 87, 88, 89, 90, 91, 92, 93, 94, 95, 96, 97, 98, 99, 100, 101, 102, 103, 104, 105, 106, 107, 108]",True,4.884600014186932e-20,True,2.6032991087296295e-24,True,development pearson_fdr_reject AND pearson_pct_same_sign >= 0.70 AND abs(mean_pearson_ic) >= 0.05
BB12_T8,300,64,-0.17856233814822692,0.1030060154547204,0.9375,8.236233534670088e-21,-0.19153334874573702,0.09010734305406708,0.953125,3.151775194086107e-25,21850.5625,85,"[1, 2, 3, 4, 5, 6, 7, 8, 9, 10, 11, 12, 13, 14, 15, 16, 17, 18, 19, 20, 21, 22, 23, 24, 25, 26, 27, 28, 29, 30, 31, 32, 33, 34, 35, 36, 37, 38, 39, 40, 41, 42, 43, 44, 45, 46, 47, 48, 49, 50, 51, 52, 53, 54, 55, 56, 57, 58, 59, 60, 61, 62, 63, 64, 80, 81, 82, 83, 84, 85]","[65, 66, 67, 68, 69, 70, 71, 72, 73, 74, 75, 76, 77, 78, 79]","[86, 87, 88, 89, 90, 91, 92, 93, 94, 95, 96, 97, 98, 99, 100, 101, 102, 103, 104, 105, 106, 107, 108]",True,5.965657623120577e-20,True,3.8752253720880776e-24,True,development pearson_fdr_reject AND pearson_pct_same_sign >= 0.70 AND abs(mean_pearson_ic) >= 0.05
BB12_T9,300,64,-0.17120733782549208,0.10601442969962148,0.9375,2.2775405365037814e-19,-0.18464988240662739,0.08964193879268587,0.953125,1.5954093787546151e-24,21550.5625,85,"[1, 2, 3, 4, 5, 6, 7, 8, 9, 10, 11, 12, 13, 14, 15, 16, 17, 18, 19, 20, 21, 22, 23, 24, 25, 26, 27, 28, 29, 30, 31, 32, 33, 34, 35, 36, 37, 38, 39, 40, 41, 42, 43, 44, 45, 46, 47, 48, 49, 50, 51, 52, 53, 54, 55, 56, 57, 58, 59, 60, 61, 62, 63, 64, 80, 81, 82, 83, 84, 85]","[65, 66, 67, 68, 69, 70, 71, 72, 73, 74, 75, 76, 77, 78, 79]","[86, 87, 88, 89, 90, 91, 92, 93, 94, 95, 96, 97, 98, 99, 100, 101, 102, 103, 104, 105, 106, 107, 108]",True,1.2237795573282372e-18,True,1.5988440113359217e-23,True,development pearson_fdr_reject AND pearson_pct_same_sign >= 0.70 AND abs(mean_pearson_ic) >= 0.05
BB13_T1,300,64,-0.20070450484387786,0.11047900020418666,0.9375,8.597441666569531e-22,-0.2135781726912217,0.09642556004780416,0.96875,3.663786086722676e-26,22445.5625,85,"[1, 2, 3, 4, 5, 6, 7, 8, 9, 10, 11, 12, 13, 14, 15, 16, 17, 18, 19, 20, 21, 22, 23, 24, 25, 26, 27, 28, 29, 30, 31, 32, 33, 34, 35, 36, 37, 38, 39, 40, 41, 42, 43, 44, 45, 46, 47, 48, 49, 50, 51, 52, 53, 54, 55, 56, 57, 58, 59, 60, 61, 62, 63, 64, 80, 81, 82, 83, 84, 85]","[65, 66, 67, 68, 69, 70, 71, 72, 73, 74, 75, 76, 77, 78, 79]","[86, 87, 88, 89, 90, 91, 92, 93, 94, 95, 96, 97, 98, 99, 100, 101, 102, 103, 104, 105, 106, 107, 108]",True,4.34723843475113e-20,True,1.0747895470353334e-24,True,development pearson_fdr_reject AND pearson_pct_same_sign >= 0.70 AND abs(mean_pearson_ic) >= 0.05
BB13_T10,300,64,-0.1821249146141256,0.11056545674271549,0.9375,9.122768246667985e-20,-0.20157133725149073,0.09662345676248614,0.953125,8.3087155695117e-25,20950.5625,85,"[1, 2, 3, 4, 5, 6, 7, 8, 9, 10, 11, 12, 13, 14, 15, 16, 17, 18, 19, 20, 21, 22, 23, 24, 25, 26, 27, 28, 29, 30, 31, 32, 33, 34, 35, 36, 37, 38, 39, 40, 41, 42, 43, 44, 45, 46, 47, 48, 49, 50, 51, 52, 53, 54, 55, 56, 57, 58, 59, 60, 61, 62, 63, 64, 80, 81, 82, 83, 84, 85]","[65, 66, 67, 68, 69, 70, 71, 72, 73, 74, 75, 76, 77, 78, 79]","[86, 87, 88, 89, 90, 91, 92, 93, 94, 95, 96, 97, 98, 99, 100, 101, 102, 103, 104, 105, 106, 107, 108]",True,5.428001502895878e-19,True,8.752015942885037e-24,True,development pearson_fdr_reject AND pearson_pct_same_sign >= 0.70 AND abs(mean_pearson_ic) >= 0.05
BB13_T11,300,64,-0.18137681618310242,0.11340316065947326,0.9375,3.5497516200473783e-19,-0.1997538071511295,0.09714010149963265,0.96875,1.741410007905417e-24,20650.5625,85,"[1, 2, 3, 4, 5, 6, 7, 8, 9, 10, 11, 12, 13, 14, 15, 16, 17, 18, 19, 20, 21, 22, 23, 24, 25, 26, 27, 28, 29, 30, 31, 32, 33, 34, 35, 36, 37, 38, 39, 40, 41, 42, 43, 44, 45, 46, 47, 48, 49, 50, 51, 52, 53, 54, 55, 56, 57, 58, 59, 60, 61, 62, 63, 64, 80, 81, 82, 83, 84, 85]","[65, 66, 67, 68, 69, 70, 71, 72, 73, 74, 75, 76, 77, 78, 79]","[86, 87, 88, 89, 90, 91, 92, 93, 94, 95, 96, 97, 98, 99, 100, 101, 102, 103, 104, 105, 106, 107, 108]",True,1.8380096904845473e-18,True,1.7313684114965377e-23,True,development pearson_fdr_reject AND pearson_pct_same_sign >= 0.70 AND abs(mean_pearson_ic) >= 0.05
BB13_T12,300,64,-0.18408094491410604,0.11626074736108008,0.9375,5.624906863047523e-19,-0.1953024329447332,0.10654967627813051,0.953125,5.558311894033203e-22,18850.5625,85,"[1, 2, 3, 4, 5, 6, 7, 8, 9, 10, 11, 12, 13, 14, 15, 16, 17, 18, 19, 20, 21, 22, 23, 24, 25, 26, 27, 28, 29, 30, 31, 32, 33, 34, 35, 36, 37, 38, 39, 40, 41, 42, 43, 44, 45, 46, 47, 48, 49, 50, 51, 52, 53, 54, 55, 56, 57, 58, 59, 60, 61, 62, 63, 64, 80, 81, 82, 83, 84, 85]","[65, 66, 67, 68, 69, 70, 71, 72, 73, 74, 75, 76, 77, 78, 79]","[86, 87, 88, 89, 90, 91, 92, 93, 94, 95, 96, 97, 98, 99, 100, 101, 102, 103, 104, 105, 106, 107, 108]",True,2.7526987552165995e-18,True,3.485293574207753e-21,True,development pearson_fdr_reject AND pearson_pct_same_sign >= 0.70 AND abs(mean_pearson_ic) >= 0.05
BB13_T2,300,64,-0.20052106076495158,0.1104143608486523,0.9375,8.736496719993986e-22,-0.2133577661390084,0.09635114942087658,0.96875,3.714366643703156e-26,22440.5625,85,"[1, 2, 3, 4, 5, 6, 7, 8, 9, 10, 11, 12, 13, 14, 15, 16, 17, 18, 19, 20, 21, 22, 23, 24, 25, 26, 27, 28, 29, 30, 31, 32, 33, 34, 35, 36, 37, 38, 39, 40, 41, 42, 43, 44, 45, 46, 47, 48, 49, 50, 51, 52, 53, 54, 55, 56, 57, 58, 59, 60, 61, 62, 63, 64, 80, 81, 82, 83, 84, 85]","[65, 66, 67, 68, 69, 70, 71, 72, 73, 74, 75, 76, 77, 78, 79]","[86, 87, 88, 89, 90, 91, 92, 93, 94, 95, 96, 97, 98, 99, 100, 101, 102, 103, 104, 105, 106, 107, 108]",True,4.34723843475113e-20,True,1.0747895470353334e-24,True,development pearson_fdr_reject AND pearson_pct_same_sign >= 0.70 AND abs(mean_pearson_ic) >= 0.05
BB13_T3,300,64,-0.1998462909436511,0.11024263451797212,0.9375,9.543873953637156e-22,-0.2125801660525659,0.09612958772194535,0.96875,3.9876083608077414e-26,22420.5625,85,"[1, 2, 3, 4, 5, 6, 7, 8, 9, 10, 11, 12, 13, 14, 15, 16, 17, 18, 19, 20, 21, 22, 23, 24, 25, 26, 27, 28, 29, 30, 31, 32, 33, 34, 35, 36, 37, 38, 39, 40, 41, 42, 43, 44, 45, 46, 47, 48, 49, 50, 51, 52, 53, 54, 55, 56, 57, 58, 59, 60, 61, 62, 63, 64, 80, 81, 82, 83, 84, 85]","[65, 66, 67, 68, 69, 70, 71, 72, 73, 74, 75, 76, 77, 78, 79]","[86, 87, 88, 89, 90, 91, 92, 93, 94, 95, 96, 97, 98, 99, 100, 101, 102, 103, 104, 105, 106, 107, 108]",True,4.34723843475113e-20,True,1.0747895470353334e-24,True,development pearson_fdr_reject AND pearson_pct_same_sign >= 0.70 AND abs(mean_pearson_ic) >= 0.05
BB13_T4,300,64,-0.19895668357995272,0.11025992135173532,0.9375,1.1948067103963837e-21,-0.21173541446561772,0.09605573462488226,0.96875,4.721516960620492e-26,22390.5625,85,"[1, 2, 3, 4, 5, 6, 7, 8, 9, 10, 11, 12, 13, 14, 15, 16, 17, 18, 19, 20, 21, 22, 23, 24, 25, 26, 27, 28, 29, 30, 31, 32, 33, 34, 35, 36, 37, 38, 39, 40, 41, 42, 43, 44, 45, 46, 47, 48, 49, 50, 51, 52, 53, 54, 55, 56, 57, 58, 59, 60, 61, 62, 63, 64, 80, 81, 82, 83, 84, 85]","[65, 66, 67, 68, 69, 70, 71, 72, 73, 74, 75, 76, 77, 78, 79]","[86, 87, 88, 89, 90, 91, 92, 93, 94, 95, 96, 97, 98, 99, 100, 101, 102, 103, 104, 105, 106, 107, 108]",True,4.34723843475113e-20,True,1.0747895470353334e-24,True,development pearson_fdr_reject AND pearson_pct_same_sign >= 0.70 AND abs(mean_pearson_ic) >= 0.05
BB13_T5,300,64,-0.19803616339761093,0.11034761274105111,0.9375,1.555293602486179e-21,-0.21098580145108148,0.09595450497687871,0.96875,5.381885511369936e-26,22360.5625,85,"[1, 2, 3, 4, 5, 6, 7, 8, 9, 10, 11, 12, 13, 14, 15, 16, 17, 18, 19, 20, 21, 22, 23, 24, 25, 26, 27, 28, 29, 30, 31, 32, 33, 34, 35, 36, 37, 38, 39, 40, 41, 42, 43, 44, 45, 46, 47, 48, 49, 50, 51, 52, 53, 54, 55, 56, 57, 58, 59, 60, 61, 62, 63, 64, 80, 81, 82, 83, 84, 85]","[65, 66, 67, 68, 69, 70, 71, 72, 73, 74, 75, 76, 77, 78, 79]","[86, 87, 88, 89, 90, 91, 92, 93, 94, 95, 96, 97, 98, 99, 100, 101, 102, 103, 104, 105, 106, 107, 108]",True,4.34723843475113e-20,True,1.1100410600061235e-24,True,development pearson_fdr_reject AND pearson_pct_same_sign >= 0.70 AND abs(mean_pearson_ic) >= 0.05
BB13_T6,300,64,-0.1969628473427268,0.11039780814695783,0.9375,2.0684027415289067e-21,-0.21009634200728433,0.0959247502662245,0.96875,6.609044457974362e-26,22330.5625,85,"[1, 2, 3, 4, 5, 6, 7, 8, 9, 10, 11, 12, 13, 14, 15, 16, 17, 18, 19, 20, 21, 22, 23, 24, 25, 26, 27, 28, 29, 30, 31, 32, 33, 34, 35, 36, 37, 38, 39, 40, 41, 42, 43, 44, 45, 46, 47, 48, 49, 50, 51, 52, 53, 54, 55, 56, 57, 58, 59, 60, 61, 62, 63, 64, 80, 81, 82, 83, 84, 85]","[65, 66, 67, 68, 69, 70, 71, 72, 73, 74, 75, 76, 77, 78, 79]","[86, 87, 88, 89, 90, 91, 92, 93, 94, 95, 96, 97, 98, 99, 100, 101, 102, 103, 104, 105, 106, 107, 108]",True,4.34723843475113e-20,True,1.1166341803855546e-24,True,development pearson_fdr_reject AND pearson_pct_same_sign >= 0.70 AND abs(mean_pearson_ic) >= 0.05
BB13_T7,300,64,-0.19328428055189587,0.11239251183112645,0.9375,1.2045083098719638e-20,-0.2068970161046445,0.09718380982637935,0.96875,2.907068249458079e-25,22150.5625,85,"[1, 2, 3, 4, 5, 6, 7, 8, 9, 10, 11, 12, 13, 14, 15, 16, 17, 18, 19, 20, 21, 22, 23, 24, 25, 26, 27, 28, 29, 30, 31, 32, 33, 34, 35, 36, 37, 38, 39, 40, 41, 42, 43, 44, 45, 46, 47, 48, 49, 50, 51, 52, 53, 54, 55, 56, 57, 58, 59, 60, 61, 62, 63, 64, 80, 81, 82, 83, 84, 85]","[65, 66, 67, 68, 69, 70, 71, 72, 73, 74, 75, 76, 77, 78, 79]","[86, 87, 88, 89, 90, 91, 92, 93, 94, 95, 96, 97, 98, 99, 100, 101, 102, 103, 104, 105, 106, 107, 108]",True,8.19207915473944e-20,True,3.6129211517545555e-24,True,development pearson_fdr_reject AND pearson_pct_same_sign >= 0.70 AND abs(mean_pearson_ic) >= 0.05
BB13_T8,300,64,-0.1892237675149861,0.1103282416847307,0.9375,1.3688768912021833e-20,-0.20460464576210868,0.09499660551217601,0.953125,1.5879125394841474e-25,21850.5625,85,"[1, 2, 3, 4, 5, 6, 7, 8, 9, 10, 11, 12, 13, 14, 15, 16, 17, 18, 19, 20, 21, 22, 23, 24, 25, 26, 27, 28, 29, 30, 31, 32, 33, 34, 35, 36, 37, 38, 39, 40, 41, 42, 43, 44, 45, 46, 47, 48, 49, 50, 51, 52, 53, 54, 55, 56, 57, 58, 59, 60, 61, 62, 63, 64, 80, 81, 82, 83, 84, 85]","[65, 66, 67, 68, 69, 70, 71, 72, 73, 74, 75, 76, 77, 78, 79]","[86, 87, 88, 89, 90, 91, 92, 93, 94, 95, 96, 97, 98, 99, 100, 101, 102, 103, 104, 105, 106, 107, 108]",True,9.165638874231674e-20,True,2.1684734481888257e-24,True,development pearson_fdr_reject AND pearson_pct_same_sign >= 0.70 AND abs(mean_pearson_ic) >= 0.05
BB13_T9,300,64,-0.18577060250494978,0.11338188686374098,0.9375,1.1685856896341924e-19,-0.2018298859845813,0.09529971469536282,0.953125,3.8110459421983457e-25,21550.5625,85,"[1, 2, 3, 4, 5, 6, 7, 8, 9, 10, 11, 12, 13, 14, 15, 16, 17, 18, 19, 20, 21, 22, 23, 24, 25, 26, 27, 28, 29, 30, 31, 32, 33, 34, 35, 36, 37, 38, 39, 40, 41, 42, 43, 44, 45, 46, 47, 48, 49, 50, 51, 52, 53, 54, 55, 56, 57, 58, 59, 60, 61, 62, 63, 64, 80, 81, 82, 83, 84, 85]","[65, 66, 67, 68, 69, 70, 71, 72, 73, 74, 75, 76, 77, 78, 79]","[86, 87, 88, 89, 90, 91, 92, 93, 94, 95, 96, 97, 98, 99, 100, 101, 102, 103, 104, 105, 106, 107, 108]",True,6.762920532137579e-19,True,4.509302647361399e-24,True,development pearson_fdr_reject AND pearson_pct_same_sign >= 0.70 AND abs(mean_pearson_ic) >= 0.05
BB14_T1,300,64,-0.20065911798817365,0.11051203956847332,0.9375,8.820356610577059e-22,-0.21355089347952882,0.09650553951624269,0.96875,3.852991485912523e-26,22444.5625,85,"[1, 2, 3, 4, 5, 6, 7, 8, 9, 10, 11, 12, 13, 14, 15, 16, 17, 18, 19, 20, 21, 22, 23, 24, 25, 26, 27, 28, 29, 30, 31, 32, 33, 34, 35, 36, 37, 38, 39, 40, 41, 42, 43, 44, 45, 46, 47, 48, 49, 50, 51, 52, 53, 54, 55, 56, 57, 58, 59, 60, 61, 62, 63, 64, 80, 81, 82, 83, 84, 85]","[65, 66, 67, 68, 69, 70, 71, 72, 73, 74, 75, 76, 77, 78, 79]","[86, 87, 88, 89, 90, 91, 92, 93, 94, 95, 96, 97, 98, 99, 100, 101, 102, 103, 104, 105, 106, 107, 108]",True,4.34723843475113e-20,True,1.0747895470353334e-24,True,development pearson_fdr_reject AND pearson_pct_same_sign >= 0.70 AND abs(mean_pearson_ic) >= 0.05
BB14_T10,300,64,-0.18214315596779063,0.11059396801413761,0.9375,9.189877636823584e-20,-0.20178575322212527,0.09674065742533788,0.953125,8.372816850355576e-25,20949.5625,85,"[1, 2, 3, 4, 5, 6, 7, 8, 9, 10, 11, 12, 13, 14, 15, 16, 17, 18, 19, 20, 21, 22, 23, 24, 25, 26, 27, 28, 29, 30, 31, 32, 33, 34, 35, 36, 37, 38, 39, 40, 41, 42, 43, 44, 45, 46, 47, 48, 49, 50, 51, 52, 53, 54, 55, 56, 57, 58, 59, 60, 61, 62, 63, 64, 80, 81, 82, 83, 84, 85]","[65, 66, 67, 68, 69, 70, 71, 72, 73, 74, 75, 76, 77, 78, 79]","[86, 87, 88, 89, 90, 91, 92, 93, 94, 95, 96, 97, 98, 99, 100, 101, 102, 103, 104, 105, 106, 107, 108]",True,5.455502961378949e-19,True,8.76608552059955e-24,True,development pearson_fdr_reject AND pearson_pct_same_sign >= 0.70 AND abs(mean_pearson_ic) >= 0.05
BB14_T11,300,64,-0.18134650340826083,0.11347310731204545,0.9375,3.679342838825773e-19,-0.19996791992747773,0.09729545040361526,0.96875,1.78907964508429e-24,20649.5625,85,"[1, 2, 3, 4, 5, 6, 7, 8, 9, 10, 11, 12, 13, 14, 15, 16, 17, 18, 19, 20, 21, 22, 23, 24, 25, 26, 27, 28, 29, 30, 31, 32, 33, 34, 35, 36, 37, 38, 39, 40, 41, 42, 43, 44, 45, 46, 47, 48, 49, 50, 51, 52, 53, 54, 55, 56, 57, 58, 59, 60, 61, 62, 63, 64, 80, 81, 82, 83, 84, 85]","[65, 66, 67, 68, 69, 70, 71, 72, 73, 74, 75, 76, 77, 78, 79]","[86, 87, 88, 89, 90, 91, 92, 93, 94, 95, 96, 97, 98, 99, 100, 101, 102, 103, 104, 105, 106, 107, 108]",True,1.8888751126512696e-18,True,1.7660075162823646e-23,True,development pearson_fdr_reject AND pearson_pct_same_sign >= 0.70 AND abs(mean_pearson_ic) >= 0.05
BB14_T12,300,64,-0.18400050985266037,0.11628209977298531,0.9375,5.786026592649489e-19,-0.19540745913198604,0.10662269340928762,0.953125,5.598563266649662e-22,18849.5625,85,"[1, 2, 3, 4, 5, 6, 7, 8, 9, 10, 11, 12, 13, 14, 15, 16, 17, 18, 19, 20, 21, 22, 23, 24, 25, 26, 27, 28, 29, 30, 31, 32, 33, 34, 35, 36, 37, 38, 39, 40, 41, 42, 43, 44, 45, 46, 47, 48, 49, 50, 51, 52, 53, 54, 55, 56, 57, 58, 59, 60, 61, 62, 63, 64, 80, 81, 82, 83, 84, 85]","[65, 66, 67, 68, 69, 70, 71, 72, 73, 74, 75, 76, 77, 78, 79]","[86, 87, 88, 89, 90, 91, 92, 93, 94, 95, 96, 97, 98, 99, 100, 101, 102, 103, 104, 105, 106, 107, 108]",True,2.8235482877971732e-18,True,3.5041732040352504e-21,True,development pearson_fdr_reject AND pearson_pct_same_sign >= 0.70 AND abs(mean_pearson_ic) >= 0.05
BB14_T2,300,64,-0.20050116950509136,0.1104714504397099,0.9375,9.002789986661579e-22,-0.21339447700971004,0.09644232692982023,0.96875,3.8687336856442366e-26,22439.5625,85,"[1, 2, 3, 4, 5, 6, 7, 8, 9, 10, 11, 12, 13, 14, 15, 16, 17, 18, 19, 20, 21, 22, 23, 24, 25, 26, 27, 28, 29, 30, 31, 32, 33, 34, 35, 36, 37, 38, 39, 40, 41, 42, 43, 44, 45, 46, 47, 48, 49, 50, 51, 52, 53, 54, 55, 56, 57, 58, 59, 60, 61, 62, 63, 64, 80, 81, 82, 83, 84, 85]","[65, 66, 67, 68, 69, 70, 71, 72, 73, 74, 75, 76, 77, 78, 79]","[86, 87, 88, 89, 90, 91, 92, 93, 94, 95, 96, 97, 98, 99, 100, 101, 102, 103, 104, 105, 106, 107, 108]",True,4.34723843475113e-20,True,1.0747895470353334e-24,True,development pearson_fdr_reject AND pearson_pct_same_sign >= 0.70 AND abs(mean_pearson_ic) >= 0.05
BB14_T3,300,64,-0.1998729093409371,0.11035556830843819,0.9375,9.966881689581802e-22,-0.21268416717676084,0.09625729067105748,0.96875,4.167399587873947e-26,22419.5625,85,"[1, 2, 3, 4, 5, 6, 7, 8, 9, 10, 11, 12, 13, 14, 15, 16, 17, 18, 19, 20, 21, 22, 23, 24, 25, 26, 27, 28, 29, 30, 31, 32, 33, 34, 35, 36, 37, 38, 39, 40, 41, 42, 43, 44, 45, 46, 47, 48, 49, 50, 51, 52, 53, 54, 55, 56, 57, 58, 59, 60, 61, 62, 63, 64, 80, 81, 82, 83, 84, 85]","[65, 66, 67, 68, 69, 70, 71, 72, 73, 74, 75, 76, 77, 78, 79]","[86, 87, 88, 89, 90, 91, 92, 93, 94, 95, 96, 97, 98, 99, 100, 101, 102, 103, 104, 105, 106, 107, 108]",True,4.34723843475113e-20,True,1.0747895470353334e-24,True,development pearson_fdr_reject AND pearson_pct_same_sign >= 0.70 AND abs(mean_pearson_ic) >= 0.05
BB14_T4,300,64,-0.19901057269985706,0.11042599233459686,0.9375,1.2686435084084972e-21,-0.21185413475205594,0.09623332135268449,0.96875,5.0516871196477697e-26,22389.5625,85,"[1, 2, 3, 4, 5, 6, 7, 8, 9, 10, 11, 12, 13, 14, 15, 16, 17, 18, 19, 20, 21, 22, 23, 24, 25, 26, 27, 28, 29, 30, 31, 32, 33, 34, 35, 36, 37, 38, 39, 40, 41, 42, 43, 44, 45, 46, 47, 48, 49, 50, 51, 52, 53, 54, 55, 56, 57, 58, 59, 60, 61, 62, 63, 64, 80, 81, 82, 83, 84, 85]","[65, 66, 67, 68, 69, 70, 71, 72, 73, 74, 75, 76, 77, 78, 79]","[86, 87, 88, 89, 90, 91, 92, 93, 94, 95, 96, 97, 98, 99, 100, 101, 102, 103, 104, 105, 106, 107, 108]",True,4.34723843475113e-20,True,1.0833362106691682e-24,True,development pearson_fdr_reject AND pearson_pct_same_sign >= 0.70 AND abs(mean_pearson_ic) >= 0.05
BB14_T5,300,64,-0.1981108373427391,0.11053267255561541,0.9375,1.6563246414937232e-21,-0.21111555812594396,0.0961477571934117,0.96875,5.791438918527543e-26,22359.5625,85,"[1, 2, 3, 4, 5, 6, 7, 8, 9, 10, 11, 12, 13, 14, 15, 16, 17, 18, 19, 20, 21, 22, 23, 24, 25, 26, 27, 28, 29, 30, 31, 32, 33, 34, 35, 36, 37, 38, 39, 40, 41, 42, 43, 44, 45, 46, 47, 48, 49, 50, 51, 52, 53, 54, 55, 56, 57, 58, 59, 60, 61, 62, 63, 64, 80, 81, 82, 83, 84, 85]","[65, 66, 67, 68, 69, 70, 71, 72, 73, 74, 75, 76, 77, 78, 79]","[86, 87, 88, 89, 90, 91, 92, 93, 94, 95, 96, 97, 98, 99, 100, 101, 102, 103, 104, 105, 106, 107, 108]",True,4.34723843475113e-20,True,1.1166341803855546e-24,True,development pearson_fdr_reject AND pearson_pct_same_sign >= 0.70 AND abs(mean_pearson_ic) >= 0.05
BB14_T6,300,64,-0.19705555392063234,0.11060922906746891,0.9375,2.2177678271108594e-21,-0.21025243867613017,0.09613968394169757,0.96875,7.148027830476664e-26,22329.5625,85,"[1, 2, 3, 4, 5, 6, 7, 8, 9, 10, 11, 12, 13, 14, 15, 16, 17, 18, 19, 20, 21, 22, 23, 24, 25, 26, 27, 28, 29, 30, 31, 32, 33, 34, 35, 36, 37, 38, 39, 40, 41, 42, 43, 44, 45, 46, 47, 48, 49, 50, 51, 52, 53, 54, 55, 56, 57, 58, 59, 60, 61, 62, 63, 64, 80, 81, 82, 83, 84, 85]","[65, 66, 67, 68, 69, 70, 71, 72, 73, 74, 75, 76, 77, 78, 79]","[86, 87, 88, 89, 90, 91, 92, 93, 94, 95, 96, 97, 98, 99, 100, 101, 102, 103, 104, 105, 106, 107, 108]",True,4.34723843475113e-20,True,1.1816476628850179e-24,True,development pearson_fdr_reject AND pearson_pct_same_sign >= 0.70 AND abs(mean_pearson_ic) >= 0.05
BB14_T7,300,64,-0.19341361412338215,0.11262057522897145,0.9375,1.2847627230334767e-20,-0.20710274456326994,0.09747439150340274,0.96875,3.2237294764907704e-25,22149.5625,85,"[1, 2, 3, 4, 5, 6, 7, 8, 9, 10, 11, 12, 13, 14, 15, 16, 17, 18, 19, 20, 21, 22, 23, 24, 25, 26, 27, 28, 29, 30, 31, 32, 33, 34, 35, 36, 37, 38, 39, 40, 41, 42, 43, 44, 45, 46, 47, 48, 49, 50, 51, 52, 53, 54, 55, 56, 57, 58, 59, 60, 61, 62, 63, 64, 80, 81, 82, 83, 84, 85]","[65, 66, 67, 68, 69, 70, 71, 72, 73, 74, 75, 76, 77, 78, 79]","[86, 87, 88, 89, 90, 91, 92, 93, 94, 95, 96, 97, 98, 99, 100, 101, 102, 103, 104, 105, 106, 107, 108]",True,8.686605103876051e-20,True,3.949640191941706e-24,True,development pearson_fdr_reject AND pearson_pct_same_sign >= 0.70 AND abs(mean_pearson_ic) >= 0.05
BB14_T8,300,64,-0.18931851682211845,0.11041440708911868,0.9375,1.38718729372215e-20,-0.20471091577047743,0.09512361875273138,0.953125,1.6569964166322193e-25,21849.5625,85,"[1, 2, 3, 4, 5, 6, 7, 8, 9, 10, 11, 12, 13, 14, 15, 16, 17, 18, 19, 20, 21, 22, 23, 24, 25, 26, 27, 28, 29, 30, 31, 32, 33, 34, 35, 36, 37, 38, 39, 40, 41, 42, 43, 44, 45, 46, 47, 48, 49, 50, 51, 52, 53, 54, 55, 56, 57, 58, 59, 60, 61, 62, 63, 64, 80, 81, 82, 83, 84, 85]","[65, 66, 67, 68, 69, 70, 71, 72, 73, 74, 75, 76, 77, 78, 79]","[86, 87, 88, 89, 90, 91, 92, 93, 94, 95, 96, 97, 98, 99, 100, 101, 102, 103, 104, 105, 106, 107, 108]",True,9.244432511989394e-20,True,2.2539065430961882e-24,True,development pearson_fdr_reject AND pearson_pct_same_sign >= 0.70 AND abs(mean_pearson_ic) >= 0.05
BB14_T9,300,64,-0.18582208874015332,0.1133241265321227,0.9375,1.1267316064501315e-19,-0.20183166133057964,0.0952090018389674,0.953125,3.625801908721322e-25,21549.5625,85,"[1, 2, 3, 4, 5, 6, 7, 8, 9, 10, 11, 12, 13, 14, 15, 16, 17, 18, 19, 20, 21, 22, 23, 24, 25, 26, 27, 28, 29, 30, 31, 32, 33, 34, 35, 36, 37, 38, 39, 40, 41, 42, 43, 44, 45, 46, 47, 48, 49, 50, 51, 52, 53, 54, 55, 56, 57, 58, 59, 60, 61, 62, 63, 64, 80, 81, 82, 83, 84, 85]","[65, 66, 67, 68, 69, 70, 71, 72, 73, 74, 75, 76, 77, 78, 79]","[86, 87, 88, 89, 90, 91, 92, 93, 94, 95, 96, 97, 98, 99, 100, 101, 102, 103, 104, 105, 106, 107, 108]",True,6.564684148878928e-19,True,4.364859092206331e-24,True,development pearson_fdr_reject AND pearson_pct_same_sign >= 0.70 AND abs(mean_pearson_ic) >= 0.05
BB15_T1,300,64,-0.200648353248663,0.11038631574503256,0.9375,8.36610656842843e-22,-0.21330361869948666,0.09631490474473606,0.96875,3.6905115193621207e-26,22444.5625,85,"[1, 2, 3, 4, 5, 6, 7, 8, 9, 10, 11, 12, 13, 14, 15, 16, 17, 18, 19, 20, 21, 22, 23, 24, 25, 26, 27, 28, 29, 30, 31, 32, 33, 34, 35, 36, 37, 38, 39, 40, 41, 42, 43, 44, 45, 46, 47, 48, 49, 50, 51, 52, 53, 54, 55, 56, 57, 58, 59, 60, 61, 62, 63, 64, 80, 81, 82, 83, 84, 85]","[65, 66, 67, 68, 69, 70, 71, 72, 73, 74, 75, 76, 77, 78, 79]","[86, 87, 88, 89, 90, 91, 92, 93, 94, 95, 96, 97, 98, 99, 100, 101, 102, 103, 104, 105, 106, 107, 108]",True,4.34723843475113e-20,True,1.0747895470353334e-24,True,development pearson_fdr_reject AND pearson_pct_same_sign >= 0.70 AND abs(mean_pearson_ic) >= 0.05
BB15_T10,300,64,-0.1821258892671211,0.11056737056457157,0.9375,9.127840443364703e-20,-0.2013355513167675,0.09651653104980146,0.953125,8.335827332797418e-25,20949.5625,85,"[1, 2, 3, 4, 5, 6, 7, 8, 9, 10, 11, 12, 13, 14, 15, 16, 17, 18, 19, 20, 21, 22, 23, 24, 25, 26, 27, 28, 29, 30, 31, 32, 33, 34, 35, 36, 37, 38, 39, 40, 41, 42, 43, 44, 45, 46, 47, 48, 49, 50, 51, 52, 53, 54, 55, 56, 57, 58, 59, 60, 61, 62, 63, 64, 80, 81, 82, 83, 84, 85]","[65, 66, 67, 68, 69, 70, 71, 72, 73, 74, 75, 76, 77, 78, 79]","[86, 87, 88, 89, 90, 91, 92, 93, 94, 95, 96, 97, 98, 99, 100, 101, 102, 103, 104, 105, 106, 107, 108]",True,5.428001502895878e-19,True,8.753885542496985e-24,True,development pearson_fdr_reject AND pearson_pct_same_sign >= 0.70 AND abs(mean_pearson_ic) >= 0.05
BB15_T11,300,64,-0.1813673863253306,0.11335114848124443,0.9375,3.484282627732418e-19,-0.19949645422642298,0.0970176500615748,0.96875,1.7438964028966575e-24,20649.5625,85,"[1, 2, 3, 4, 5, 6, 7, 8, 9, 10, 11, 12, 13, 14, 15, 16, 17, 18, 19, 20, 21, 22, 23, 24, 25, 26, 27, 28, 29, 30, 31, 32, 33, 34, 35, 36, 37, 38, 39, 40, 41, 42, 43, 44, 45, 46, 47, 48, 49, 50, 51, 52, 53, 54, 55, 56, 57, 58, 59, 60, 61, 62, 63, 64, 80, 81, 82, 83, 84, 85]","[65, 66, 67, 68, 69, 70, 71, 72, 73, 74, 75, 76, 77, 78, 79]","[86, 87, 88, 89, 90, 91, 92, 93, 94, 95, 96, 97, 98, 99, 100, 101, 102, 103, 104, 105, 106, 107, 108]",True,1.810255109596316e-18,True,1.7313684114965377e-23,True,development pearson_fdr_reject AND pearson_pct_same_sign >= 0.70 AND abs(mean_pearson_ic) >= 0.05
BB15_T12,300,64,-0.18409687820742482,0.11626353333252146,0.9375,5.6089080193748855e-19,-0.19520794269194594,0.10655643606270451,0.953125,5.709210632556446e-22,18849.5625,85,"[1, 2, 3, 4, 5, 6, 7, 8, 9, 10, 11, 12, 13, 14, 15, 16, 17, 18, 19, 20, 21, 22, 23, 24, 25, 26, 27, 28, 29, 30, 31, 32, 33, 34, 35, 36, 37, 38, 39, 40, 41, 42, 43, 44, 45, 46, 47, 48, 49, 50, 51, 52, 53, 54, 55, 56, 57, 58, 59, 60, 61, 62, 63, 64, 80, 81, 82, 83, 84, 85]","[65, 66, 67, 68, 69, 70, 71, 72, 73, 74, 75, 76, 77, 78, 79]","[86, 87, 88, 89, 90, 91, 92, 93, 94, 95, 96, 97, 98, 99, 100, 101, 102, 103, 104, 105, 106, 107, 108]",True,2.7526672168949192e-18,True,3.566966136615284e-21,True,development pearson_fdr_reject AND pearson_pct_same_sign >= 0.70 AND abs(mean_pearson_ic) >= 0.05
BB15_T2,300,64,-0.20047604909649747,0.11032419422151878,0.9375,8.48779541855722e-22,-0.2131560145492269,0.09624960855496159,0.96875,3.693242596293789e-26,22439.5625,85,"[1, 2, 3, 4, 5, 6, 7, 8, 9, 10, 11, 12, 13, 14, 15, 16, 17, 18, 19, 20, 21, 22, 23, 24, 25, 26, 27, 28, 29, 30, 31, 32, 33, 34, 35, 36, 37, 38, 39, 40, 41, 42, 43, 44, 45, 46, 47, 48, 49, 50, 51, 52, 53, 54, 55, 56, 57, 58, 59, 60, 61, 62, 63, 64, 80, 81, 82, 83, 84, 85]","[65, 66, 67, 68, 69, 70, 71, 72, 73, 74, 75, 76, 77, 78, 79]","[86, 87, 88, 89, 90, 91, 92, 93, 94, 95, 96, 97, 98, 99, 100, 101, 102, 103, 104, 105, 106, 107, 108]",True,4.34723843475113e-20,True,1.0747895470353334e-24,True,development pearson_fdr_reject AND pearson_pct_same_sign >= 0.70 AND abs(mean_pearson_ic) >= 0.05
BB15_T3,300,64,-0.19978447924801102,0.11011911117263458,0.9375,9.173877285020585e-22,-0.21241778593455712,0.09601546494926029,0.96875,3.899699403864799e-26,22419.5625,85,"[1, 2, 3, 4, 5, 6, 7, 8, 9, 10, 11, 12, 13, 14, 15, 16, 17, 18, 19, 20, 21, 22, 23, 24, 25, 26, 27, 28, 29, 30, 31, 32, 33, 34, 35, 36, 37, 38, 39, 40, 41, 42, 43, 44, 45, 46, 47, 48, 49, 50, 51, 52, 53, 54, 55, 56, 57, 58, 59, 60, 61, 62, 63, 64, 80, 81, 82, 83, 84, 85]","[65, 66, 67, 68, 69, 70, 71, 72, 73, 74, 75, 76, 77, 78, 79]","[86, 87, 88, 89, 90, 91, 92, 93, 94, 95, 96, 97, 98, 99, 100, 101, 102, 103, 104, 105, 106, 107, 108]",True,4.34723843475113e-20,True,1.0747895470353334e-24,True,development pearson_fdr_reject AND pearson_pct_same_sign >= 0.70 AND abs(mean_pearson_ic) >= 0.05
BB15_T4,300,64,-0.198872669755142,0.11011023605455096,0.9375,1.1416570970228362e-21,-0.2115602000354332,0.09590241594308829,0.96875,4.534365875946315e-26,22389.5625,85,"[1, 2, 3, 4, 5, 6, 7, 8, 9, 10, 11, 12, 13, 14, 15, 16, 17, 18, 19, 20, 21, 22, 23, 24, 25, 26, 27, 28, 29, 30, 31, 32, 33, 34, 35, 36, 37, 38, 39, 40, 41, 42, 43, 44, 45, 46, 47, 48, 49, 50, 51, 52, 53, 54, 55, 56, 57, 58, 59, 60, 61, 62, 63, 64, 80, 81, 82, 83, 84, 85]","[65, 66, 67, 68, 69, 70, 71, 72, 73, 74, 75, 76, 77, 78, 79]","[86, 87, 88, 89, 90, 91, 92, 93, 94, 95, 96, 97, 98, 99, 100, 101, 102, 103, 104, 105, 106, 107, 108]",True,4.34723843475113e-20,True,1.0747895470353334e-24,True,development pearson_fdr_reject AND pearson_pct_same_sign >= 0.70 AND abs(mean_pearson_ic) >= 0.05
BB15_T5,300,64,-0.19792440282949544,0.11016300674905724,0.9375,1.4738059331142532e-21,-0.21080635520942154,0.0957674234729499,0.96875,5.079608281574682e-26,22359.5625,85,"[1, 2, 3, 4, 5, 6, 7, 8, 9, 10, 11, 12, 13, 14, 15, 16, 17, 18, 19, 20, 21, 22, 23, 24, 25, 26, 27, 28, 29, 30, 31, 32, 33, 34, 35, 36, 37, 38, 39, 40, 41, 42, 43, 44, 45, 46, 47, 48, 49, 50, 51, 52, 53, 54, 55, 56, 57, 58, 59, 60, 61, 62, 63, 64, 80, 81, 82, 83, 84, 85]","[65, 66, 67, 68, 69, 70, 71, 72, 73, 74, 75, 76, 77, 78, 79]","[86, 87, 88, 89, 90, 91, 92, 93, 94, 95, 96, 97, 98, 99, 100, 101, 102, 103, 104, 105, 106, 107, 108]",True,4.34723843475113e-20,True,1.0833362106691682e-24,True,development pearson_fdr_reject AND pearson_pct_same_sign >= 0.70 AND abs(mean_pearson_ic) >= 0.05
BB15_T6,300,64,-0.1968375334233835,0.11020657722457496,0.9375,1.961510392589952e-21,-0.20992111845593647,0.09574756679342998,0.96875,6.266605221452631e-26,22329.5625,85,"[1, 2, 3, 4, 5, 6, 7, 8, 9, 10, 11, 12, 13, 14, 15, 16, 17, 18, 19, 20, 21, 22, 23, 24, 25, 26, 27, 28, 29, 30, 31, 32, 33, 34, 35, 36, 37, 38, 39, 40, 41, 42, 43, 44, 45, 46, 47, 48, 49, 50, 51, 52, 53, 54, 55, 56, 57, 58, 59, 60, 61, 62, 63, 64, 80, 81, 82, 83, 84, 85]","[65, 66, 67, 68, 69, 70, 71, 72, 73, 74, 75, 76, 77, 78, 79]","[86, 87, 88, 89, 90, 91, 92, 93, 94, 95, 96, 97, 98, 99, 100, 101, 102, 103, 104, 105, 106, 107, 108]",True,4.34723843475113e-20,True,1.1166341803855546e-24,True,development pearson_fdr_reject AND pearson_pct_same_sign >= 0.70 AND abs(mean_pearson_ic) >= 0.05
BB15_T7,300,64,-0.193156238174996,0.11219214770791114,0.9375,1.1419888742753809e-20,-0.20669799081924972,0.09688911440842188,0.953125,2.610062564004982e-25,22149.5625,85,"[1, 2, 3, 4, 5, 6, 7, 8, 9, 10, 11, 12, 13, 14, 15, 16, 17, 18, 19, 20, 21, 22, 23, 24, 25, 26, 27, 28, 29, 30, 31, 32, 33, 34, 35, 36, 37, 38, 39, 40, 41, 42, 43, 44, 45, 46, 47, 48, 49, 50, 51, 52, 53, 54, 55, 56, 57, 58, 59, 60, 61, 62, 63, 64, 80, 81, 82, 83, 84, 85]","[65, 66, 67, 68, 69, 70, 71, 72, 73, 74, 75, 76, 77, 78, 79]","[86, 87, 88, 89, 90, 91, 92, 93, 94, 95, 96, 97, 98, 99, 100, 101, 102, 103, 104, 105, 106, 107, 108]",True,7.828515001233017e-20,True,3.279187694049896e-24,True,development pearson_fdr_reject AND pearson_pct_same_sign >= 0.70 AND abs(mean_pearson_ic) >= 0.05
BB15_T8,300,64,-0.18910958839677033,0.11025151037697442,0.9375,1.362906139542475e-20,-0.20441771198936448,0.09490015621077924,0.953125,1.5795098887827456e-25,21849.5625,85,"[1, 2, 3, 4, 5, 6, 7, 8, 9, 10, 11, 12, 13, 14, 15, 16, 17, 18, 19, 20, 21, 22, 23, 24, 25, 26, 27, 28, 29, 30, 31, 32, 33, 34, 35, 36, 37, 38, 39, 40, 41, 42, 43, 44, 45, 46, 47, 48, 49, 50, 51, 52, 53, 54, 55, 56, 57, 58, 59, 60, 61, 62, 63, 64, 80, 81, 82, 83, 84, 85]","[65, 66, 67, 68, 69, 70, 71, 72, 73, 74, 75, 76, 77, 78, 79]","[86, 87, 88, 89, 90, 91, 92, 93, 94, 95, 96, 97, 98, 99, 100, 101, 102, 103, 104, 105, 106, 107, 108]",True,9.16116870062111e-20,True,2.1684734481888257e-24,True,development pearson_fdr_reject AND pearson_pct_same_sign >= 0.70 AND abs(mean_pearson_ic) >= 0.05
BB15_T9,300,64,-0.18569520359022973,0.11347122426121697,0.9375,1.2350410191342335e-19,-0.2017499173389219,0.09533881904208588,0.953125,3.9737291400975864e-25,21549.5625,85,"[1, 2, 3, 4, 5, 6, 7, 8, 9, 10, 11, 12, 13, 14, 15, 16, 17, 18, 19, 20, 21, 22, 23, 24, 25, 26, 27, 28, 29, 30, 31, 32, 33, 34, 35, 36, 37, 38, 39, 40, 41, 42, 43, 44, 45, 46, 47, 48, 49, 50, 51, 52, 53, 54, 55, 56, 57, 58, 59, 60, 61, 62, 63, 64, 80, 81, 82, 83, 84, 85]","[65, 66, 67, 68, 69, 70, 71, 72, 73, 74, 75, 76, 77, 78, 79]","[86, 87, 88, 89, 90, 91, 92, 93, 94, 95, 96, 97, 98, 99, 100, 101, 102, 103, 104, 105, 106, 107, 108]",True,7.111777868514628e-19,True,4.6698075438901905e-24,True,development pearson_fdr_reject AND pearson_pct_same_sign >= 0.70 AND abs(mean_pearson_ic) >= 0.05
BB16,300,64,-0.19116658691213068,0.10789151846473327,0.953125,2.8866959688815458e-21,-0.16835946622882034,0.0928768166445761,0.953125,9.561323948853097e-22,22449.5625,85,"[1, 2, 3, 4, 5, 6, 7, 8, 9, 10, 11, 12, 13, 14, 15, 16, 17, 18, 19, 20, 21, 22, 23, 24, 25, 26, 27, 28, 29, 30, 31, 32, 33, 34, 35, 36, 37, 38, 39, 40, 41, 42, 43, 44, 45, 46, 47, 48, 49, 50, 51, 52, 53, 54, 55, 56, 57, 58, 59, 60, 61, 62, 63, 64, 80, 81, 82, 83, 84, 85]","[65, 66, 67, 68, 69, 70, 71, 72, 73, 74, 75, 76, 77, 78, 79]","[86, 87, 88, 89, 90, 91, 92, 93, 94, 95, 96, 97, 98, 99, 100, 101, 102, 103, 104, 105, 106, 107, 108]",True,4.34723843475113e-20,True,5.815910958325256e-21,True,development pearson_fdr_reject AND pearson_pct_same_sign >= 0.70 AND abs(mean_pearson_ic) >= 0.05
BB17,300,64,-0.18584046664520065,0.10325077797652497,0.96875,1.3502943200497254e-21,-0.17566570146799199,0.08402851452697631,0.984375,7.453996604922848e-25,22449.5625,85,"[1, 2, 3, 4, 5, 6, 7, 8, 9, 10, 11, 12, 13, 14, 15, 16, 17, 18, 19, 20, 21, 22, 23, 24, 25, 26, 27, 28, 29, 30, 31, 32, 33, 34, 35, 36, 37, 38, 39, 40, 41, 42, 43, 44, 45, 46, 47, 48, 49, 50, 51, 52, 53, 54, 55, 56, 57, 58, 59, 60, 61, 62, 63, 64, 80, 81, 82, 83, 84, 85]","[65, 66, 67, 68, 69, 70, 71, 72, 73, 74, 75, 76, 77, 78, 79]","[86, 87, 88, 89, 90, 91, 92, 93, 94, 95, 96, 97, 98, 99, 100, 101, 102, 103, 104, 105, 106, 107, 108]",True,4.34723843475113e-20,True,7.948629095681618e-24,True,development pearson_fdr_reject AND pearson_pct_same_sign >= 0.70 AND abs(mean_pearson_ic) >= 0.05
BB18,300,64,-0.1781792147105456,0.12152689952041533,0.9375,1.7246576380343225e-17,-0.16537973660454303,0.09335034904136857,0.96875,2.905440473946698e-21,22449.5625,85,"[1, 2, 3, 4, 5, 6, 7, 8, 9, 10, 11, 12, 13, 14, 15, 16, 17, 18, 19, 20, 21, 22, 23, 24, 25, 26, 27, 28, 29, 30, 31, 32, 33, 34, 35, 36, 37, 38, 39, 40, 41, 42, 43, 44, 45, 46, 47, 48, 49, 50, 51, 52, 53, 54, 55, 56, 57, 58, 59, 60, 61, 62, 63, 64, 80, 81, 82, 83, 84, 85]","[65, 66, 67, 68, 69, 70, 71, 72, 73, 74, 75, 76, 77, 78, 79]","[86, 87, 88, 89, 90, 91, 92, 93, 94, 95, 96, 97, 98, 99, 100, 101, 102, 103, 104, 105, 106, 107, 108]",True,7.205190011376766e-17,True,1.7218347920215852e-20,True,development pearson_fdr_reject AND pearson_pct_same_sign >= 0.70 AND abs(mean_pearson_ic) >= 0.05
BB19,300,64,-0.13420310396081392,0.10941179055858924,0.90625,2.6058699599890303e-14,-0.12960210857053103,0.11649731215789345,0.828125,9.649858162867706e-13,22449.5625,85,"[1, 2, 3, 4, 5, 6, 7, 8, 9, 10, 11, 12, 13, 14, 15, 16, 17, 18, 19, 20, 21, 22, 23, 24, 25, 26, 27, 28, 29, 30, 31, 32, 33, 34, 35, 36, 37, 38, 39, 40, 41, 42, 43, 44, 45, 46, 47, 48, 49, 50, 51, 52, 53, 54, 55, 56, 57, 58, 59, 60, 61, 62, 63, 64, 80, 81, 82, 83, 84, 85]","[65, 66, 67, 68, 69, 70, 71, 72, 73, 74, 75, 76, 77, 78, 79]","[86, 87, 88, 89, 90, 91, 92, 93, 94, 95, 96, 97, 98, 99, 100, 101, 102, 103, 104, 105, 106, 107, 108]",True,1.0336717235088519e-13,True,3.4020673421130533e-12,True,development pearson_fdr_reject AND pearson_pct_same_sign >= 0.70 AND abs(mean_pearson_ic) >= 0.05
BB1_T1,300,64,-0.20072818901968437,0.1104942828381343,0.9375,8.605963143990757e-22,-0.21351245373124228,0.09644725948213985,0.96875,3.767966604139185e-26,22449.5625,85,"[1, 2, 3, 4, 5, 6, 7, 8, 9, 10, 11, 12, 13, 14, 15, 16, 17, 18, 19, 20, 21, 22, 23, 24, 25, 26, 27, 28, 29, 30, 31, 32, 33, 34, 35, 36, 37, 38, 39, 40, 41, 42, 43, 44, 45, 46, 47, 48, 49, 50, 51, 52, 53, 54, 55, 56, 57, 58, 59, 60, 61, 62, 63, 64, 80, 81, 82, 83, 84, 85]","[65, 66, 67, 68, 69, 70, 71, 72, 73, 74, 75, 76, 77, 78, 79]","[86, 87, 88, 89, 90, 91, 92, 93, 94, 95, 96, 97, 98, 99, 100, 101, 102, 103, 104, 105, 106, 107, 108]",True,4.34723843475113e-20,True,1.0747895470353334e-24,True,development pearson_fdr_reject AND pearson_pct_same_sign >= 0.70 AND abs(mean_pearson_ic) >= 0.05
BB1_T10,300,64,-0.1770552558932043,0.10096179448934095,0.953125,4.736234503238298e-21,-0.18836748452451102,0.08828905392988878,0.96875,2.59828128852343e-25,22449.5625,85,"[1, 2, 3, 4, 5, 6, 7, 8, 9, 10, 11, 12, 13, 14, 15, 16, 17, 18, 19, 20, 21, 22, 23, 24, 25, 26, 27, 28, 29, 30, 31, 32, 33, 34, 35, 36, 37, 38, 39, 40, 41, 42, 43, 44, 45, 46, 47, 48, 49, 50, 51, 52, 53, 54, 55, 56, 57, 58, 59, 60, 61, 62, 63, 64, 80, 81, 82, 83, 84, 85]","[65, 66, 67, 68, 69, 70, 71, 72, 73, 74, 75, 76, 77, 78, 79]","[86, 87, 88, 89, 90, 91, 92, 93, 94, 95, 96, 97, 98, 99, 100, 101, 102, 103, 104, 105, 106, 107, 108]",True,4.74021251594341e-20,True,3.276299945930092e-24,True,development pearson_fdr_reject AND pearson_pct_same_sign >= 0.70 AND abs(mean_pearson_ic) >= 0.05
BB1_T11,300,64,-0.174890882320344,0.10146775237526097,0.953125,1.0820033802183719e-20,-0.1862218593924756,0.08705046551560926,0.96875,2.261246990742796e-25,22449.5625,85,"[1, 2, 3, 4, 5, 6, 7, 8, 9, 10, 11, 12, 13, 14, 15, 16, 17, 18, 19, 20, 21, 22, 23, 24, 25, 26, 27, 28, 29, 30, 31, 32, 33, 34, 35, 36, 37, 38, 39, 40, 41, 42, 43, 44, 45, 46, 47, 48, 49, 50, 51, 52, 53, 54, 55, 56, 57, 58, 59, 60, 61, 62, 63, 64, 80, 81, 82, 83, 84, 85]","[65, 66, 67, 68, 69, 70, 71, 72, 73, 74, 75, 76, 77, 78, 79]","[86, 87, 88, 89, 90, 91, 92, 93, 94, 95, 96, 97, 98, 99, 100, 101, 102, 103, 104, 105, 106, 107, 108]",True,7.446855933574652e-20,True,2.9260705442008842e-24,True,development pearson_fdr_reject AND pearson_pct_same_sign >= 0.70 AND abs(mean_pearson_ic) >= 0.05
BB1_T12,300,64,-0.16938929526906893,0.10363835733894672,0.953125,1.3095702826978935e-19,-0.17639797137805294,0.0867417027261164,0.96875,3.0770929764845017e-24,22449.5625,85,"[1, 2, 3, 4, 5, 6, 7, 8, 9, 10, 11, 12, 13, 14, 15, 16, 17, 18, 19, 20, 21, 22, 23, 24, 25, 26, 27, 28, 29, 30, 31, 32, 33, 34, 35, 36, 37, 38, 39, 40, 41, 42, 43, 44, 45, 46, 47, 48, 49, 50, 51, 52, 53, 54, 55, 56, 57, 58, 59, 60, 61, 62, 63, 64, 80, 81, 82, 83, 84, 85]","[65, 66, 67, 68, 69, 70, 71, 72, 73, 74, 75, 76, 77, 78, 79]","[86, 87, 88, 89, 90, 91, 92, 93, 94, 95, 96, 97, 98, 99, 100, 101, 102, 103, 104, 105, 106, 107, 108]",True,7.528394886391385e-19,True,2.920702262020317e-23,True,development pearson_fdr_reject AND pearson_pct_same_sign >= 0.70 AND abs(mean_pearson_ic) >= 0.05
BB1_T2,300,64,-0.20055718631144437,0.11046024706159596,0.9375,8.837285287264913e-22,-0.21320955663283447,0.09641820527488415,0.96875,3.996330554901194e-26,22449.5625,85,"[1, 2, 3, 4, 5, 6, 7, 8, 9, 10, 11, 12, 13, 14, 15, 16, 17, 18, 19, 20, 21, 22, 23, 24, 25, 26, 27, 28, 29, 30, 31, 32, 33, 34, 35, 36, 37, 38, 39, 40, 41, 42, 43, 44, 45, 46, 47, 48, 49, 50, 51, 52, 53, 54, 55, 56, 57, 58, 59, 60, 61, 62, 63, 64, 80, 81, 82, 83, 84, 85]","[65, 66, 67, 68, 69, 70, 71, 72, 73, 74, 75, 76, 77, 78, 79]","[86, 87, 88, 89, 90, 91, 92, 93, 94, 95, 96, 97, 98, 99, 100, 101, 102, 103, 104, 105, 106, 107, 108]",True,4.34723843475113e-20,True,1.0747895470353334e-24,True,development pearson_fdr_reject AND pearson_pct_same_sign >= 0.70 AND abs(mean_pearson_ic) >= 0.05
BB1_T3,300,64,-0.1999315194577663,0.1103616629647524,0.9375,9.852081999998213e-22,-0.21220393157618933,0.09629916233022284,0.96875,4.801762679765926e-26,22449.5625,85,"[1, 2, 3, 4, 5, 6, 7, 8, 9, 10, 11, 12, 13, 14, 15, 16, 17, 18, 19, 20, 21, 22, 23, 24, 25, 26, 27, 28, 29, 30, 31, 32, 33, 34, 35, 36, 37, 38, 39, 40, 41, 42, 43, 44, 45, 46, 47, 48, 49, 50, 51, 52, 53, 54, 55, 56, 57, 58, 59, 60, 61, 62, 63, 64, 80, 81, 82, 83, 84, 85]","[65, 66, 67, 68, 69, 70, 71, 72, 73, 74, 75, 76, 77, 78, 79]","[86, 87, 88, 89, 90, 91, 92, 93, 94, 95, 96, 97, 98, 99, 100, 101, 102, 103, 104, 105, 106, 107, 108]",True,4.34723843475113e-20,True,1.0747895470353334e-24,True,development pearson_fdr_reject AND pearson_pct_same_sign >= 0.70 AND abs(mean_pearson_ic) >= 0.05
BB1_T4,300,64,-0.19900554511736718,0.11021178538950648,0.9375,1.1558369210752462e-21,-0.2107942952853076,0.09611317656352474,0.953125,6.155917997883822e-26,22449.5625,85,"[1, 2, 3, 4, 5, 6, 7, 8, 9, 10, 11, 12, 13, 14, 15, 16, 17, 18, 19, 20, 21, 22, 23, 24, 25, 26, 27, 28, 29, 30, 31, 32, 33, 34, 35, 36, 37, 38, 39, 40, 41, 42, 43, 44, 45, 46, 47, 48, 49, 50, 51, 52, 53, 54, 55, 56, 57, 58, 59, 60, 61, 62, 63, 64, 80, 81, 82, 83, 84, 85]","[65, 66, 67, 68, 69, 70, 71, 72, 73, 74, 75, 76, 77, 78, 79]","[86, 87, 88, 89, 90, 91, 92, 93, 94, 95, 96, 97, 98, 99, 100, 101, 102, 103, 104, 105, 106, 107, 108]",True,4.34723843475113e-20,True,1.1166341803855546e-24,True,development pearson_fdr_reject AND pearson_pct_same_sign >= 0.70 AND abs(mean_pearson_ic) >= 0.05
BB1_T5,300,64,-0.19811998458198546,0.11012772330557616,0.9375,1.3831836462003153e-21,-0.2095735472368664,0.09592835190429352,0.953125,7.545846594492353e-26,22449.5625,85,"[1, 2, 3, 4, 5, 6, 7, 8, 9, 10, 11, 12, 13, 14, 15, 16, 17, 18, 19, 20, 21, 22, 23, 24, 25, 26, 27, 28, 29, 30, 31, 32, 33, 34, 35, 36, 37, 38, 39, 40, 41, 42, 43, 44, 45, 46, 47, 48, 49, 50, 51, 52, 53, 54, 55, 56, 57, 58, 59, 60, 61, 62, 63, 64, 80, 81, 82, 83, 84, 85]","[65, 66, 67, 68, 69, 70, 71, 72, 73, 74, 75, 76, 77, 78, 79]","[86, 87, 88, 89, 90, 91, 92, 93, 94, 95, 96, 97, 98, 99, 100, 101, 102, 103, 104, 105, 106, 107, 108]",True,4.34723843475113e-20,True,1.2182019619356192e-24,True,development pearson_fdr_reject AND pearson_pct_same_sign >= 0.70 AND abs(mean_pearson_ic) >= 0.05
BB1_T6,300,64,-0.19733198003040336,0.11010747134481436,0.9375,1.6631526677045914e-21,-0.2085328257952636,0.09578123838993464,0.953125,9.036834487228807e-26,22449.5625,85,"[1, 2, 3, 4, 5, 6, 7, 8, 9, 10, 11, 12, 13, 14, 15, 16, 17, 18, 19, 20, 21, 22, 23, 24, 25, 26, 27, 28, 29, 30, 31, 32, 33, 34, 35, 36, 37, 38, 39, 40, 41, 42, 43, 44, 45, 46, 47, 48, 49, 50, 51, 52, 53, 54, 55, 56, 57, 58, 59, 60, 61, 62, 63, 64, 80, 81, 82, 83, 84, 85]","[65, 66, 67, 68, 69, 70, 71, 72, 73, 74, 75, 76, 77, 78, 79]","[86, 87, 88, 89, 90, 91, 92, 93, 94, 95, 96, 97, 98, 99, 100, 101, 102, 103, 104, 105, 106, 107, 108]",True,4.34723843475113e-20,True,1.393851033632836e-24,True,development pearson_fdr_reject AND pearson_pct_same_sign >= 0.70 AND abs(mean_pearson_ic) >= 0.05
BB1_T7,300,64,-0.19282999569437148,0.11013415640580355,0.9375,5.116253964603968e-21,-0.20306284092131538,0.09566175261426478,0.953125,3.382818811218718e-25,22449.5625,85,"[1, 2, 3, 4, 5, 6, 7, 8, 9, 10, 11, 12, 13, 14, 15, 16, 17, 18, 19, 20, 21, 22, 23, 24, 25, 26, 27, 28, 29, 30, 31, 32, 33, 34, 35, 36, 37, 38, 39, 40, 41, 42, 43, 44, 45, 46, 47, 48, 49, 50, 51, 52, 53, 54, 55, 56, 57, 58, 59, 60, 61, 62, 63, 64, 80, 81, 82, 83, 84, 85]","[65, 66, 67, 68, 69, 70, 71, 72, 73, 74, 75, 76, 77, 78, 79]","[86, 87, 88, 89, 90, 91, 92, 93, 94, 95, 96, 97, 98, 99, 100, 101, 102, 103, 104, 105, 106, 107, 108]",True,4.74021251594341e-20,True,4.115365842521362e-24,True,development pearson_fdr_reject AND pearson_pct_same_sign >= 0.70 AND abs(mean_pearson_ic) >= 0.05
BB1_T8,300,64,-0.18641793837158138,0.1084429254460995,0.9375,1.2274748864762395e-20,-0.19543388289013724,0.09621344079866342,0.953125,3.263993801139677e-24,22449.5625,85,"[1, 2, 3, 4, 5, 6, 7, 8, 9, 10, 11, 12, 13, 14, 15, 16, 17, 18, 19, 20, 21, 22, 23, 24, 25, 26, 27, 28, 29, 30, 31, 32, 33, 34, 35, 36, 37, 38, 39, 40, 41, 42, 43, 44, 45, 46, 47, 48, 49, 50, 51, 52, 53, 54, 55, 56, 57, 58, 59, 60, 61, 62, 63, 64, 80, 81, 82, 83, 84, 85]","[65, 66, 67, 68, 69, 70, 71, 72, 73, 74, 75, 76, 77, 78, 79]","[86, 87, 88, 89, 90, 91, 92, 93, 94, 95, 96, 97, 98, 99, 100, 101, 102, 103, 104, 105, 106, 107, 108]",True,8.331877667535182e-20,True,3.0727789054325845e-23,True,development pearson_fdr_reject AND pearson_pct_same_sign >= 0.70 AND abs(mean_pearson_ic) >= 0.05
BB1_T9,300,64,-0.18265810375093966,0.10559804043709323,0.9375,9.135562183318107e-21,-0.1929204543614529,0.09413002523382728,0.953125,2.0655459295396483e-24,22449.5625,85,"[1, 2, 3, 4, 5, 6, 7, 8, 9, 10, 11, 12, 13, 14, 15, 16, 17, 18, 19, 20, 21, 22, 23, 24, 25, 26, 27, 28, 29, 30, 31, 32, 33, 34, 35, 36, 37, 38, 39, 40, 41, 42, 43, 44, 45, 46, 47, 48, 49, 50, 51, 52, 53, 54, 55, 56, 57, 58, 59, 60, 61, 62, 63, 64, 80, 81, 82, 83, 84, 85]","[65, 66, 67, 68, 69, 70, 71, 72, 73, 74, 75, 76, 77, 78, 79]","[86, 87, 88, 89, 90, 91, 92, 93, 94, 95, 96, 97, 98, 99, 100, 101, 102, 103, 104, 105, 106, 107, 108]",True,6.507910792446198e-20,True,2.0102707567773196e-23,True,development pearson_fdr_reject AND pearson_pct_same_sign >= 0.70 AND abs(mean_pearson_ic) >= 0.05
BB20,300,64,-0.11699422548904204,0.1435712406973166,0.8125,1.3662738266372703e-08,-0.0843494366224858,0.11597855639120153,0.765625,2.1572003684507863e-07,22449.5625,85,"[1, 2, 3, 4, 5, 6, 7, 8, 9, 10, 11, 12, 13, 14, 15, 16, 17, 18, 19, 20, 21, 22, 23, 24, 25, 26, 27, 28, 29, 30, 31, 32, 33, 34, 35, 36, 37, 38, 39, 40, 41, 42, 43, 44, 45, 46, 47, 48, 49, 50, 51, 52, 53, 54, 55, 56, 57, 58, 59, 60, 61, 62, 63, 64, 80, 81, 82, 83, 84, 85]","[65, 66, 67, 68, 69, 70, 71, 72, 73, 74, 75, 76, 77, 78, 79]","[86, 87, 88, 89, 90, 91, 92, 93, 94, 95, 96, 97, 98, 99, 100, 101, 102, 103, 104, 105, 106, 107, 108]",True,4.627567471073207e-08,True,5.316067955062388e-07,True,development pearson_fdr_reject AND pearson_pct_same_sign >= 0.70 AND abs(mean_pearson_ic) >= 0.05
BB21,300,64,-0.09073303770263366,0.13332476486419126,0.734375,9.114707061637385e-07,-0.08441252536452926,0.14416358464448215,0.671875,1.5445989985547114e-05,22449.5625,85,"[1, 2, 3, 4, 5, 6, 7, 8, 9, 10, 11, 12, 13, 14, 15, 16, 17, 18, 19, 20, 21, 22, 23, 24, 25, 26, 27, 28, 29, 30, 31, 32, 33, 34, 35, 36, 37, 38, 39, 40, 41, 42, 43, 44, 45, 46, 47, 48, 49, 50, 51, 52, 53, 54, 55, 56, 57, 58, 59, 60, 61, 62, 63, 64, 80, 81, 82, 83, 84, 85]","[65, 66, 67, 68, 69, 70, 71, 72, 73, 74, 75, 76, 77, 78, 79]","[86, 87, 88, 89, 90, 91, 92, 93, 94, 95, 96, 97, 98, 99, 100, 101, 102, 103, 104, 105, 106, 107, 108]",True,2.8017182293556197e-06,True,3.0475518200605763e-05,True,development pearson_fdr_reject AND pearson_pct_same_sign >= 0.70 AND abs(mean_pearson_ic) >= 0.05
BB26,300,64,-0.1455119124533459,0.10645904750632551,0.90625,3.4151606756884813e-16,-0.15833001064509705,0.09501403803201704,0.953125,5.31883278754888e-20,22449.5625,85,"[1, 2, 3, 4, 5, 6, 7, 8, 9, 10, 11, 12, 13, 14, 15, 16, 17, 18, 19, 20, 21, 22, 23, 24, 25, 26, 27, 28, 29, 30, 31, 32, 33, 34, 35, 36, 37, 38, 39, 40, 41, 42, 43, 44, 45, 46, 47, 48, 49, 50, 51, 52, 53, 54, 55, 56, 57, 58, 59, 60, 61, 62, 63, 64, 80, 81, 82, 83, 84, 85]","[65, 66, 67, 68, 69, 70, 71, 72, 73, 74, 75, 76, 77, 78, 79]","[86, 87, 88, 89, 90, 91, 92, 93, 94, 95, 96, 97, 98, 99, 100, 101, 102, 103, 104, 105, 106, 107, 108]",True,1.3768238196620424e-15,True,2.884861425585774e-19,True,development pearson_fdr_reject AND pearson_pct_same_sign >= 0.70 AND abs(mean_pearson_ic) >= 0.05
BB3_T12,300,64,-0.0682404659728889,0.12117515475878513,0.75,2.9359572313377013e-05,-0.06710415283641655,0.11458686523912538,0.796875,1.5407928057362862e-05,22449.5625,85,"[1, 2, 3, 4, 5, 6, 7, 8, 9, 10, 11, 12, 13, 14, 15, 16, 17, 18, 19, 20, 21, 22, 23, 24, 25, 26, 27, 28, 29, 30, 31, 32, 33, 34, 35, 36, 37, 38, 39, 40, 41, 42, 43, 44, 45, 46, 47, 48, 49, 50, 51, 52, 53, 54, 55, 56, 57, 58, 59, 60, 61, 62, 63, 64, 80, 81, 82, 83, 84, 85]","[65, 66, 67, 68, 69, 70, 71, 72, 73, 74, 75, 76, 77, 78, 79]","[86, 87, 88, 89, 90, 91, 92, 93, 94, 95, 96, 97, 98, 99, 100, 101, 102, 103, 104, 105, 106, 107, 108]",True,7.784905782250005e-05,True,3.0419652250393535e-05,True,development pearson_fdr_reject AND pearson_pct_same_sign >= 0.70 AND abs(mean_pearson_ic) >= 0.05
BB4_T1,300,64,-0.20066512590662258,0.11045279134120414,0.9375,8.580261082970354e-22,-0.21346015010179153,0.09641323356032518,0.96875,3.7466403683788055e-26,22445.5625,85,"[1, 2, 3, 4, 5, 6, 7, 8, 9, 10, 11, 12, 13, 14, 15, 16, 17, 18, 19, 20, 21, 22, 23, 24, 25, 26, 27, 28, 29, 30, 31, 32, 33, 34, 35, 36, 37, 38, 39, 40, 41, 42, 43, 44, 45, 46, 47, 48, 49, 50, 51, 52, 53, 54, 55, 56, 57, 58, 59, 60, 61, 62, 63, 64, 80, 81, 82, 83, 84, 85]","[65, 66, 67, 68, 69, 70, 71, 72, 73, 74, 75, 76, 77, 78, 79]","[86, 87, 88, 89, 90, 91, 92, 93, 94, 95, 96, 97, 98, 99, 100, 101, 102, 103, 104, 105, 106, 107, 108]",True,4.34723843475113e-20,True,1.0747895470353334e-24,True,development pearson_fdr_reject AND pearson_pct_same_sign >= 0.70 AND abs(mean_pearson_ic) >= 0.05
BB4_T10,300,64,-0.1722718373830529,0.10657472751794717,0.9375,2.1824240654695497e-19,-0.18540710897641574,0.09329855057974573,0.953125,9.938980385112516e-24,20950.5625,85,"[1, 2, 3, 4, 5, 6, 7, 8, 9, 10, 11, 12, 13, 14, 15, 16, 17, 18, 19, 20, 21, 22, 23, 24, 25, 26, 27, 28, 29, 30, 31, 32, 33, 34, 35, 36, 37, 38, 39, 40, 41, 42, 43, 44, 45, 46, 47, 48, 49, 50, 51, 52, 53, 54, 55, 56, 57, 58, 59, 60, 61, 62, 63, 64, 80, 81, 82, 83, 84, 85]","[65, 66, 67, 68, 69, 70, 71, 72, 73, 74, 75, 76, 77, 78, 79]","[86, 87, 88, 89, 90, 91, 92, 93, 94, 95, 96, 97, 98, 99, 100, 101, 102, 103, 104, 105, 106, 107, 108]",True,1.181861308181394e-18,True,8.294487253759358e-23,True,development pearson_fdr_reject AND pearson_pct_same_sign >= 0.70 AND abs(mean_pearson_ic) >= 0.05
BB4_T11,300,64,-0.17061204130267765,0.10989572035898271,0.9375,1.3706784943494383e-18,-0.18260566413119156,0.09309800558347468,0.96875,1.9231505985213813e-23,20650.5625,85,"[1, 2, 3, 4, 5, 6, 7, 8, 9, 10, 11, 12, 13, 14, 15, 16, 17, 18, 19, 20, 21, 22, 23, 24, 25, 26, 27, 28, 29, 30, 31, 32, 33, 34, 35, 36, 37, 38, 39, 40, 41, 42, 43, 44, 45, 46, 47, 48, 49, 50, 51, 52, 53, 54, 55, 56, 57, 58, 59, 60, 61, 62, 63, 64, 80, 81, 82, 83, 84, 85]","[65, 66, 67, 68, 69, 70, 71, 72, 73, 74, 75, 76, 77, 78, 79]","[86, 87, 88, 89, 90, 91, 92, 93, 94, 95, 96, 97, 98, 99, 100, 101, 102, 103, 104, 105, 106, 107, 108]",True,6.2558708031404354e-18,True,1.5452291436956679e-22,True,development pearson_fdr_reject AND pearson_pct_same_sign >= 0.70 AND abs(mean_pearson_ic) >= 0.05
BB4_T12,300,64,-0.1695766869641776,0.11161015276741405,0.953125,3.5967702350993584e-18,-0.1746975752900674,0.09959920316815886,0.953125,4.69496508371743e-21,18850.5625,85,"[1, 2, 3, 4, 5, 6, 7, 8, 9, 10, 11, 12, 13, 14, 15, 16, 17, 18, 19, 20, 21, 22, 23, 24, 25, 26, 27, 28, 29, 30, 31, 32, 33, 34, 35, 36, 37, 38, 39, 40, 41, 42, 43, 44, 45, 46, 47, 48, 49, 50, 51, 52, 53, 54, 55, 56, 57, 58, 59, 60, 61, 62, 63, 64, 80, 81, 82, 83, 84, 85]","[65, 66, 67, 68, 69, 70, 71, 72, 73, 74, 75, 76, 77, 78, 79]","[86, 87, 88, 89, 90, 91, 92, 93, 94, 95, 96, 97, 98, 99, 100, 101, 102, 103, 104, 105, 106, 107, 108]",True,1.5533551452835356e-17,True,2.7540075321296643e-20,True,development pearson_fdr_reject AND pearson_pct_same_sign >= 0.70 AND abs(mean_pearson_ic) >= 0.05
BB4_T2,300,64,-0.20044793805497663,0.1103623549993352,0.9375,8.691311675119186e-22,-0.21312437361799744,0.0963223641646537,0.96875,3.8731927206874156e-26,22440.5625,85,"[1, 2, 3, 4, 5, 6, 7, 8, 9, 10, 11, 12, 13, 14, 15, 16, 17, 18, 19, 20, 21, 22, 23, 24, 25, 26, 27, 28, 29, 30, 31, 32, 33, 34, 35, 36, 37, 38, 39, 40, 41, 42, 43, 44, 45, 46, 47, 48, 49, 50, 51, 52, 53, 54, 55, 56, 57, 58, 59, 60, 61, 62, 63, 64, 80, 81, 82, 83, 84, 85]","[65, 66, 67, 68, 69, 70, 71, 72, 73, 74, 75, 76, 77, 78, 79]","[86, 87, 88, 89, 90, 91, 92, 93, 94, 95, 96, 97, 98, 99, 100, 101, 102, 103, 104, 105, 106, 107, 108]",True,4.34723843475113e-20,True,1.0747895470353334e-24,True,development pearson_fdr_reject AND pearson_pct_same_sign >= 0.70 AND abs(mean_pearson_ic) >= 0.05
BB4_T3,300,64,-0.19963291332305041,0.11009202803044957,0.9375,9.405996374140799e-22,-0.21193007451130846,0.09606913908674064,0.96875,4.5320226269528325e-26,22420.5625,85,"[1, 2, 3, 4, 5, 6, 7, 8, 9, 10, 11, 12, 13, 14, 15, 16, 17, 18, 19, 20, 21, 22, 23, 24, 25, 26, 27, 28, 29, 30, 31, 32, 33, 34, 35, 36, 37, 38, 39, 40, 41, 42, 43, 44, 45, 46, 47, 48, 49, 50, 51, 52, 53, 54, 55, 56, 57, 58, 59, 60, 61, 62, 63, 64, 80, 81, 82, 83, 84, 85]","[65, 66, 67, 68, 69, 70, 71, 72, 73, 74, 75, 76, 77, 78, 79]","[86, 87, 88, 89, 90, 91, 92, 93, 94, 95, 96, 97, 98, 99, 100, 101, 102, 103, 104, 105, 106, 107, 108]",True,4.34723843475113e-20,True,1.0747895470353334e-24,True,development pearson_fdr_reject AND pearson_pct_same_sign >= 0.70 AND abs(mean_pearson_ic) >= 0.05
BB4_T4,300,64,-0.19854958513492577,0.10999288652474101,0.9375,1.1731397564085932e-21,-0.21042871364796217,0.09593543719577823,0.96875,6.118834818524015e-26,22390.5625,85,"[1, 2, 3, 4, 5, 6, 7, 8, 9, 10, 11, 12, 13, 14, 15, 16, 17, 18, 19, 20, 21, 22, 23, 24, 25, 26, 27, 28, 29, 30, 31, 32, 33, 34, 35, 36, 37, 38, 39, 40, 41, 42, 43, 44, 45, 46, 47, 48, 49, 50, 51, 52, 53, 54, 55, 56, 57, 58, 59, 60, 61, 62, 63, 64, 80, 81, 82, 83, 84, 85]","[65, 66, 67, 68, 69, 70, 71, 72, 73, 74, 75, 76, 77, 78, 79]","[86, 87, 88, 89, 90, 91, 92, 93, 94, 95, 96, 97, 98, 99, 100, 101, 102, 103, 104, 105, 106, 107, 108]",True,4.34723843475113e-20,True,1.1166341803855546e-24,True,development pearson_fdr_reject AND pearson_pct_same_sign >= 0.70 AND abs(mean_pearson_ic) >= 0.05
BB4_T5,300,64,-0.19742781092902723,0.11006636706367365,0.9375,1.5953548966089315e-21,-0.20906008961306682,0.09578991189920243,0.96875,7.955337944993594e-26,22360.5625,85,"[1, 2, 3, 4, 5, 6, 7, 8, 9, 10, 11, 12, 13, 14, 15, 16, 17, 18, 19, 20, 21, 22, 23, 24, 25, 26, 27, 28, 29, 30, 31, 32, 33, 34, 35, 36, 37, 38, 39, 40, 41, 42, 43, 44, 45, 46, 47, 48, 49, 50, 51, 52, 53, 54, 55, 56, 57, 58, 59, 60, 61, 62, 63, 64, 80, 81, 82, 83, 84, 85]","[65, 66, 67, 68, 69, 70, 71, 72, 73, 74, 75, 76, 77, 78, 79]","[86, 87, 88, 89, 90, 91, 92, 93, 94, 95, 96, 97, 98, 99, 100, 101, 102, 103, 104, 105, 106, 107, 108]",True,4.34723843475113e-20,True,1.2666217787996713e-24,True,development pearson_fdr_reject AND pearson_pct_same_sign >= 0.70 AND abs(mean_pearson_ic) >= 0.05
BB4_T6,300,64,-0.19622498410434733,0.1102100004839918,0.9375,2.2838620122029618e-21,-0.20767374709880826,0.0957824740144913,0.96875,1.122190056206729e-25,22330.5625,85,"[1, 2, 3, 4, 5, 6, 7, 8, 9, 10, 11, 12, 13, 14, 15, 16, 17, 18, 19, 20, 21, 22, 23, 24, 25, 26, 27, 28, 29, 30, 31, 32, 33, 34, 35, 36, 37, 38, 39, 40, 41, 42, 43, 44, 45, 46, 47, 48, 49, 50, 51, 52, 53, 54, 55, 56, 57, 58, 59, 60, 61, 62, 63, 64, 80, 81, 82, 83, 84, 85]","[65, 66, 67, 68, 69, 70, 71, 72, 73, 74, 75, 76, 77, 78, 79]","[86, 87, 88, 89, 90, 91, 92, 93, 94, 95, 96, 97, 98, 99, 100, 101, 102, 103, 104, 105, 106, 107, 108]",True,4.34723843475113e-20,True,1.6290616152076675e-24,True,development pearson_fdr_reject AND pearson_pct_same_sign >= 0.70 AND abs(mean_pearson_ic) >= 0.05
BB4_T7,300,64,-0.19097815207074137,0.11285683664142235,0.9375,2.5834367971756083e-20,-0.20157439518158485,0.0971951569545592,0.953125,1.1249774739961761e-24,22150.5625,85,"[1, 2, 3, 4, 5, 6, 7, 8, 9, 10, 11, 12, 13, 14, 15, 16, 17, 18, 19, 20, 21, 22, 23, 24, 25, 26, 27, 28, 29, 30, 31, 32, 33, 34, 35, 36, 37, 38, 39, 40, 41, 42, 43, 44, 45, 46, 47, 48, 49, 50, 51, 52, 53, 54, 55, 56, 57, 58, 59, 60, 61, 62, 63, 64, 80, 81, 82, 83, 84, 85]","[65, 66, 67, 68, 69, 70, 71, 72, 73, 74, 75, 76, 77, 78, 79]","[86, 87, 88, 89, 90, 91, 92, 93, 94, 95, 96, 97, 98, 99, 100, 101, 102, 103, 104, 105, 106, 107, 108]",True,1.6707510639119779e-19,True,1.1567848728145205e-23,True,development pearson_fdr_reject AND pearson_pct_same_sign >= 0.70 AND abs(mean_pearson_ic) >= 0.05
BB4_T8,300,64,-0.1845188899828913,0.1099940841285867,0.9375,3.891867470820337e-20,-0.19582417653883413,0.0950680219656785,0.953125,1.5965301994526569e-24,21850.5625,85,"[1, 2, 3, 4, 5, 6, 7, 8, 9, 10, 11, 12, 13, 14, 15, 16, 17, 18, 19, 20, 21, 22, 23, 24, 25, 26, 27, 28, 29, 30, 31, 32, 33, 34, 35, 36, 37, 38, 39, 40, 41, 42, 43, 44, 45, 46, 47, 48, 49, 50, 51, 52, 53, 54, 55, 56, 57, 58, 59, 60, 61, 62, 63, 64, 80, 81, 82, 83, 84, 85]","[65, 66, 67, 68, 69, 70, 71, 72, 73, 74, 75, 76, 77, 78, 79]","[86, 87, 88, 89, 90, 91, 92, 93, 94, 95, 96, 97, 98, 99, 100, 101, 102, 103, 104, 105, 106, 107, 108]",True,2.4582087955547104e-19,True,1.5988440113359217e-23,True,development pearson_fdr_reject AND pearson_pct_same_sign >= 0.70 AND abs(mean_pearson_ic) >= 0.05
BB4_T9,300,64,-0.1788518886829633,0.11171340890524037,0.9375,3.3918929016637163e-19,-0.19049691107709926,0.09375753460461132,0.953125,3.2191650407830268e-24,21550.5625,85,"[1, 2, 3, 4, 5, 6, 7, 8, 9, 10, 11, 12, 13, 14, 15, 16, 17, 18, 19, 20, 21, 22, 23, 24, 25, 26, 27, 28, 29, 30, 31, 32, 33, 34, 35, 36, 37, 38, 39, 40, 41, 42, 43, 44, 45, 46, 47, 48, 49, 50, 51, 52, 53, 54, 55, 56, 57, 58, 59, 60, 61, 62, 63, 64, 80, 81, 82, 83, 84, 85]","[65, 66, 67, 68, 69, 70, 71, 72, 73, 74, 75, 76, 77, 78, 79]","[86, 87, 88, 89, 90, 91, 92, 93, 94, 95, 96, 97, 98, 99, 100, 101, 102, 103, 104, 105, 106, 107, 108]",True,1.7675701320132942e-18,True,3.038856616367584e-23,True,development pearson_fdr_reject AND pearson_pct_same_sign >= 0.70 AND abs(mean_pearson_ic) >= 0.05
BB5_T1,300,64,-0.20070450484387786,0.11047900020418666,0.9375,8.597441666569531e-22,-0.2135781726912217,0.09642556004780416,0.96875,3.663786086722676e-26,22445.5625,85,"[1, 2, 3, 4, 5, 6, 7, 8, 9, 10, 11, 12, 13, 14, 15, 16, 17, 18, 19, 20, 21, 22, 23, 24, 25, 26, 27, 28, 29, 30, 31, 32, 33, 34, 35, 36, 37, 38, 39, 40, 41, 42, 43, 44, 45, 46, 47, 48, 49, 50, 51, 52, 53, 54, 55, 56, 57, 58, 59, 60, 61, 62, 63, 64, 80, 81, 82, 83, 84, 85]","[65, 66, 67, 68, 69, 70, 71, 72, 73, 74, 75, 76, 77, 78, 79]","[86, 87, 88, 89, 90, 91, 92, 93, 94, 95, 96, 97, 98, 99, 100, 101, 102, 103, 104, 105, 106, 107, 108]",True,4.34723843475113e-20,True,1.0747895470353334e-24,True,development pearson_fdr_reject AND pearson_pct_same_sign >= 0.70 AND abs(mean_pearson_ic) >= 0.05
BB5_T10,300,64,-0.1821249146141256,0.11056545674271549,0.9375,9.122768246667985e-20,-0.20157133725149073,0.09662345676248614,0.953125,8.3087155695117e-25,20950.5625,85,"[1, 2, 3, 4, 5, 6, 7, 8, 9, 10, 11, 12, 13, 14, 15, 16, 17, 18, 19, 20, 21, 22, 23, 24, 25, 26, 27, 28, 29, 30, 31, 32, 33, 34, 35, 36, 37, 38, 39, 40, 41, 42, 43, 44, 45, 46, 47, 48, 49, 50, 51, 52, 53, 54, 55, 56, 57, 58, 59, 60, 61, 62, 63, 64, 80, 81, 82, 83, 84, 85]","[65, 66, 67, 68, 69, 70, 71, 72, 73, 74, 75, 76, 77, 78, 79]","[86, 87, 88, 89, 90, 91, 92, 93, 94, 95, 96, 97, 98, 99, 100, 101, 102, 103, 104, 105, 106, 107, 108]",True,5.428001502895878e-19,True,8.752015942885037e-24,True,development pearson_fdr_reject AND pearson_pct_same_sign >= 0.70 AND abs(mean_pearson_ic) >= 0.05
BB5_T11,300,64,-0.18137681618310242,0.11340316065947326,0.9375,3.5497516200473783e-19,-0.1997538071511295,0.09714010149963265,0.96875,1.741410007905417e-24,20650.5625,85,"[1, 2, 3, 4, 5, 6, 7, 8, 9, 10, 11, 12, 13, 14, 15, 16, 17, 18, 19, 20, 21, 22, 23, 24, 25, 26, 27, 28, 29, 30, 31, 32, 33, 34, 35, 36, 37, 38, 39, 40, 41, 42, 43, 44, 45, 46, 47, 48, 49, 50, 51, 52, 53, 54, 55, 56, 57, 58, 59, 60, 61, 62, 63, 64, 80, 81, 82, 83, 84, 85]","[65, 66, 67, 68, 69, 70, 71, 72, 73, 74, 75, 76, 77, 78, 79]","[86, 87, 88, 89, 90, 91, 92, 93, 94, 95, 96, 97, 98, 99, 100, 101, 102, 103, 104, 105, 106, 107, 108]",True,1.8380096904845473e-18,True,1.7313684114965377e-23,True,development pearson_fdr_reject AND pearson_pct_same_sign >= 0.70 AND abs(mean_pearson_ic) >= 0.05
BB5_T12,300,64,-0.18408094491410604,0.11626074736108008,0.9375,5.624906863047523e-19,-0.1953024329447332,0.10654967627813051,0.953125,5.558311894033203e-22,18850.5625,85,"[1, 2, 3, 4, 5, 6, 7, 8, 9, 10, 11, 12, 13, 14, 15, 16, 17, 18, 19, 20, 21, 22, 23, 24, 25, 26, 27, 28, 29, 30, 31, 32, 33, 34, 35, 36, 37, 38, 39, 40, 41, 42, 43, 44, 45, 46, 47, 48, 49, 50, 51, 52, 53, 54, 55, 56, 57, 58, 59, 60, 61, 62, 63, 64, 80, 81, 82, 83, 84, 85]","[65, 66, 67, 68, 69, 70, 71, 72, 73, 74, 75, 76, 77, 78, 79]","[86, 87, 88, 89, 90, 91, 92, 93, 94, 95, 96, 97, 98, 99, 100, 101, 102, 103, 104, 105, 106, 107, 108]",True,2.7526987552165995e-18,True,3.485293574207753e-21,True,development pearson_fdr_reject AND pearson_pct_same_sign >= 0.70 AND abs(mean_pearson_ic) >= 0.05
BB5_T2,300,64,-0.20052106076495158,0.1104143608486523,0.9375,8.736496719993986e-22,-0.2133577661390084,0.09635114942087658,0.96875,3.714366643703156e-26,22440.5625,85,"[1, 2, 3, 4, 5, 6, 7, 8, 9, 10, 11, 12, 13, 14, 15, 16, 17, 18, 19, 20, 21, 22, 23, 24, 25, 26, 27, 28, 29, 30, 31, 32, 33, 34, 35, 36, 37, 38, 39, 40, 41, 42, 43, 44, 45, 46, 47, 48, 49, 50, 51, 52, 53, 54, 55, 56, 57, 58, 59, 60, 61, 62, 63, 64, 80, 81, 82, 83, 84, 85]","[65, 66, 67, 68, 69, 70, 71, 72, 73, 74, 75, 76, 77, 78, 79]","[86, 87, 88, 89, 90, 91, 92, 93, 94, 95, 96, 97, 98, 99, 100, 101, 102, 103, 104, 105, 106, 107, 108]",True,4.34723843475113e-20,True,1.0747895470353334e-24,True,development pearson_fdr_reject AND pearson_pct_same_sign >= 0.70 AND abs(mean_pearson_ic) >= 0.05
BB5_T3,300,64,-0.1998462909436511,0.11024263451797212,0.9375,9.543873953637156e-22,-0.2125801660525659,0.09612958772194535,0.96875,3.9876083608077414e-26,22420.5625,85,"[1, 2, 3, 4, 5, 6, 7, 8, 9, 10, 11, 12, 13, 14, 15, 16, 17, 18, 19, 20, 21, 22, 23, 24, 25, 26, 27, 28, 29, 30, 31, 32, 33, 34, 35, 36, 37, 38, 39, 40, 41, 42, 43, 44, 45, 46, 47, 48, 49, 50, 51, 52, 53, 54, 55, 56, 57, 58, 59, 60, 61, 62, 63, 64, 80, 81, 82, 83, 84, 85]","[65, 66, 67, 68, 69, 70, 71, 72, 73, 74, 75, 76, 77, 78, 79]","[86, 87, 88, 89, 90, 91, 92, 93, 94, 95, 96, 97, 98, 99, 100, 101, 102, 103, 104, 105, 106, 107, 108]",True,4.34723843475113e-20,True,1.0747895470353334e-24,True,development pearson_fdr_reject AND pearson_pct_same_sign >= 0.70 AND abs(mean_pearson_ic) >= 0.05
BB5_T4,300,64,-0.19895668357995272,0.11025992135173532,0.9375,1.1948067103963837e-21,-0.21173541446561772,0.09605573462488226,0.96875,4.721516960620492e-26,22390.5625,85,"[1, 2, 3, 4, 5, 6, 7, 8, 9, 10, 11, 12, 13, 14, 15, 16, 17, 18, 19, 20, 21, 22, 23, 24, 25, 26, 27, 28, 29, 30, 31, 32, 33, 34, 35, 36, 37, 38, 39, 40, 41, 42, 43, 44, 45, 46, 47, 48, 49, 50, 51, 52, 53, 54, 55, 56, 57, 58, 59, 60, 61, 62, 63, 64, 80, 81, 82, 83, 84, 85]","[65, 66, 67, 68, 69, 70, 71, 72, 73, 74, 75, 76, 77, 78, 79]","[86, 87, 88, 89, 90, 91, 92, 93, 94, 95, 96, 97, 98, 99, 100, 101, 102, 103, 104, 105, 106, 107, 108]",True,4.34723843475113e-20,True,1.0747895470353334e-24,True,development pearson_fdr_reject AND pearson_pct_same_sign >= 0.70 AND abs(mean_pearson_ic) >= 0.05
BB5_T5,300,64,-0.19803616339761093,0.11034761274105111,0.9375,1.555293602486179e-21,-0.21098580145108148,0.09595450497687871,0.96875,5.381885511369936e-26,22360.5625,85,"[1, 2, 3, 4, 5, 6, 7, 8, 9, 10, 11, 12, 13, 14, 15, 16, 17, 18, 19, 20, 21, 22, 23, 24, 25, 26, 27, 28, 29, 30, 31, 32, 33, 34, 35, 36, 37, 38, 39, 40, 41, 42, 43, 44, 45, 46, 47, 48, 49, 50, 51, 52, 53, 54, 55, 56, 57, 58, 59, 60, 61, 62, 63, 64, 80, 81, 82, 83, 84, 85]","[65, 66, 67, 68, 69, 70, 71, 72, 73, 74, 75, 76, 77, 78, 79]","[86, 87, 88, 89, 90, 91, 92, 93, 94, 95, 96, 97, 98, 99, 100, 101, 102, 103, 104, 105, 106, 107, 108]",True,4.34723843475113e-20,True,1.1100410600061235e-24,True,development pearson_fdr_reject AND pearson_pct_same_sign >= 0.70 AND abs(mean_pearson_ic) >= 0.05
BB5_T6,300,64,-0.1969628473427268,0.11039780814695783,0.9375,2.0684027415289067e-21,-0.21009634200728433,0.0959247502662245,0.96875,6.609044457974362e-26,22330.5625,85,"[1, 2, 3, 4, 5, 6, 7, 8, 9, 10, 11, 12, 13, 14, 15, 16, 17, 18, 19, 20, 21, 22, 23, 24, 25, 26, 27, 28, 29, 30, 31, 32, 33, 34, 35, 36, 37, 38, 39, 40, 41, 42, 43, 44, 45, 46, 47, 48, 49, 50, 51, 52, 53, 54, 55, 56, 57, 58, 59, 60, 61, 62, 63, 64, 80, 81, 82, 83, 84, 85]","[65, 66, 67, 68, 69, 70, 71, 72, 73, 74, 75, 76, 77, 78, 79]","[86, 87, 88, 89, 90, 91, 92, 93, 94, 95, 96, 97, 98, 99, 100, 101, 102, 103, 104, 105, 106, 107, 108]",True,4.34723843475113e-20,True,1.1166341803855546e-24,True,development pearson_fdr_reject AND pearson_pct_same_sign >= 0.70 AND abs(mean_pearson_ic) >= 0.05
BB5_T7,300,64,-0.19328428055189587,0.11239251183112645,0.9375,1.2045083098719638e-20,-0.2068970161046445,0.09718380982637935,0.96875,2.907068249458079e-25,22150.5625,85,"[1, 2, 3, 4, 5, 6, 7, 8, 9, 10, 11, 12, 13, 14, 15, 16, 17, 18, 19, 20, 21, 22, 23, 24, 25, 26, 27, 28, 29, 30, 31, 32, 33, 34, 35, 36, 37, 38, 39, 40, 41, 42, 43, 44, 45, 46, 47, 48, 49, 50, 51, 52, 53, 54, 55, 56, 57, 58, 59, 60, 61, 62, 63, 64, 80, 81, 82, 83, 84, 85]","[65, 66, 67, 68, 69, 70, 71, 72, 73, 74, 75, 76, 77, 78, 79]","[86, 87, 88, 89, 90, 91, 92, 93, 94, 95, 96, 97, 98, 99, 100, 101, 102, 103, 104, 105, 106, 107, 108]",True,8.19207915473944e-20,True,3.6129211517545555e-24,True,development pearson_fdr_reject AND pearson_pct_same_sign >= 0.70 AND abs(mean_pearson_ic) >= 0.05
BB5_T8,300,64,-0.1892237675149861,0.1103282416847307,0.9375,1.3688768912021833e-20,-0.20460464576210868,0.09499660551217601,0.953125,1.5879125394841474e-25,21850.5625,85,"[1, 2, 3, 4, 5, 6, 7, 8, 9, 10, 11, 12, 13, 14, 15, 16, 17, 18, 19, 20, 21, 22, 23, 24, 25, 26, 27, 28, 29, 30, 31, 32, 33, 34, 35, 36, 37, 38, 39, 40, 41, 42, 43, 44, 45, 46, 47, 48, 49, 50, 51, 52, 53, 54, 55, 56, 57, 58, 59, 60, 61, 62, 63, 64, 80, 81, 82, 83, 84, 85]","[65, 66, 67, 68, 69, 70, 71, 72, 73, 74, 75, 76, 77, 78, 79]","[86, 87, 88, 89, 90, 91, 92, 93, 94, 95, 96, 97, 98, 99, 100, 101, 102, 103, 104, 105, 106, 107, 108]",True,9.165638874231674e-20,True,2.1684734481888257e-24,True,development pearson_fdr_reject AND pearson_pct_same_sign >= 0.70 AND abs(mean_pearson_ic) >= 0.05
BB5_T9,300,64,-0.18577060250494978,0.11338188686374098,0.9375,1.1685856896341924e-19,-0.2018298859845813,0.09529971469536282,0.953125,3.8110459421983457e-25,21550.5625,85,"[1, 2, 3, 4, 5, 6, 7, 8, 9, 10, 11, 12, 13, 14, 15, 16, 17, 18, 19, 20, 21, 22, 23, 24, 25, 26, 27, 28, 29, 30, 31, 32, 33, 34, 35, 36, 37, 38, 39, 40, 41, 42, 43, 44, 45, 46, 47, 48, 49, 50, 51, 52, 53, 54, 55, 56, 57, 58, 59, 60, 61, 62, 63, 64, 80, 81, 82, 83, 84, 85]","[65, 66, 67, 68, 69, 70, 71, 72, 73, 74, 75, 76, 77, 78, 79]","[86, 87, 88, 89, 90, 91, 92, 93, 94, 95, 96, 97, 98, 99, 100, 101, 102, 103, 104, 105, 106, 107, 108]",True,6.762920532137579e-19,True,4.509302647361399e-24,True,development pearson_fdr_reject AND pearson_pct_same_sign >= 0.70 AND abs(mean_pearson_ic) >= 0.05
BB6_T1,300,64,-0.20066512590662258,0.11045279134120414,0.9375,8.580261082970354e-22,-0.21346015010179153,0.09641323356032518,0.96875,3.7466403683788055e-26,22445.5625,85,"[1, 2, 3, 4, 5, 6, 7, 8, 9, 10, 11, 12, 13, 14, 15, 16, 17, 18, 19, 20, 21, 22, 23, 24, 25, 26, 27, 28, 29, 30, 31, 32, 33, 34, 35, 36, 37, 38, 39, 40, 41, 42, 43, 44, 45, 46, 47, 48, 49, 50, 51, 52, 53, 54, 55, 56, 57, 58, 59, 60, 61, 62, 63, 64, 80, 81, 82, 83, 84, 85]","[65, 66, 67, 68, 69, 70, 71, 72, 73, 74, 75, 76, 77, 78, 79]","[86, 87, 88, 89, 90, 91, 92, 93, 94, 95, 96, 97, 98, 99, 100, 101, 102, 103, 104, 105, 106, 107, 108]",True,4.34723843475113e-20,True,1.0747895470353334e-24,True,development pearson_fdr_reject AND pearson_pct_same_sign >= 0.70 AND abs(mean_pearson_ic) >= 0.05
BB6_T10,300,64,-0.1722718373830529,0.10657472751794717,0.9375,2.1824240654695497e-19,-0.18540710897641574,0.09329855057974573,0.953125,9.938980385112516e-24,20950.5625,85,"[1, 2, 3, 4, 5, 6, 7, 8, 9, 10, 11, 12, 13, 14, 15, 16, 17, 18, 19, 20, 21, 22, 23, 24, 25, 26, 27, 28, 29, 30, 31, 32, 33, 34, 35, 36, 37, 38, 39, 40, 41, 42, 43, 44, 45, 46, 47, 48, 49, 50, 51, 52, 53, 54, 55, 56, 57, 58, 59, 60, 61, 62, 63, 64, 80, 81, 82, 83, 84, 85]","[65, 66, 67, 68, 69, 70, 71, 72, 73, 74, 75, 76, 77, 78, 79]","[86, 87, 88, 89, 90, 91, 92, 93, 94, 95, 96, 97, 98, 99, 100, 101, 102, 103, 104, 105, 106, 107, 108]",True,1.181861308181394e-18,True,8.294487253759358e-23,True,development pearson_fdr_reject AND pearson_pct_same_sign >= 0.70 AND abs(mean_pearson_ic) >= 0.05
BB6_T11,300,64,-0.17061204130267765,0.10989572035898271,0.9375,1.3706784943494383e-18,-0.18260566413119156,0.09309800558347468,0.96875,1.9231505985213813e-23,20650.5625,85,"[1, 2, 3, 4, 5, 6, 7, 8, 9, 10, 11, 12, 13, 14, 15, 16, 17, 18, 19, 20, 21, 22, 23, 24, 25, 26, 27, 28, 29, 30, 31, 32, 33, 34, 35, 36, 37, 38, 39, 40, 41, 42, 43, 44, 45, 46, 47, 48, 49, 50, 51, 52, 53, 54, 55, 56, 57, 58, 59, 60, 61, 62, 63, 64, 80, 81, 82, 83, 84, 85]","[65, 66, 67, 68, 69, 70, 71, 72, 73, 74, 75, 76, 77, 78, 79]","[86, 87, 88, 89, 90, 91, 92, 93, 94, 95, 96, 97, 98, 99, 100, 101, 102, 103, 104, 105, 106, 107, 108]",True,6.2558708031404354e-18,True,1.5452291436956679e-22,True,development pearson_fdr_reject AND pearson_pct_same_sign >= 0.70 AND abs(mean_pearson_ic) >= 0.05
BB6_T12,300,64,-0.1695766869641776,0.11161015276741405,0.953125,3.5967702350993584e-18,-0.1746975752900674,0.09959920316815886,0.953125,4.69496508371743e-21,18850.5625,85,"[1, 2, 3, 4, 5, 6, 7, 8, 9, 10, 11, 12, 13, 14, 15, 16, 17, 18, 19, 20, 21, 22, 23, 24, 25, 26, 27, 28, 29, 30, 31, 32, 33, 34, 35, 36, 37, 38, 39, 40, 41, 42, 43, 44, 45, 46, 47, 48, 49, 50, 51, 52, 53, 54, 55, 56, 57, 58, 59, 60, 61, 62, 63, 64, 80, 81, 82, 83, 84, 85]","[65, 66, 67, 68, 69, 70, 71, 72, 73, 74, 75, 76, 77, 78, 79]","[86, 87, 88, 89, 90, 91, 92, 93, 94, 95, 96, 97, 98, 99, 100, 101, 102, 103, 104, 105, 106, 107, 108]",True,1.5533551452835356e-17,True,2.7540075321296643e-20,True,development pearson_fdr_reject AND pearson_pct_same_sign >= 0.70 AND abs(mean_pearson_ic) >= 0.05
BB6_T2,300,64,-0.20044793805497663,0.1103623549993352,0.9375,8.691311675119186e-22,-0.21312437361799744,0.0963223641646537,0.96875,3.8731927206874156e-26,22440.5625,85,"[1, 2, 3, 4, 5, 6, 7, 8, 9, 10, 11, 12, 13, 14, 15, 16, 17, 18, 19, 20, 21, 22, 23, 24, 25, 26, 27, 28, 29, 30, 31, 32, 33, 34, 35, 36, 37, 38, 39, 40, 41, 42, 43, 44, 45, 46, 47, 48, 49, 50, 51, 52, 53, 54, 55, 56, 57, 58, 59, 60, 61, 62, 63, 64, 80, 81, 82, 83, 84, 85]","[65, 66, 67, 68, 69, 70, 71, 72, 73, 74, 75, 76, 77, 78, 79]","[86, 87, 88, 89, 90, 91, 92, 93, 94, 95, 96, 97, 98, 99, 100, 101, 102, 103, 104, 105, 106, 107, 108]",True,4.34723843475113e-20,True,1.0747895470353334e-24,True,development pearson_fdr_reject AND pearson_pct_same_sign >= 0.70 AND abs(mean_pearson_ic) >= 0.05
BB6_T3,300,64,-0.19963291332305041,0.11009202803044957,0.9375,9.405996374140799e-22,-0.21193007451130846,0.09606913908674064,0.96875,4.5320226269528325e-26,22420.5625,85,"[1, 2, 3, 4, 5, 6, 7, 8, 9, 10, 11, 12, 13, 14, 15, 16, 17, 18, 19, 20, 21, 22, 23, 24, 25, 26, 27, 28, 29, 30, 31, 32, 33, 34, 35, 36, 37, 38, 39, 40, 41, 42, 43, 44, 45, 46, 47, 48, 49, 50, 51, 52, 53, 54, 55, 56, 57, 58, 59, 60, 61, 62, 63, 64, 80, 81, 82, 83, 84, 85]","[65, 66, 67, 68, 69, 70, 71, 72, 73, 74, 75, 76, 77, 78, 79]","[86, 87, 88, 89, 90, 91, 92, 93, 94, 95, 96, 97, 98, 99, 100, 101, 102, 103, 104, 105, 106, 107, 108]",True,4.34723843475113e-20,True,1.0747895470353334e-24,True,development pearson_fdr_reject AND pearson_pct_same_sign >= 0.70 AND abs(mean_pearson_ic) >= 0.05
BB6_T4,300,64,-0.19854958513492577,0.10999288652474101,0.9375,1.1731397564085932e-21,-0.21042871364796217,0.09593543719577823,0.96875,6.118834818524015e-26,22390.5625,85,"[1, 2, 3, 4, 5, 6, 7, 8, 9, 10, 11, 12, 13, 14, 15, 16, 17, 18, 19, 20, 21, 22, 23, 24, 25, 26, 27, 28, 29, 30, 31, 32, 33, 34, 35, 36, 37, 38, 39, 40, 41, 42, 43, 44, 45, 46, 47, 48, 49, 50, 51, 52, 53, 54, 55, 56, 57, 58, 59, 60, 61, 62, 63, 64, 80, 81, 82, 83, 84, 85]","[65, 66, 67, 68, 69, 70, 71, 72, 73, 74, 75, 76, 77, 78, 79]","[86, 87, 88, 89, 90, 91, 92, 93, 94, 95, 96, 97, 98, 99, 100, 101, 102, 103, 104, 105, 106, 107, 108]",True,4.34723843475113e-20,True,1.1166341803855546e-24,True,development pearson_fdr_reject AND pearson_pct_same_sign >= 0.70 AND abs(mean_pearson_ic) >= 0.05
BB6_T5,300,64,-0.19742781092902723,0.11006636706367365,0.9375,1.5953548966089315e-21,-0.20906008961306682,0.09578991189920243,0.96875,7.955337944993594e-26,22360.5625,85,"[1, 2, 3, 4, 5, 6, 7, 8, 9, 10, 11, 12, 13, 14, 15, 16, 17, 18, 19, 20, 21, 22, 23, 24, 25, 26, 27, 28, 29, 30, 31, 32, 33, 34, 35, 36, 37, 38, 39, 40, 41, 42, 43, 44, 45, 46, 47, 48, 49, 50, 51, 52, 53, 54, 55, 56, 57, 58, 59, 60, 61, 62, 63, 64, 80, 81, 82, 83, 84, 85]","[65, 66, 67, 68, 69, 70, 71, 72, 73, 74, 75, 76, 77, 78, 79]","[86, 87, 88, 89, 90, 91, 92, 93, 94, 95, 96, 97, 98, 99, 100, 101, 102, 103, 104, 105, 106, 107, 108]",True,4.34723843475113e-20,True,1.2666217787996713e-24,True,development pearson_fdr_reject AND pearson_pct_same_sign >= 0.70 AND abs(mean_pearson_ic) >= 0.05
BB6_T6,300,64,-0.19622498410434733,0.1102100004839918,0.9375,2.2838620122029618e-21,-0.20767374709880826,0.0957824740144913,0.96875,1.122190056206729e-25,22330.5625,85,"[1, 2, 3, 4, 5, 6, 7, 8, 9, 10, 11, 12, 13, 14, 15, 16, 17, 18, 19, 20, 21, 22, 23, 24, 25, 26, 27, 28, 29, 30, 31, 32, 33, 34, 35, 36, 37, 38, 39, 40, 41, 42, 43, 44, 45, 46, 47, 48, 49, 50, 51, 52, 53, 54, 55, 56, 57, 58, 59, 60, 61, 62, 63, 64, 80, 81, 82, 83, 84, 85]","[65, 66, 67, 68, 69, 70, 71, 72, 73, 74, 75, 76, 77, 78, 79]","[86, 87, 88, 89, 90, 91, 92, 93, 94, 95, 96, 97, 98, 99, 100, 101, 102, 103, 104, 105, 106, 107, 108]",True,4.34723843475113e-20,True,1.6290616152076675e-24,True,development pearson_fdr_reject AND pearson_pct_same_sign >= 0.70 AND abs(mean_pearson_ic) >= 0.05
BB6_T7,300,64,-0.19097815207074137,0.11285683664142235,0.9375,2.5834367971756083e-20,-0.20157439518158485,0.0971951569545592,0.953125,1.1249774739961761e-24,22150.5625,85,"[1, 2, 3, 4, 5, 6, 7, 8, 9, 10, 11, 12, 13, 14, 15, 16, 17, 18, 19, 20, 21, 22, 23, 24, 25, 26, 27, 28, 29, 30, 31, 32, 33, 34, 35, 36, 37, 38, 39, 40, 41, 42, 43, 44, 45, 46, 47, 48, 49, 50, 51, 52, 53, 54, 55, 56, 57, 58, 59, 60, 61, 62, 63, 64, 80, 81, 82, 83, 84, 85]","[65, 66, 67, 68, 69, 70, 71, 72, 73, 74, 75, 76, 77, 78, 79]","[86, 87, 88, 89, 90, 91, 92, 93, 94, 95, 96, 97, 98, 99, 100, 101, 102, 103, 104, 105, 106, 107, 108]",True,1.6707510639119779e-19,True,1.1567848728145205e-23,True,development pearson_fdr_reject AND pearson_pct_same_sign >= 0.70 AND abs(mean_pearson_ic) >= 0.05
BB6_T8,300,64,-0.1845188899828913,0.1099940841285867,0.9375,3.891867470820337e-20,-0.19582417653883413,0.0950680219656785,0.953125,1.5965301994526569e-24,21850.5625,85,"[1, 2, 3, 4, 5, 6, 7, 8, 9, 10, 11, 12, 13, 14, 15, 16, 17, 18, 19, 20, 21, 22, 23, 24, 25, 26, 27, 28, 29, 30, 31, 32, 33, 34, 35, 36, 37, 38, 39, 40, 41, 42, 43, 44, 45, 46, 47, 48, 49, 50, 51, 52, 53, 54, 55, 56, 57, 58, 59, 60, 61, 62, 63, 64, 80, 81, 82, 83, 84, 85]","[65, 66, 67, 68, 69, 70, 71, 72, 73, 74, 75, 76, 77, 78, 79]","[86, 87, 88, 89, 90, 91, 92, 93, 94, 95, 96, 97, 98, 99, 100, 101, 102, 103, 104, 105, 106, 107, 108]",True,2.4582087955547104e-19,True,1.5988440113359217e-23,True,development pearson_fdr_reject AND pearson_pct_same_sign >= 0.70 AND abs(mean_pearson_ic) >= 0.05
BB6_T9,300,64,-0.1788518886829633,0.11171340890524037,0.9375,3.3918929016637163e-19,-0.19049691107709926,0.09375753460461132,0.953125,3.2191650407830268e-24,21550.5625,85,"[1, 2, 3, 4, 5, 6, 7, 8, 9, 10, 11, 12, 13, 14, 15, 16, 17, 18, 19, 20, 21, 22, 23, 24, 25, 26, 27, 28, 29, 30, 31, 32, 33, 34, 35, 36, 37, 38, 39, 40, 41, 42, 43, 44, 45, 46, 47, 48, 49, 50, 51, 52, 53, 54, 55, 56, 57, 58, 59, 60, 61, 62, 63, 64, 80, 81, 82, 83, 84, 85]","[65, 66, 67, 68, 69, 70, 71, 72, 73, 74, 75, 76, 77, 78, 79]","[86, 87, 88, 89, 90, 91, 92, 93, 94, 95, 96, 97, 98, 99, 100, 101, 102, 103, 104, 105, 106, 107, 108]",True,1.7675701320132942e-18,True,3.038856616367584e-23,True,development pearson_fdr_reject AND pearson_pct_same_sign >= 0.70 AND abs(mean_pearson_ic) >= 0.05
BB7_T1,300,64,-0.200532208246319,0.11044468057288045,0.9375,8.830232346703095e-22,-0.2133033537999255,0.09648533476378275,0.96875,4.050543129089557e-26,22445.5625,85,"[1, 2, 3, 4, 5, 6, 7, 8, 9, 10, 11, 12, 13, 14, 15, 16, 17, 18, 19, 20, 21, 22, 23, 24, 25, 26, 27, 28, 29, 30, 31, 32, 33, 34, 35, 36, 37, 38, 39, 40, 41, 42, 43, 44, 45, 46, 47, 48, 49, 50, 51, 52, 53, 54, 55, 56, 57, 58, 59, 60, 61, 62, 63, 64, 80, 81, 82, 83, 84, 85]","[65, 66, 67, 68, 69, 70, 71, 72, 73, 74, 75, 76, 77, 78, 79]","[86, 87, 88, 89, 90, 91, 92, 93, 94, 95, 96, 97, 98, 99, 100, 101, 102, 103, 104, 105, 106, 107, 108]",True,4.34723843475113e-20,True,1.0747895470353334e-24,True,development pearson_fdr_reject AND pearson_pct_same_sign >= 0.70 AND abs(mean_pearson_ic) >= 0.05
BB7_T10,300,64,-0.16415462618087437,0.10549153081722198,0.953125,1.2348050157824459e-18,-0.17394986331428058,0.08868045243450452,0.96875,1.918178462938185e-23,20950.5625,85,"[1, 2, 3, 4, 5, 6, 7, 8, 9, 10, 11, 12, 13, 14, 15, 16, 17, 18, 19, 20, 21, 22, 23, 24, 25, 26, 27, 28, 29, 30, 31, 32, 33, 34, 35, 36, 37, 38, 39, 40, 41, 42, 43, 44, 45, 46, 47, 48, 49, 50, 51, 52, 53, 54, 55, 56, 57, 58, 59, 60, 61, 62, 63, 64, 80, 81, 82, 83, 84, 85]","[65, 66, 67, 68, 69, 70, 71, 72, 73, 74, 75, 76, 77, 78, 79]","[86, 87, 88, 89, 90, 91, 92, 93, 94, 95, 96, 97, 98, 99, 100, 101, 102, 103, 104, 105, 106, 107, 108]",True,5.734208776247783e-18,True,1.5452291436956679e-22,True,development pearson_fdr_reject AND pearson_pct_same_sign >= 0.70 AND abs(mean_pearson_ic) >= 0.05
BB7_T11,300,64,-0.1613820827598358,0.10858323312202839,0.96875,9.518368466721833e-18,-0.16740294622686996,0.09167166528708744,0.9375,6.676239266221217e-22,20650.5625,85,"[1, 2, 3, 4, 5, 6, 7, 8, 9, 10, 11, 12, 13, 14, 15, 16, 17, 18, 19, 20, 21, 22, 23, 24, 25, 26, 27, 28, 29, 30, 31, 32, 33, 34, 35, 36, 37, 38, 39, 40, 41, 42, 43, 44, 45, 46, 47, 48, 49, 50, 51, 52, 53, 54, 55, 56, 57, 58, 59, 60, 61, 62, 63, 64, 80, 81, 82, 83, 84, 85]","[65, 66, 67, 68, 69, 70, 71, 72, 73, 74, 75, 76, 77, 78, 79]","[86, 87, 88, 89, 90, 91, 92, 93, 94, 95, 96, 97, 98, 99, 100, 101, 102, 103, 104, 105, 106, 107, 108]",True,4.015380104093276e-17,True,4.115335966730857e-21,True,development pearson_fdr_reject AND pearson_pct_same_sign >= 0.70 AND abs(mean_pearson_ic) >= 0.05
BB7_T12,300,64,-0.15655285199753072,0.10711140296946219,0.9375,1.9760354871343736e-17,-0.1564155935080294,0.10068004853842889,0.953125,1.3276455871638255e-18,18850.5625,85,"[1, 2, 3, 4, 5, 6, 7, 8, 9, 10, 11, 12, 13, 14, 15, 16, 17, 18, 19, 20, 21, 22, 23, 24, 25, 26, 27, 28, 29, 30, 31, 32, 33, 34, 35, 36, 37, 38, 39, 40, 41, 42, 43, 44, 45, 46, 47, 48, 49, 50, 51, 52, 53, 54, 55, 56, 57, 58, 59, 60, 61, 62, 63, 64, 80, 81, 82, 83, 84, 85]","[65, 66, 67, 68, 69, 70, 71, 72, 73, 74, 75, 76, 77, 78, 79]","[86, 87, 88, 89, 90, 91, 92, 93, 94, 95, 96, 97, 98, 99, 100, 101, 102, 103, 104, 105, 106, 107, 108]",True,8.23546756097619e-17,True,6.4154062988126114e-18,True,development pearson_fdr_reject AND pearson_pct_same_sign >= 0.70 AND abs(mean_pearson_ic) >= 0.05
BB7_T2,300,64,-0.20023860215713776,0.11037381610453642,0.9375,9.191699868226603e-22,-0.21287438393435426,0.09644591401313886,0.96875,4.407125063141803e-26,22440.5625,85,"[1, 2, 3, 4, 5, 6, 7, 8, 9, 10, 11, 12, 13, 14, 15, 16, 17, 18, 19, 20, 21, 22, 23, 24, 25, 26, 27, 28, 29, 30, 31, 32, 33, 34, 35, 36, 37, 38, 39, 40, 41, 42, 43, 44, 45, 46, 47, 48, 49, 50, 51, 52, 53, 54, 55, 56, 57, 58, 59, 60, 61, 62, 63, 64, 80, 81, 82, 83, 84, 85]","[65, 66, 67, 68, 69, 70, 71, 72, 73, 74, 75, 76, 77, 78, 79]","[86, 87, 88, 89, 90, 91, 92, 93, 94, 95, 96, 97, 98, 99, 100, 101, 102, 103, 104, 105, 106, 107, 108]",True,4.34723843475113e-20,True,1.0747895470353334e-24,True,development pearson_fdr_reject AND pearson_pct_same_sign >= 0.70 AND abs(mean_pearson_ic) >= 0.05
BB7_T3,300,64,-0.19931774018599463,0.11035337073251668,0.9375,1.1400043134813342e-21,-0.21134051026698378,0.09646219754537999,0.96875,6.499996681295447e-26,22420.5625,85,"[1, 2, 3, 4, 5, 6, 7, 8, 9, 10, 11, 12, 13, 14, 15, 16, 17, 18, 19, 20, 21, 22, 23, 24, 25, 26, 27, 28, 29, 30, 31, 32, 33, 34, 35, 36, 37, 38, 39, 40, 41, 42, 43, 44, 45, 46, 47, 48, 49, 50, 51, 52, 53, 54, 55, 56, 57, 58, 59, 60, 61, 62, 63, 64, 80, 81, 82, 83, 84, 85]","[65, 66, 67, 68, 69, 70, 71, 72, 73, 74, 75, 76, 77, 78, 79]","[86, 87, 88, 89, 90, 91, 92, 93, 94, 95, 96, 97, 98, 99, 100, 101, 102, 103, 104, 105, 106, 107, 108]",True,4.34723843475113e-20,True,1.1166341803855546e-24,True,development pearson_fdr_reject AND pearson_pct_same_sign >= 0.70 AND abs(mean_pearson_ic) >= 0.05
BB7_T4,300,64,-0.19819114659797435,0.11077066545633535,0.9375,1.8024300531753486e-21,-0.20949588269925445,0.09678030071648673,0.96875,1.2218122161319438e-25,22390.5625,85,"[1, 2, 3, 4, 5, 6, 7, 8, 9, 10, 11, 12, 13, 14, 15, 16, 17, 18, 19, 20, 21, 22, 23, 24, 25, 26, 27, 28, 29, 30, 31, 32, 33, 34, 35, 36, 37, 38, 39, 40, 41, 42, 43, 44, 45, 46, 47, 48, 49, 50, 51, 52, 53, 54, 55, 56, 57, 58, 59, 60, 61, 62, 63, 64, 80, 81, 82, 83, 84, 85]","[65, 66, 67, 68, 69, 70, 71, 72, 73, 74, 75, 76, 77, 78, 79]","[86, 87, 88, 89, 90, 91, 92, 93, 94, 95, 96, 97, 98, 99, 100, 101, 102, 103, 104, 105, 106, 107, 108]",True,4.34723843475113e-20,True,1.752801069179996e-24,True,development pearson_fdr_reject AND pearson_pct_same_sign >= 0.70 AND abs(mean_pearson_ic) >= 0.05
BB7_T5,300,64,-0.19705675924749766,0.11145935926414093,0.9375,3.2074020267359564e-21,-0.20819194364562818,0.09713989719291453,0.96875,2.0529126928960362e-25,22360.5625,85,"[1, 2, 3, 4, 5, 6, 7, 8, 9, 10, 11, 12, 13, 14, 15, 16, 17, 18, 19, 20, 21, 22, 23, 24, 25, 26, 27, 28, 29, 30, 31, 32, 33, 34, 35, 36, 37, 38, 39, 40, 41, 42, 43, 44, 45, 46, 47, 48, 49, 50, 51, 52, 53, 54, 55, 56, 57, 58, 59, 60, 61, 62, 63, 64, 80, 81, 82, 83, 84, 85]","[65, 66, 67, 68, 69, 70, 71, 72, 73, 74, 75, 76, 77, 78, 79]","[86, 87, 88, 89, 90, 91, 92, 93, 94, 95, 96, 97, 98, 99, 100, 101, 102, 103, 104, 105, 106, 107, 108]",True,4.34723843475113e-20,True,2.7175530091784694e-24,True,development pearson_fdr_reject AND pearson_pct_same_sign >= 0.70 AND abs(mean_pearson_ic) >= 0.05
BB7_T6,300,64,-0.1958324883848146,0.11224253779433258,0.9375,6.053184595612562e-21,-0.20692581132459914,0.09754664058561802,0.96875,3.501947999878012e-25,22330.5625,85,"[1, 2, 3, 4, 5, 6, 7, 8, 9, 10, 11, 12, 13, 14, 15, 16, 17, 18, 19, 20, 21, 22, 23, 24, 25, 26, 27, 28, 29, 30, 31, 32, 33, 34, 35, 36, 37, 38, 39, 40, 41, 42, 43, 44, 45, 46, 47, 48, 49, 50, 51, 52, 53, 54, 55, 56, 57, 58, 59, 60, 61, 62, 63, 64, 80, 81, 82, 83, 84, 85]","[65, 66, 67, 68, 69, 70, 71, 72, 73, 74, 75, 76, 77, 78, 79]","[86, 87, 88, 89, 90, 91, 92, 93, 94, 95, 96, 97, 98, 99, 100, 101, 102, 103, 104, 105, 106, 107, 108]",True,4.9447710281841685e-20,True,4.230500118733752e-24,True,development pearson_fdr_reject AND pearson_pct_same_sign >= 0.70 AND abs(mean_pearson_ic) >= 0.05
BB7_T7,300,64,-0.19051963102552721,0.11799051865974858,0.9375,2.2932186411931156e-19,-0.20062683810586684,0.10212316041765672,0.96875,1.7750367599440215e-23,22150.5625,85,"[1, 2, 3, 4, 5, 6, 7, 8, 9, 10, 11, 12, 13, 14, 15, 16, 17, 18, 19, 20, 21, 22, 23, 24, 25, 26, 27, 28, 29, 30, 31, 32, 33, 34, 35, 36, 37, 38, 39, 40, 41, 42, 43, 44, 45, 46, 47, 48, 49, 50, 51, 52, 53, 54, 55, 56, 57, 58, 59, 60, 61, 62, 63, 64, 80, 81, 82, 83, 84, 85]","[65, 66, 67, 68, 69, 70, 71, 72, 73, 74, 75, 76, 77, 78, 79]","[86, 87, 88, 89, 90, 91, 92, 93, 94, 95, 96, 97, 98, 99, 100, 101, 102, 103, 104, 105, 106, 107, 108]",True,1.2302904356090396e-18,True,1.439613146856008e-22,True,development pearson_fdr_reject AND pearson_pct_same_sign >= 0.70 AND abs(mean_pearson_ic) >= 0.05
BB7_T8,300,64,-0.18323883744190783,0.1157627289771237,0.9375,5.700227616623043e-19,-0.19004229969488054,0.10129632785987018,0.96875,1.770282793003956e-22,21850.5625,85,"[1, 2, 3, 4, 5, 6, 7, 8, 9, 10, 11, 12, 13, 14, 15, 16, 17, 18, 19, 20, 21, 22, 23, 24, 25, 26, 27, 28, 29, 30, 31, 32, 33, 34, 35, 36, 37, 38, 39, 40, 41, 42, 43, 44, 45, 46, 47, 48, 49, 50, 51, 52, 53, 54, 55, 56, 57, 58, 59, 60, 61, 62, 63, 64, 80, 81, 82, 83, 84, 85]","[65, 66, 67, 68, 69, 70, 71, 72, 73, 74, 75, 76, 77, 78, 79]","[86, 87, 88, 89, 90, 91, 92, 93, 94, 95, 96, 97, 98, 99, 100, 101, 102, 103, 104, 105, 106, 107, 108]",True,2.7856133543751934e-18,True,1.1945951269196618e-21,True,development pearson_fdr_reject AND pearson_pct_same_sign >= 0.70 AND abs(mean_pearson_ic) >= 0.05
BB7_T9,300,64,-0.17926495293295186,0.11702257580708521,0.953125,2.4953696861263997e-18,-0.1841260131648042,0.09710137447931401,0.96875,1.0433947670972274e-22,21550.5625,85,"[1, 2, 3, 4, 5, 6, 7, 8, 9, 10, 11, 12, 13, 14, 15, 16, 17, 18, 19, 20, 21, 22, 23, 24, 25, 26, 27, 28, 29, 30, 31, 32, 33, 34, 35, 36, 37, 38, 39, 40, 41, 42, 43, 44, 45, 46, 47, 48, 49, 50, 51, 52, 53, 54, 55, 56, 57, 58, 59, 60, 61, 62, 63, 64, 80, 81, 82, 83, 84, 85]","[65, 66, 67, 68, 69, 70, 71, 72, 73, 74, 75, 76, 77, 78, 79]","[86, 87, 88, 89, 90, 91, 92, 93, 94, 95, 96, 97, 98, 99, 100, 101, 102, 103, 104, 105, 106, 107, 108]",True,1.0927125811871623e-17,True,7.448200248596944e-22,True,development pearson_fdr_reject AND pearson_pct_same_sign >= 0.70 AND abs(mean_pearson_ic) >= 0.05
BB8_T1,300,64,-0.20062362171556924,0.11035675183108012,0.9375,8.307329198546559e-22,-0.21308565505838822,0.09629089784605245,0.96875,3.8437467917741647e-26,22445.5625,85,"[1, 2, 3, 4, 5, 6, 7, 8, 9, 10, 11, 12, 13, 14, 15, 16, 17, 18, 19, 20, 21, 22, 23, 24, 25, 26, 27, 28, 29, 30, 31, 32, 33, 34, 35, 36, 37, 38, 39, 40, 41, 42, 43, 44, 45, 46, 47, 48, 49, 50, 51, 52, 53, 54, 55, 56, 57, 58, 59, 60, 61, 62, 63, 64, 80, 81, 82, 83, 84, 85]","[65, 66, 67, 68, 69, 70, 71, 72, 73, 74, 75, 76, 77, 78, 79]","[86, 87, 88, 89, 90, 91, 92, 93, 94, 95, 96, 97, 98, 99, 100, 101, 102, 103, 104, 105, 106, 107, 108]",True,4.34723843475113e-20,True,1.0747895470353334e-24,True,development pearson_fdr_reject AND pearson_pct_same_sign >= 0.70 AND abs(mean_pearson_ic) >= 0.05
BB8_T10,300,64,-0.16330717389037994,0.10536710679126388,0.9375,1.478146698915065e-18,-0.17149784573184235,0.09313672548294587,0.9375,4.444596383350495e-22,20950.5625,85,"[1, 2, 3, 4, 5, 6, 7, 8, 9, 10, 11, 12, 13, 14, 15, 16, 17, 18, 19, 20, 21, 22, 23, 24, 25, 26, 27, 28, 29, 30, 31, 32, 33, 34, 35, 36, 37, 38, 39, 40, 41, 42, 43, 44, 45, 46, 47, 48, 49, 50, 51, 52, 53, 54, 55, 56, 57, 58, 59, 60, 61, 62, 63, 64, 80, 81, 82, 83, 84, 85]","[65, 66, 67, 68, 69, 70, 71, 72, 73, 74, 75, 76, 77, 78, 79]","[86, 87, 88, 89, 90, 91, 92, 93, 94, 95, 96, 97, 98, 99, 100, 101, 102, 103, 104, 105, 106, 107, 108]",True,6.71090255552109e-18,True,2.8332251853276676e-21,True,development pearson_fdr_reject AND pearson_pct_same_sign >= 0.70 AND abs(mean_pearson_ic) >= 0.05
BB8_T11,300,64,-0.16089618354527313,0.10770553885383728,0.9375,7.607187289503465e-18,-0.1690301393669309,0.09456592154656518,0.953125,1.8909042745982135e-21,20650.5625,85,"[1, 2, 3, 4, 5, 6, 7, 8, 9, 10, 11, 12, 13, 14, 15, 16, 17, 18, 19, 20, 21, 22, 23, 24, 25, 26, 27, 28, 29, 30, 31, 32, 33, 34, 35, 36, 37, 38, 39, 40, 41, 42, 43, 44, 45, 46, 47, 48, 49, 50, 51, 52, 53, 54, 55, 56, 57, 58, 59, 60, 61, 62, 63, 64, 80, 81, 82, 83, 84, 85]","[65, 66, 67, 68, 69, 70, 71, 72, 73, 74, 75, 76, 77, 78, 79]","[86, 87, 88, 89, 90, 91, 92, 93, 94, 95, 96, 97, 98, 99, 100, 101, 102, 103, 104, 105, 106, 107, 108]",True,3.216992911289409e-17,True,1.1342142827668102e-20,True,development pearson_fdr_reject AND pearson_pct_same_sign >= 0.70 AND abs(mean_pearson_ic) >= 0.05
BB8_T12,300,64,-0.15589600511375182,0.11871419249601835,0.90625,1.7642036249505785e-15,-0.16237666610281093,0.10206002664784045,0.921875,4.516240451517149e-19,18850.5625,85,"[1, 2, 3, 4, 5, 6, 7, 8, 9, 10, 11, 12, 13, 14, 15, 16, 17, 18, 19, 20, 21, 22, 23, 24, 25, 26, 27, 28, 29, 30, 31, 32, 33, 34, 35, 36, 37, 38, 39, 40, 41, 42, 43, 44, 45, 46, 47, 48, 49, 50, 51, 52, 53, 54, 55, 56, 57, 58, 59, 60, 61, 62, 63, 64, 80, 81, 82, 83, 84, 85]","[65, 66, 67, 68, 69, 70, 71, 72, 73, 74, 75, 76, 77, 78, 79]","[86, 87, 88, 89, 90, 91, 92, 93, 94, 95, 96, 97, 98, 99, 100, 101, 102, 103, 104, 105, 106, 107, 108]",True,7.071140979355276e-15,True,2.2386816011465925e-18,True,development pearson_fdr_reject AND pearson_pct_same_sign >= 0.70 AND abs(mean_pearson_ic) >= 0.05
BB8_T2,300,64,-0.20036514355553103,0.11019564688047744,0.9375,8.238056345078357e-22,-0.21254868936147447,0.09614303461479537,0.953125,4.04846875033645e-26,22440.5625,85,"[1, 2, 3, 4, 5, 6, 7, 8, 9, 10, 11, 12, 13, 14, 15, 16, 17, 18, 19, 20, 21, 22, 23, 24, 25, 26, 27, 28, 29, 30, 31, 32, 33, 34, 35, 36, 37, 38, 39, 40, 41, 42, 43, 44, 45, 46, 47, 48, 49, 50, 51, 52, 53, 54, 55, 56, 57, 58, 59, 60, 61, 62, 63, 64, 80, 81, 82, 83, 84, 85]","[65, 66, 67, 68, 69, 70, 71, 72, 73, 74, 75, 76, 77, 78, 79]","[86, 87, 88, 89, 90, 91, 92, 93, 94, 95, 96, 97, 98, 99, 100, 101, 102, 103, 104, 105, 106, 107, 108]",True,4.34723843475113e-20,True,1.0747895470353334e-24,True,development pearson_fdr_reject AND pearson_pct_same_sign >= 0.70 AND abs(mean_pearson_ic) >= 0.05
BB8_T3,300,64,-0.19921593200934296,0.10953246923650689,0.9375,8.124635563763828e-22,-0.21064342991873558,0.09551145398512477,0.96875,4.5962241552810203e-26,22420.5625,85,"[1, 2, 3, 4, 5, 6, 7, 8, 9, 10, 11, 12, 13, 14, 15, 16, 17, 18, 19, 20, 21, 22, 23, 24, 25, 26, 27, 28, 29, 30, 31, 32, 33, 34, 35, 36, 37, 38, 39, 40, 41, 42, 43, 44, 45, 46, 47, 48, 49, 50, 51, 52, 53, 54, 55, 56, 57, 58, 59, 60, 61, 62, 63, 64, 80, 81, 82, 83, 84, 85]","[65, 66, 67, 68, 69, 70, 71, 72, 73, 74, 75, 76, 77, 78, 79]","[86, 87, 88, 89, 90, 91, 92, 93, 94, 95, 96, 97, 98, 99, 100, 101, 102, 103, 104, 105, 106, 107, 108]",True,4.34723843475113e-20,True,1.0747895470353334e-24,True,development pearson_fdr_reject AND pearson_pct_same_sign >= 0.70 AND abs(mean_pearson_ic) >= 0.05
BB8_T4,300,64,-0.19756775060695012,0.10875193783841605,0.9375,8.595834219280204e-22,-0.20809474121341187,0.0948063821857403,0.96875,5.902751009165786e-26,22390.5625,85,"[1, 2, 3, 4, 5, 6, 7, 8, 9, 10, 11, 12, 13, 14, 15, 16, 17, 18, 19, 20, 21, 22, 23, 24, 25, 26, 27, 28, 29, 30, 31, 32, 33, 34, 35, 36, 37, 38, 39, 40, 41, 42, 43, 44, 45, 46, 47, 48, 49, 50, 51, 52, 53, 54, 55, 56, 57, 58, 59, 60, 61, 62, 63, 64, 80, 81, 82, 83, 84, 85]","[65, 66, 67, 68, 69, 70, 71, 72, 73, 74, 75, 76, 77, 78, 79]","[86, 87, 88, 89, 90, 91, 92, 93, 94, 95, 96, 97, 98, 99, 100, 101, 102, 103, 104, 105, 106, 107, 108]",True,4.34723843475113e-20,True,1.1166341803855546e-24,True,development pearson_fdr_reject AND pearson_pct_same_sign >= 0.70 AND abs(mean_pearson_ic) >= 0.05
BB8_T5,300,64,-0.19587173432454752,0.10809496952209152,0.9375,9.738694526956844e-22,-0.20556446907919784,0.09401382819465111,0.96875,7.219145738469483e-26,22360.5625,85,"[1, 2, 3, 4, 5, 6, 7, 8, 9, 10, 11, 12, 13, 14, 15, 16, 17, 18, 19, 20, 21, 22, 23, 24, 25, 26, 27, 28, 29, 30, 31, 32, 33, 34, 35, 36, 37, 38, 39, 40, 41, 42, 43, 44, 45, 46, 47, 48, 49, 50, 51, 52, 53, 54, 55, 56, 57, 58, 59, 60, 61, 62, 63, 64, 80, 81, 82, 83, 84, 85]","[65, 66, 67, 68, 69, 70, 71, 72, 73, 74, 75, 76, 77, 78, 79]","[86, 87, 88, 89, 90, 91, 92, 93, 94, 95, 96, 97, 98, 99, 100, 101, 102, 103, 104, 105, 106, 107, 108]",True,4.34723843475113e-20,True,1.1867745219186314e-24,True,development pearson_fdr_reject AND pearson_pct_same_sign >= 0.70 AND abs(mean_pearson_ic) >= 0.05
BB8_T6,300,64,-0.1941357508235975,0.10756813344917948,0.9375,1.1840212084755759e-21,-0.20314178923339163,0.09341155362640208,0.953125,9.592496110279943e-26,22330.5625,85,"[1, 2, 3, 4, 5, 6, 7, 8, 9, 10, 11, 12, 13, 14, 15, 16, 17, 18, 19, 20, 21, 22, 23, 24, 25, 26, 27, 28, 29, 30, 31, 32, 33, 34, 35, 36, 37, 38, 39, 40, 41, 42, 43, 44, 45, 46, 47, 48, 49, 50, 51, 52, 53, 54, 55, 56, 57, 58, 59, 60, 61, 62, 63, 64, 80, 81, 82, 83, 84, 85]","[65, 66, 67, 68, 69, 70, 71, 72, 73, 74, 75, 76, 77, 78, 79]","[86, 87, 88, 89, 90, 91, 92, 93, 94, 95, 96, 97, 98, 99, 100, 101, 102, 103, 104, 105, 106, 107, 108]",True,4.34723843475113e-20,True,1.4535997395182984e-24,True,development pearson_fdr_reject AND pearson_pct_same_sign >= 0.70 AND abs(mean_pearson_ic) >= 0.05
BB8_T7,300,64,-0.18608661245447297,0.1069650124915725,0.9375,6.949096214360282e-21,-0.19361148484898888,0.09158014844640172,0.953125,4.174833995074215e-25,22150.5625,85,"[1, 2, 3, 4, 5, 6, 7, 8, 9, 10, 11, 12, 13, 14, 15, 16, 17, 18, 19, 20, 21, 22, 23, 24, 25, 26, 27, 28, 29, 30, 31, 32, 33, 34, 35, 36, 37, 38, 39, 40, 41, 42, 43, 44, 45, 46, 47, 48, 49, 50, 51, 52, 53, 54, 55, 56, 57, 58, 59, 60, 61, 62, 63, 64, 80, 81, 82, 83, 84, 85]","[65, 66, 67, 68, 69, 70, 71, 72, 73, 74, 75, 76, 77, 78, 79]","[86, 87, 88, 89, 90, 91, 92, 93, 94, 95, 96, 97, 98, 99, 100, 101, 102, 103, 104, 105, 106, 107, 108]",True,5.174380909615253e-20,True,4.889508967112344e-24,True,development pearson_fdr_reject AND pearson_pct_same_sign >= 0.70 AND abs(mean_pearson_ic) >= 0.05
BB8_T8,300,64,-0.17653208529869782,0.1027995580696456,0.9375,1.2899548475518967e-20,-0.18595772944061711,0.08877419697942217,0.953125,6.724030256159207e-25,21850.5625,85,"[1, 2, 3, 4, 5, 6, 7, 8, 9, 10, 11, 12, 13, 14, 15, 16, 17, 18, 19, 20, 21, 22, 23, 24, 25, 26, 27, 28, 29, 30, 31, 32, 33, 34, 35, 36, 37, 38, 39, 40, 41, 42, 43, 44, 45, 46, 47, 48, 49, 50, 51, 52, 53, 54, 55, 56, 57, 58, 59, 60, 61, 62, 63, 64, 80, 81, 82, 83, 84, 85]","[65, 66, 67, 68, 69, 70, 71, 72, 73, 74, 75, 76, 77, 78, 79]","[86, 87, 88, 89, 90, 91, 92, 93, 94, 95, 96, 97, 98, 99, 100, 101, 102, 103, 104, 105, 106, 107, 108]",True,8.704675777913679e-20,True,7.237235057641763e-24,True,development pearson_fdr_reject AND pearson_pct_same_sign >= 0.70 AND abs(mean_pearson_ic) >= 0.05
BB8_T9,300,64,-0.1664978720229978,0.1060417200057241,0.9375,8.2328635619551e-19,-0.17690443057864275,0.08990014136387524,0.953125,1.6339463459917895e-23,21550.5625,85,"[1, 2, 3, 4, 5, 6, 7, 8, 9, 10, 11, 12, 13, 14, 15, 16, 17, 18, 19, 20, 21, 22, 23, 24, 25, 26, 27, 28, 29, 30, 31, 32, 33, 34, 35, 36, 37, 38, 39, 40, 41, 42, 43, 44, 45, 46, 47, 48, 49, 50, 51, 52, 53, 54, 55, 56, 57, 58, 59, 60, 61, 62, 63, 64, 80, 81, 82, 83, 84, 85]","[65, 66, 67, 68, 69, 70, 71, 72, 73, 74, 75, 76, 77, 78, 79]","[86, 87, 88, 89, 90, 91, 92, 93, 94, 95, 96, 97, 98, 99, 100, 101, 102, 103, 104, 105, 106, 107, 108]",True,3.896512822815735e-18,True,1.3283022648003843e-22,True,development pearson_fdr_reject AND pearson_pct_same_sign >= 0.70 AND abs(mean_pearson_ic) >= 0.05
PB10_T1,300,64,-0.20048841929366237,0.1104443635015737,0.9375,8.923462176781669e-22,-0.21323659722219646,0.09647551982215113,0.96875,4.0958084191335457e-26,22448.5625,85,"[1, 2, 3, 4, 5, 6, 7, 8, 9, 10, 11, 12, 13, 14, 15, 16, 17, 18, 19, 20, 21, 22, 23, 24, 25, 26, 27, 28, 29, 30, 31, 32, 33, 34, 35, 36, 37, 38, 39, 40, 41, 42, 43, 44, 45, 46, 47, 48, 49, 50, 51, 52, 53, 54, 55, 56, 57, 58, 59, 60, 61, 62, 63, 64, 80, 81, 82, 83, 84, 85]","[65, 66, 67, 68, 69, 70, 71, 72, 73, 74, 75, 76, 77, 78, 79]","[86, 87, 88, 89, 90, 91, 92, 93, 94, 95, 96, 97, 98, 99, 100, 101, 102, 103, 104, 105, 106, 107, 108]",True,4.34723843475113e-20,True,1.0747895470353334e-24,True,development pearson_fdr_reject AND pearson_pct_same_sign >= 0.70 AND abs(mean_pearson_ic) >= 0.05
PB10_T10,300,64,-0.17485166136003016,0.09785743409091417,0.96875,1.9235296887970957e-21,-0.18560285905703255,0.08927825378848174,0.984375,9.9355618173135e-25,22448.5625,85,"[1, 2, 3, 4, 5, 6, 7, 8, 9, 10, 11, 12, 13, 14, 15, 16, 17, 18, 19, 20, 21, 22, 23, 24, 25, 26, 27, 28, 29, 30, 31, 32, 33, 34, 35, 36, 37, 38, 39, 40, 41, 42, 43, 44, 45, 46, 47, 48, 49, 50, 51, 52, 53, 54, 55, 56, 57, 58, 59, 60, 61, 62, 63, 64, 80, 81, 82, 83, 84, 85]","[65, 66, 67, 68, 69, 70, 71, 72, 73, 74, 75, 76, 77, 78, 79]","[86, 87, 88, 89, 90, 91, 92, 93, 94, 95, 96, 97, 98, 99, 100, 101, 102, 103, 104, 105, 106, 107, 108]",True,4.34723843475113e-20,True,1.030851834198743e-23,True,development pearson_fdr_reject AND pearson_pct_same_sign >= 0.70 AND abs(mean_pearson_ic) >= 0.05
PB10_T11,300,64,-0.17112646631793274,0.09743151997616027,0.96875,4.4003253270051055e-21,-0.18244416986975343,0.08679764344992955,0.984375,5.628763834914914e-25,22448.5625,85,"[1, 2, 3, 4, 5, 6, 7, 8, 9, 10, 11, 12, 13, 14, 15, 16, 17, 18, 19, 20, 21, 22, 23, 24, 25, 26, 27, 28, 29, 30, 31, 32, 33, 34, 35, 36, 37, 38, 39, 40, 41, 42, 43, 44, 45, 46, 47, 48, 49, 50, 51, 52, 53, 54, 55, 56, 57, 58, 59, 60, 61, 62, 63, 64, 80, 81, 82, 83, 84, 85]","[65, 66, 67, 68, 69, 70, 71, 72, 73, 74, 75, 76, 77, 78, 79]","[86, 87, 88, 89, 90, 91, 92, 93, 94, 95, 96, 97, 98, 99, 100, 101, 102, 103, 104, 105, 106, 107, 108]",True,4.677884309170043e-20,True,6.253176543289719e-24,True,development pearson_fdr_reject AND pearson_pct_same_sign >= 0.70 AND abs(mean_pearson_ic) >= 0.05
PB10_T12,300,64,-0.1642217164109342,0.09792971472686385,0.953125,3.9577601809455474e-20,-0.16622537145525806,0.08984863033392251,0.96875,3.526018030320915e-22,22448.5625,85,"[1, 2, 3, 4, 5, 6, 7, 8, 9, 10, 11, 12, 13, 14, 15, 16, 17, 18, 19, 20, 21, 22, 23, 24, 25, 26, 27, 28, 29, 30, 31, 32, 33, 34, 35, 36, 37, 38, 39, 40, 41, 42, 43, 44, 45, 46, 47, 48, 49, 50, 51, 52, 53, 54, 55, 56, 57, 58, 59, 60, 61, 62, 63, 64, 80, 81, 82, 83, 84, 85]","[65, 66, 67, 68, 69, 70, 71, 72, 73, 74, 75, 76, 77, 78, 79]","[86, 87, 88, 89, 90, 91, 92, 93, 94, 95, 96, 97, 98, 99, 100, 101, 102, 103, 104, 105, 106, 107, 108]",True,2.495266683424611e-19,True,2.2813468716776708e-21,True,development pearson_fdr_reject AND pearson_pct_same_sign >= 0.70 AND abs(mean_pearson_ic) >= 0.05
PB10_T2,300,64,-0.2002325235933836,0.11044399636979477,0.9375,9.494771279632431e-22,-0.2129329656163605,0.09648808984519616,0.96875,4.444829763641704e-26,22448.5625,85,"[1, 2, 3, 4, 5, 6, 7, 8, 9, 10, 11, 12, 13, 14, 15, 16, 17, 18, 19, 20, 21, 22, 23, 24, 25, 26, 27, 28, 29, 30, 31, 32, 33, 34, 35, 36, 37, 38, 39, 40, 41, 42, 43, 44, 45, 46, 47, 48, 49, 50, 51, 52, 53, 54, 55, 56, 57, 58, 59, 60, 61, 62, 63, 64, 80, 81, 82, 83, 84, 85]","[65, 66, 67, 68, 69, 70, 71, 72, 73, 74, 75, 76, 77, 78, 79]","[86, 87, 88, 89, 90, 91, 92, 93, 94, 95, 96, 97, 98, 99, 100, 101, 102, 103, 104, 105, 106, 107, 108]",True,4.34723843475113e-20,True,1.0747895470353334e-24,True,development pearson_fdr_reject AND pearson_pct_same_sign >= 0.70 AND abs(mean_pearson_ic) >= 0.05
PB10_T3,300,64,-0.19951397165747978,0.11059138123063623,0.9375,1.2067409733813275e-21,-0.2118746083649644,0.09660747202442269,0.96875,6.161666887960252e-26,22448.5625,85,"[1, 2, 3, 4, 5, 6, 7, 8, 9, 10, 11, 12, 13, 14, 15, 16, 17, 18, 19, 20, 21, 22, 23, 24, 25, 26, 27, 28, 29, 30, 31, 32, 33, 34, 35, 36, 37, 38, 39, 40, 41, 42, 43, 44, 45, 46, 47, 48, 49, 50, 51, 52, 53, 54, 55, 56, 57, 58, 59, 60, 61, 62, 63, 64, 80, 81, 82, 83, 84, 85]","[65, 66, 67, 68, 69, 70, 71, 72, 73, 74, 75, 76, 77, 78, 79]","[86, 87, 88, 89, 90, 91, 92, 93, 94, 95, 96, 97, 98, 99, 100, 101, 102, 103, 104, 105, 106, 107, 108]",True,4.34723843475113e-20,True,1.1166341803855546e-24,True,development pearson_fdr_reject AND pearson_pct_same_sign >= 0.70 AND abs(mean_pearson_ic) >= 0.05
PB10_T4,300,64,-0.19857515375375578,0.11096657433559359,0.9375,1.7877740191453125e-21,-0.2105558479153624,0.09679689132101166,0.96875,9.469400752154824e-26,22448.5625,85,"[1, 2, 3, 4, 5, 6, 7, 8, 9, 10, 11, 12, 13, 14, 15, 16, 17, 18, 19, 20, 21, 22, 23, 24, 25, 26, 27, 28, 29, 30, 31, 32, 33, 34, 35, 36, 37, 38, 39, 40, 41, 42, 43, 44, 45, 46, 47, 48, 49, 50, 51, 52, 53, 54, 55, 56, 57, 58, 59, 60, 61, 62, 63, 64, 80, 81, 82, 83, 84, 85]","[65, 66, 67, 68, 69, 70, 71, 72, 73, 74, 75, 76, 77, 78, 79]","[86, 87, 88, 89, 90, 91, 92, 93, 94, 95, 96, 97, 98, 99, 100, 101, 102, 103, 104, 105, 106, 107, 108]",True,4.34723843475113e-20,True,1.4476451149865008e-24,True,development pearson_fdr_reject AND pearson_pct_same_sign >= 0.70 AND abs(mean_pearson_ic) >= 0.05
PB10_T5,300,64,-0.19786859859375072,0.11163077144002409,0.9375,2.833291120621475e-21,-0.2097539339172849,0.09721849384787706,0.96875,1.4504754078857029e-25,22448.5625,85,"[1, 2, 3, 4, 5, 6, 7, 8, 9, 10, 11, 12, 13, 14, 15, 16, 17, 18, 19, 20, 21, 22, 23, 24, 25, 26, 27, 28, 29, 30, 31, 32, 33, 34, 35, 36, 37, 38, 39, 40, 41, 42, 43, 44, 45, 46, 47, 48, 49, 50, 51, 52, 53, 54, 55, 56, 57, 58, 59, 60, 61, 62, 63, 64, 80, 81, 82, 83, 84, 85]","[65, 66, 67, 68, 69, 70, 71, 72, 73, 74, 75, 76, 77, 78, 79]","[86, 87, 88, 89, 90, 91, 92, 93, 94, 95, 96, 97, 98, 99, 100, 101, 102, 103, 104, 105, 106, 107, 108]",True,4.34723843475113e-20,True,2.004557013698041e-24,True,development pearson_fdr_reject AND pearson_pct_same_sign >= 0.70 AND abs(mean_pearson_ic) >= 0.05
PB10_T6,300,64,-0.19721985708741802,0.11229693931259555,0.9375,4.417369589681086e-21,-0.20903785374772788,0.09756251934965533,0.96875,2.0837361489155218e-25,22448.5625,85,"[1, 2, 3, 4, 5, 6, 7, 8, 9, 10, 11, 12, 13, 14, 15, 16, 17, 18, 19, 20, 21, 22, 23, 24, 25, 26, 27, 28, 29, 30, 31, 32, 33, 34, 35, 36, 37, 38, 39, 40, 41, 42, 43, 44, 45, 46, 47, 48, 49, 50, 51, 52, 53, 54, 55, 56, 57, 58, 59, 60, 61, 62, 63, 64, 80, 81, 82, 83, 84, 85]","[65, 66, 67, 68, 69, 70, 71, 72, 73, 74, 75, 76, 77, 78, 79]","[86, 87, 88, 89, 90, 91, 92, 93, 94, 95, 96, 97, 98, 99, 100, 101, 102, 103, 104, 105, 106, 107, 108]",True,4.681598752254035e-20,True,2.7373796176817974e-24,True,development pearson_fdr_reject AND pearson_pct_same_sign >= 0.70 AND abs(mean_pearson_ic) >= 0.05
PB10_T7,300,64,-0.19261787989556994,0.11324228316013348,0.9375,2.027041317377437e-20,-0.20364616858304793,0.09933711481585743,0.953125,2.0378138436310676e-24,22448.5625,85,"[1, 2, 3, 4, 5, 6, 7, 8, 9, 10, 11, 12, 13, 14, 15, 16, 17, 18, 19, 20, 21, 22, 23, 24, 25, 26, 27, 28, 29, 30, 31, 32, 33, 34, 35, 36, 37, 38, 39, 40, 41, 42, 43, 44, 45, 46, 47, 48, 49, 50, 51, 52, 53, 54, 55, 56, 57, 58, 59, 60, 61, 62, 63, 64, 80, 81, 82, 83, 84, 85]","[65, 66, 67, 68, 69, 70, 71, 72, 73, 74, 75, 76, 77, 78, 79]","[86, 87, 88, 89, 90, 91, 92, 93, 94, 95, 96, 97, 98, 99, 100, 101, 102, 103, 104, 105, 106, 107, 108]",True,1.3264067711248191e-19,True,1.9888832852387963e-23,True,development pearson_fdr_reject AND pearson_pct_same_sign >= 0.70 AND abs(mean_pearson_ic) >= 0.05
PB10_T8,300,64,-0.1862327201834858,0.11072842469472702,0.9375,3.446028418264641e-20,-0.1951263366018899,0.0985179979659594,0.96875,1.176940634184227e-23,22448.5625,85,"[1, 2, 3, 4, 5, 6, 7, 8, 9, 10, 11, 12, 13, 14, 15, 16, 17, 18, 19, 20, 21, 22, 23, 24, 25, 26, 27, 28, 29, 30, 31, 32, 33, 34, 35, 36, 37, 38, 39, 40, 41, 42, 43, 44, 45, 46, 47, 48, 49, 50, 51, 52, 53, 54, 55, 56, 57, 58, 59, 60, 61, 62, 63, 64, 80, 81, 82, 83, 84, 85]","[65, 66, 67, 68, 69, 70, 71, 72, 73, 74, 75, 76, 77, 78, 79]","[86, 87, 88, 89, 90, 91, 92, 93, 94, 95, 96, 97, 98, 99, 100, 101, 102, 103, 104, 105, 106, 107, 108]",True,2.1886081222618266e-19,True,9.658740833982195e-23,True,development pearson_fdr_reject AND pearson_pct_same_sign >= 0.70 AND abs(mean_pearson_ic) >= 0.05
PB10_T9,300,64,-0.1822543195078541,0.10554933579157343,0.953125,9.930333425618788e-21,-0.1919401795504826,0.09404990163762623,0.984375,2.566486539162286e-24,22448.5625,85,"[1, 2, 3, 4, 5, 6, 7, 8, 9, 10, 11, 12, 13, 14, 15, 16, 17, 18, 19, 20, 21, 22, 23, 24, 25, 26, 27, 28, 29, 30, 31, 32, 33, 34, 35, 36, 37, 38, 39, 40, 41, 42, 43, 44, 45, 46, 47, 48, 49, 50, 51, 52, 53, 54, 55, 56, 57, 58, 59, 60, 61, 62, 63, 64, 80, 81, 82, 83, 84, 85]","[65, 66, 67, 68, 69, 70, 71, 72, 73, 74, 75, 76, 77, 78, 79]","[86, 87, 88, 89, 90, 91, 92, 93, 94, 95, 96, 97, 98, 99, 100, 101, 102, 103, 104, 105, 106, 107, 108]",True,6.97343536290913e-20,True,2.471425395688332e-23,True,development pearson_fdr_reject AND pearson_pct_same_sign >= 0.70 AND abs(mean_pearson_ic) >= 0.05
PB11_T1,300,64,-0.20052742117589895,0.11036536681587247,0.9375,8.536309680187384e-22,-0.21305362017614754,0.09632882163726661,0.96875,3.955373052420233e-26,22448.5625,85,"[1, 2, 3, 4, 5, 6, 7, 8, 9, 10, 11, 12, 13, 14, 15, 16, 17, 18, 19, 20, 21, 22, 23, 24, 25, 26, 27, 28, 29, 30, 31, 32, 33, 34, 35, 36, 37, 38, 39, 40, 41, 42, 43, 44, 45, 46, 47, 48, 49, 50, 51, 52, 53, 54, 55, 56, 57, 58, 59, 60, 61, 62, 63, 64, 80, 81, 82, 83, 84, 85]","[65, 66, 67, 68, 69, 70, 71, 72, 73, 74, 75, 76, 77, 78, 79]","[86, 87, 88, 89, 90, 91, 92, 93, 94, 95, 96, 97, 98, 99, 100, 101, 102, 103, 104, 105, 106, 107, 108]",True,4.34723843475113e-20,True,1.0747895470353334e-24,True,development pearson_fdr_reject AND pearson_pct_same_sign >= 0.70 AND abs(mean_pearson_ic) >= 0.05
PB11_T10,300,64,-0.16865693312890312,0.0983663691179824,0.9375,1.388671627705498e-20,-0.1805221504381007,0.08791141680552556,0.96875,1.8717301230575323e-24,22448.5625,85,"[1, 2, 3, 4, 5, 6, 7, 8, 9, 10, 11, 12, 13, 14, 15, 16, 17, 18, 19, 20, 21, 22, 23, 24, 25, 26, 27, 28, 29, 30, 31, 32, 33, 34, 35, 36, 37, 38, 39, 40, 41, 42, 43, 44, 45, 46, 47, 48, 49, 50, 51, 52, 53, 54, 55, 56, 57, 58, 59, 60, 61, 62, 63, 64, 80, 81, 82, 83, 84, 85]","[65, 66, 67, 68, 69, 70, 71, 72, 73, 74, 75, 76, 77, 78, 79]","[86, 87, 88, 89, 90, 91, 92, 93, 94, 95, 96, 97, 98, 99, 100, 101, 102, 103, 104, 105, 106, 107, 108]",True,9.244432511989394e-20,True,1.8371669247624357e-23,True,development pearson_fdr_reject AND pearson_pct_same_sign >= 0.70 AND abs(mean_pearson_ic) >= 0.05
PB11_T11,300,64,-0.16720623416348518,0.0994506955905465,0.953125,3.503243632752751e-20,-0.1804971399608799,0.08738062362994228,0.953125,1.3815484295422415e-24,22448.5625,85,"[1, 2, 3, 4, 5, 6, 7, 8, 9, 10, 11, 12, 13, 14, 15, 16, 17, 18, 19, 20, 21, 22, 23, 24, 25, 26, 27, 28, 29, 30, 31, 32, 33, 34, 35, 36, 37, 38, 39, 40, 41, 42, 43, 44, 45, 46, 47, 48, 49, 50, 51, 52, 53, 54, 55, 56, 57, 58, 59, 60, 61, 62, 63, 64, 80, 81, 82, 83, 84, 85]","[65, 66, 67, 68, 69, 70, 71, 72, 73, 74, 75, 76, 77, 78, 79]","[86, 87, 88, 89, 90, 91, 92, 93, 94, 95, 96, 97, 98, 99, 100, 101, 102, 103, 104, 105, 106, 107, 108]",True,2.2208636240661937e-19,True,1.403897007078954e-23,True,development pearson_fdr_reject AND pearson_pct_same_sign >= 0.70 AND abs(mean_pearson_ic) >= 0.05
PB11_T12,300,64,-0.15953751329612434,0.10099069874810275,0.953125,6.24214934280353e-19,-0.1646352333995864,0.08995063140122993,0.96875,5.97181722141675e-22,22448.5625,85,"[1, 2, 3, 4, 5, 6, 7, 8, 9, 10, 11, 12, 13, 14, 15, 16, 17, 18, 19, 20, 21, 22, 23, 24, 25, 26, 27, 28, 29, 30, 31, 32, 33, 34, 35, 36, 37, 38, 39, 40, 41, 42, 43, 44, 45, 46, 47, 48, 49, 50, 51, 52, 53, 54, 55, 56, 57, 58, 59, 60, 61, 62, 63, 64, 80, 81, 82, 83, 84, 85]","[65, 66, 67, 68, 69, 70, 71, 72, 73, 74, 75, 76, 77, 78, 79]","[86, 87, 88, 89, 90, 91, 92, 93, 94, 95, 96, 97, 98, 99, 100, 101, 102, 103, 104, 105, 106, 107, 108]",True,3.0332807284650067e-18,True,3.6976036738342064e-21,True,development pearson_fdr_reject AND pearson_pct_same_sign >= 0.70 AND abs(mean_pearson_ic) >= 0.05
PB11_T2,300,64,-0.20028900055198412,0.11026219368483839,0.9375,8.642832724339199e-22,-0.21261373739717687,0.09621709707753281,0.953125,4.14849564833421e-26,22448.5625,85,"[1, 2, 3, 4, 5, 6, 7, 8, 9, 10, 11, 12, 13, 14, 15, 16, 17, 18, 19, 20, 21, 22, 23, 24, 25, 26, 27, 28, 29, 30, 31, 32, 33, 34, 35, 36, 37, 38, 39, 40, 41, 42, 43, 44, 45, 46, 47, 48, 49, 50, 51, 52, 53, 54, 55, 56, 57, 58, 59, 60, 61, 62, 63, 64, 80, 81, 82, 83, 84, 85]","[65, 66, 67, 68, 69, 70, 71, 72, 73, 74, 75, 76, 77, 78, 79]","[86, 87, 88, 89, 90, 91, 92, 93, 94, 95, 96, 97, 98, 99, 100, 101, 102, 103, 104, 105, 106, 107, 108]",True,4.34723843475113e-20,True,1.0747895470353334e-24,True,development pearson_fdr_reject AND pearson_pct_same_sign >= 0.70 AND abs(mean_pearson_ic) >= 0.05
PB11_T3,300,64,-0.19927126857717642,0.10981026818143425,0.9375,9.06880563880326e-22,-0.2110491044214644,0.09572885007296005,0.953125,4.681429901309056e-26,22448.5625,85,"[1, 2, 3, 4, 5, 6, 7, 8, 9, 10, 11, 12, 13, 14, 15, 16, 17, 18, 19, 20, 21, 22, 23, 24, 25, 26, 27, 28, 29, 30, 31, 32, 33, 34, 35, 36, 37, 38, 39, 40, 41, 42, 43, 44, 45, 46, 47, 48, 49, 50, 51, 52, 53, 54, 55, 56, 57, 58, 59, 60, 61, 62, 63, 64, 80, 81, 82, 83, 84, 85]","[65, 66, 67, 68, 69, 70, 71, 72, 73, 74, 75, 76, 77, 78, 79]","[86, 87, 88, 89, 90, 91, 92, 93, 94, 95, 96, 97, 98, 99, 100, 101, 102, 103, 104, 105, 106, 107, 108]",True,4.34723843475113e-20,True,1.0747895470353334e-24,True,development pearson_fdr_reject AND pearson_pct_same_sign >= 0.70 AND abs(mean_pearson_ic) >= 0.05
PB11_T4,300,64,-0.19783481539550646,0.10919763474554635,0.9375,9.822901461965283e-22,-0.2087680036934902,0.09493012644090942,0.953125,5.335227763344862e-26,22448.5625,85,"[1, 2, 3, 4, 5, 6, 7, 8, 9, 10, 11, 12, 13, 14, 15, 16, 17, 18, 19, 20, 21, 22, 23, 24, 25, 26, 27, 28, 29, 30, 31, 32, 33, 34, 35, 36, 37, 38, 39, 40, 41, 42, 43, 44, 45, 46, 47, 48, 49, 50, 51, 52, 53, 54, 55, 56, 57, 58, 59, 60, 61, 62, 63, 64, 80, 81, 82, 83, 84, 85]","[65, 66, 67, 68, 69, 70, 71, 72, 73, 74, 75, 76, 77, 78, 79]","[86, 87, 88, 89, 90, 91, 92, 93, 94, 95, 96, 97, 98, 99, 100, 101, 102, 103, 104, 105, 106, 107, 108]",True,4.34723843475113e-20,True,1.1100410600061235e-24,True,development pearson_fdr_reject AND pearson_pct_same_sign >= 0.70 AND abs(mean_pearson_ic) >= 0.05
PB11_T5,300,64,-0.1965782320220366,0.10879229747423542,0.9375,1.1176445993971775e-21,-0.2067821889279678,0.09436370107747223,0.953125,6.435513475330138e-26,22448.5625,85,"[1, 2, 3, 4, 5, 6, 7, 8, 9, 10, 11, 12, 13, 14, 15, 16, 17, 18, 19, 20, 21, 22, 23, 24, 25, 26, 27, 28, 29, 30, 31, 32, 33, 34, 35, 36, 37, 38, 39, 40, 41, 42, 43, 44, 45, 46, 47, 48, 49, 50, 51, 52, 53, 54, 55, 56, 57, 58, 59, 60, 61, 62, 63, 64, 80, 81, 82, 83, 84, 85]","[65, 66, 67, 68, 69, 70, 71, 72, 73, 74, 75, 76, 77, 78, 79]","[86, 87, 88, 89, 90, 91, 92, 93, 94, 95, 96, 97, 98, 99, 100, 101, 102, 103, 104, 105, 106, 107, 108]",True,4.34723843475113e-20,True,1.1166341803855546e-24,True,development pearson_fdr_reject AND pearson_pct_same_sign >= 0.70 AND abs(mean_pearson_ic) >= 0.05
PB11_T6,300,64,-0.19538687231600826,0.1084468263771887,0.9375,1.2866899553877227e-21,-0.20501560504303462,0.0937980953531682,0.953125,7.36290923531063e-26,22448.5625,85,"[1, 2, 3, 4, 5, 6, 7, 8, 9, 10, 11, 12, 13, 14, 15, 16, 17, 18, 19, 20, 21, 22, 23, 24, 25, 26, 27, 28, 29, 30, 31, 32, 33, 34, 35, 36, 37, 38, 39, 40, 41, 42, 43, 44, 45, 46, 47, 48, 49, 50, 51, 52, 53, 54, 55, 56, 57, 58, 59, 60, 61, 62, 63, 64, 80, 81, 82, 83, 84, 85]","[65, 66, 67, 68, 69, 70, 71, 72, 73, 74, 75, 76, 77, 78, 79]","[86, 87, 88, 89, 90, 91, 92, 93, 94, 95, 96, 97, 98, 99, 100, 101, 102, 103, 104, 105, 106, 107, 108]",True,4.34723843475113e-20,True,1.1999458211319919e-24,True,development pearson_fdr_reject AND pearson_pct_same_sign >= 0.70 AND abs(mean_pearson_ic) >= 0.05
PB11_T7,300,64,-0.18746601555367198,0.10511183899791701,0.9375,2.1039186556394754e-21,-0.19618089550032916,0.0907805852060841,0.953125,1.3330592104610568e-25,22448.5625,85,"[1, 2, 3, 4, 5, 6, 7, 8, 9, 10, 11, 12, 13, 14, 15, 16, 17, 18, 19, 20, 21, 22, 23, 24, 25, 26, 27, 28, 29, 30, 31, 32, 33, 34, 35, 36, 37, 38, 39, 40, 41, 42, 43, 44, 45, 46, 47, 48, 49, 50, 51, 52, 53, 54, 55, 56, 57, 58, 59, 60, 61, 62, 63, 64, 80, 81, 82, 83, 84, 85]","[65, 66, 67, 68, 69, 70, 71, 72, 73, 74, 75, 76, 77, 78, 79]","[86, 87, 88, 89, 90, 91, 92, 93, 94, 95, 96, 97, 98, 99, 100, 101, 102, 103, 104, 105, 106, 107, 108]",True,4.34723843475113e-20,True,1.8875899885831765e-24,True,development pearson_fdr_reject AND pearson_pct_same_sign >= 0.70 AND abs(mean_pearson_ic) >= 0.05
PB11_T8,300,64,-0.17831518799782659,0.10124898721344956,0.9375,3.86207112344616e-21,-0.1901727546136627,0.09080073816369817,0.953125,6.7790637254553705e-25,22448.5625,85,"[1, 2, 3, 4, 5, 6, 7, 8, 9, 10, 11, 12, 13, 14, 15, 16, 17, 18, 19, 20, 21, 22, 23, 24, 25, 26, 27, 28, 29, 30, 31, 32, 33, 34, 35, 36, 37, 38, 39, 40, 41, 42, 43, 44, 45, 46, 47, 48, 49, 50, 51, 52, 53, 54, 55, 56, 57, 58, 59, 60, 61, 62, 63, 64, 80, 81, 82, 83, 84, 85]","[65, 66, 67, 68, 69, 70, 71, 72, 73, 74, 75, 76, 77, 78, 79]","[86, 87, 88, 89, 90, 91, 92, 93, 94, 95, 96, 97, 98, 99, 100, 101, 102, 103, 104, 105, 106, 107, 108]",True,4.384016852861457e-20,True,7.251289526764182e-24,True,development pearson_fdr_reject AND pearson_pct_same_sign >= 0.70 AND abs(mean_pearson_ic) >= 0.05
PB11_T9,300,64,-0.17333955050318742,0.09886412649937702,0.9375,4.78503185336095e-21,-0.18605144794168837,0.08832818239454529,0.953125,5.049674171165702e-25,22448.5625,85,"[1, 2, 3, 4, 5, 6, 7, 8, 9, 10, 11, 12, 13, 14, 15, 16, 17, 18, 19, 20, 21, 22, 23, 24, 25, 26, 27, 28, 29, 30, 31, 32, 33, 34, 35, 36, 37, 38, 39, 40, 41, 42, 43, 44, 45, 46, 47, 48, 49, 50, 51, 52, 53, 54, 55, 56, 57, 58, 59, 60, 61, 62, 63, 64, 80, 81, 82, 83, 84, 85]","[65, 66, 67, 68, 69, 70, 71, 72, 73, 74, 75, 76, 77, 78, 79]","[86, 87, 88, 89, 90, 91, 92, 93, 94, 95, 96, 97, 98, 99, 100, 101, 102, 103, 104, 105, 106, 107, 108]",True,4.74021251594341e-20,True,5.7579618024348175e-24,True,development pearson_fdr_reject AND pearson_pct_same_sign >= 0.70 AND abs(mean_pearson_ic) >= 0.05
PB12_T12,300,64,-0.07756406429448484,0.12601233145352453,0.734375,6.428209006078114e-06,-0.07649556024823101,0.12970118095232228,0.765625,1.36561746106812e-05,18849.5625,85,"[1, 2, 3, 4, 5, 6, 7, 8, 9, 10, 11, 12, 13, 14, 15, 16, 17, 18, 19, 20, 21, 22, 23, 24, 25, 26, 27, 28, 29, 30, 31, 32, 33, 34, 35, 36, 37, 38, 39, 40, 41, 42, 43, 44, 45, 46, 47, 48, 49, 50, 51, 52, 53, 54, 55, 56, 57, 58, 59, 60, 61, 62, 63, 64, 80, 81, 82, 83, 84, 85]","[65, 66, 67, 68, 69, 70, 71, 72, 73, 74, 75, 76, 77, 78, 79]","[86, 87, 88, 89, 90, 91, 92, 93, 94, 95, 96, 97, 98, 99, 100, 101, 102, 103, 104, 105, 106, 107, 108]",True,1.8288169731592982e-05,True,2.7085008582707938e-05,True,development pearson_fdr_reject AND pearson_pct_same_sign >= 0.70 AND abs(mean_pearson_ic) >= 0.05
PB13_T12,300,64,-0.07676700909967188,0.11276738051448622,0.765625,9.055356711245599e-07,-0.0768604950355565,0.11560543777831454,0.765625,1.4691256650320251e-06,22448.5625,85,"[1, 2, 3, 4, 5, 6, 7, 8, 9, 10, 11, 12, 13, 14, 15, 16, 17, 18, 19, 20, 21, 22, 23, 24, 25, 26, 27, 28, 29, 30, 31, 32, 33, 34, 35, 36, 37, 38, 39, 40, 41, 42, 43, 44, 45, 46, 47, 48, 49, 50, 51, 52, 53, 54, 55, 56, 57, 58, 59, 60, 61, 62, 63, 64, 80, 81, 82, 83, 84, 85]","[65, 66, 67, 68, 69, 70, 71, 72, 73, 74, 75, 76, 77, 78, 79]","[86, 87, 88, 89, 90, 91, 92, 93, 94, 95, 96, 97, 98, 99, 100, 101, 102, 103, 104, 105, 106, 107, 108]",True,2.7859534672621143e-06,True,3.3305965700037053e-06,True,development pearson_fdr_reject AND pearson_pct_same_sign >= 0.70 AND abs(mean_pearson_ic) >= 0.05
PB14_T12,300,64,-0.07248123487647437,0.1302083820236552,0.765625,3.530968382761459e-05,-0.07503578647114656,0.13361337783258218,0.78125,3.0697607866499284e-05,18849.5625,85,"[1, 2, 3, 4, 5, 6, 7, 8, 9, 10, 11, 12, 13, 14, 15, 16, 17, 18, 19, 20, 21, 22, 23, 24, 25, 26, 27, 28, 29, 30, 31, 32, 33, 34, 35, 36, 37, 38, 39, 40, 41, 42, 43, 44, 45, 46, 47, 48, 49, 50, 51, 52, 53, 54, 55, 56, 57, 58, 59, 60, 61, 62, 63, 64, 80, 81, 82, 83, 84, 85]","[65, 66, 67, 68, 69, 70, 71, 72, 73, 74, 75, 76, 77, 78, 79]","[86, 87, 88, 89, 90, 91, 92, 93, 94, 95, 96, 97, 98, 99, 100, 101, 102, 103, 104, 105, 106, 107, 108]",True,9.270133558085745e-05,True,5.8306891247254004e-05,True,development pearson_fdr_reject AND pearson_pct_same_sign >= 0.70 AND abs(mean_pearson_ic) >= 0.05
PB1_T12,300,64,-0.07765949145917309,0.12590275308547508,0.734375,6.187349730839039e-06,-0.07649556018972882,0.12970118085816662,0.765625,1.3656174619758363e-05,18849.5625,85,"[1, 2, 3, 4, 5, 6, 7, 8, 9, 10, 11, 12, 13, 14, 15, 16, 17, 18, 19, 20, 21, 22, 23, 24, 25, 26, 27, 28, 29, 30, 31, 32, 33, 34, 35, 36, 37, 38, 39, 40, 41, 42, 43, 44, 45, 46, 47, 48, 49, 50, 51, 52, 53, 54, 55, 56, 57, 58, 59, 60, 61, 62, 63, 64, 80, 81, 82, 83, 84, 85]","[65, 66, 67, 68, 69, 70, 71, 72, 73, 74, 75, 76, 77, 78, 79]","[86, 87, 88, 89, 90, 91, 92, 93, 94, 95, 96, 97, 98, 99, 100, 101, 102, 103, 104, 105, 106, 107, 108]",True,1.766718456202466e-05,True,2.7085008582707938e-05,True,development pearson_fdr_reject AND pearson_pct_same_sign >= 0.70 AND abs(mean_pearson_ic) >= 0.05
PB4_T12,300,64,-0.07765949145917289,0.1259027530854751,0.734375,6.1873497308393154e-06,-0.07649555998883298,0.12970118078091408,0.765625,1.3656175094378359e-05,18849.5625,85,"[1, 2, 3, 4, 5, 6, 7, 8, 9, 10, 11, 12, 13, 14, 15, 16, 17, 18, 19, 20, 21, 22, 23, 24, 25, 26, 27, 28, 29, 30, 31, 32, 33, 34, 35, 36, 37, 38, 39, 40, 41, 42, 43, 44, 45, 46, 47, 48, 49, 50, 51, 52, 53, 54, 55, 56, 57, 58, 59, 60, 61, 62, 63, 64, 80, 81, 82, 83, 84, 85]","[65, 66, 67, 68, 69, 70, 71, 72, 73, 74, 75, 76, 77, 78, 79]","[86, 87, 88, 89, 90, 91, 92, 93, 94, 95, 96, 97, 98, 99, 100, 101, 102, 103, 104, 105, 106, 107, 108]",True,1.766718456202466e-05,True,2.7085008582707938e-05,True,development pearson_fdr_reject AND pearson_pct_same_sign >= 0.70 AND abs(mean_pearson_ic) >= 0.05
PB5_T12,300,64,-0.07756406429448429,0.12601233145352447,0.734375,6.428209006078865e-06,-0.07649556024823101,0.12970118095232228,0.765625,1.36561746106812e-05,18849.5625,85,"[1, 2, 3, 4, 5, 6, 7, 8, 9, 10, 11, 12, 13, 14, 15, 16, 17, 18, 19, 20, 21, 22, 23, 24, 25, 26, 27, 28, 29, 30, 31, 32, 33, 34, 35, 36, 37, 38, 39, 40, 41, 42, 43, 44, 45, 46, 47, 48, 49, 50, 51, 52, 53, 54, 55, 56, 57, 58, 59, 60, 61, 62, 63, 64, 80, 81, 82, 83, 84, 85]","[65, 66, 67, 68, 69, 70, 71, 72, 73, 74, 75, 76, 77, 78, 79]","[86, 87, 88, 89, 90, 91, 92, 93, 94, 95, 96, 97, 98, 99, 100, 101, 102, 103, 104, 105, 106, 107, 108]",True,1.8288169731592982e-05,True,2.7085008582707938e-05,True,development pearson_fdr_reject AND pearson_pct_same_sign >= 0.70 AND abs(mean_pearson_ic) >= 0.05
PB6_T10,300,64,-0.06676048694509182,0.13050332422753583,0.71875,0.00012361432623969474,-0.0696406608919415,0.1321668861319545,0.703125,8.113571408448869e-05,17951.5625,85,"[1, 2, 3, 4, 5, 6, 7, 8, 9, 10, 11, 12, 13, 14, 15, 16, 17, 18, 19, 20, 21, 22, 23, 24, 25, 26, 27, 28, 29, 30, 31, 32, 33, 34, 35, 36, 37, 38, 39, 40, 41, 42, 43, 44, 45, 46, 47, 48, 49, 50, 51, 52, 53, 54, 55, 56, 57, 58, 59, 60, 61, 62, 63, 64, 80, 81, 82, 83, 84, 85]","[65, 66, 67, 68, 69, 70, 71, 72, 73, 74, 75, 76, 77, 78, 79]","[86, 87, 88, 89, 90, 91, 92, 93, 94, 95, 96, 97, 98, 99, 100, 101, 102, 103, 104, 105, 106, 107, 108]",True,0.00029454310148837605,True,0.00014422194063132957,True,development pearson_fdr_reject AND pearson_pct_same_sign >= 0.70 AND abs(mean_pearson_ic) >= 0.05
PB6_T11,300,64,-0.07230732733868007,0.12118085021891889,0.78125,1.1170765115715288e-05,-0.07643813952527392,0.12330442678323292,0.78125,5.646786483176242e-06,17051.5625,85,"[1, 2, 3, 4, 5, 6, 7, 8, 9, 10, 11, 12, 13, 14, 15, 16, 17, 18, 19, 20, 21, 22, 23, 24, 25, 26, 27, 28, 29, 30, 31, 32, 33, 34, 35, 36, 37, 38, 39, 40, 41, 42, 43, 44, 45, 46, 47, 48, 49, 50, 51, 52, 53, 54, 55, 56, 57, 58, 59, 60, 61, 62, 63, 64, 80, 81, 82, 83, 84, 85]","[65, 66, 67, 68, 69, 70, 71, 72, 73, 74, 75, 76, 77, 78, 79]","[86, 87, 88, 89, 90, 91, 92, 93, 94, 95, 96, 97, 98, 99, 100, 101, 102, 103, 104, 105, 106, 107, 108]",True,3.107487397326596e-05,True,1.1816866928754643e-05,True,development pearson_fdr_reject AND pearson_pct_same_sign >= 0.70 AND abs(mean_pearson_ic) >= 0.05
PB6_T12,300,64,-0.13990046368824274,0.13379643577344855,0.890625,8.219328303038816e-12,-0.1389005509456573,0.13098334096185996,0.859375,5.106234704606351e-12,11651.5625,85,"[1, 2, 3, 4, 5, 6, 7, 8, 9, 10, 11, 12, 13, 14, 15, 16, 17, 18, 19, 20, 21, 22, 23, 24, 25, 26, 27, 28, 29, 30, 31, 32, 33, 34, 35, 36, 37, 38, 39, 40, 41, 42, 43, 44, 45, 46, 47, 48, 49, 50, 51, 52, 53, 54, 55, 56, 57, 58, 59, 60, 61, 62, 63, 64, 80, 81, 82, 83, 84, 85]","[65, 66, 67, 68, 69, 70, 71, 72, 73, 74, 75, 76, 77, 78, 79]","[86, 87, 88, 89, 90, 91, 92, 93, 94, 95, 96, 97, 98, 99, 100, 101, 102, 103, 104, 105, 106, 107, 108]",True,3.1206350864834185e-11,True,1.7228555570717717e-11,True,development pearson_fdr_reject AND pearson_pct_same_sign >= 0.70 AND abs(mean_pearson_ic) >= 0.05
PB6_T9,300,64,-0.05039969379573312,0.1268323289714452,0.703125,0.002291997915647083,-0.04709915512012797,0.11965453823372803,0.734375,0.002504586845204969,19751.5625,85,"[1, 2, 3, 4, 5, 6, 7, 8, 9, 10, 11, 12, 13, 14, 15, 16, 17, 18, 19, 20, 21, 22, 23, 24, 25, 26, 27, 28, 29, 30, 31, 32, 33, 34, 35, 36, 37, 38, 39, 40, 41, 42, 43, 44, 45, 46, 47, 48, 49, 50, 51, 52, 53, 54, 55, 56, 57, 58, 59, 60, 61, 62, 63, 64, 80, 81, 82, 83, 84, 85]","[65, 66, 67, 68, 69, 70, 71, 72, 73, 74, 75, 76, 77, 78, 79]","[86, 87, 88, 89, 90, 91, 92, 93, 94, 95, 96, 97, 98, 99, 100, 101, 102, 103, 104, 105, 106, 107, 108]",True,0.004339184262836735,True,0.0036404491166105043,True,development pearson_fdr_reject AND pearson_pct_same_sign >= 0.70 AND abs(mean_pearson_ic) >= 0.05
PB9_T1,300,64,-0.20072945280195337,0.11047334101196934,0.9375,8.524192416872362e-22,-0.2134772524016736,0.09644878455752968,0.96875,3.803965075938179e-26,22448.5625,85,"[1, 2, 3, 4, 5, 6, 7, 8, 9, 10, 11, 12, 13, 14, 15, 16, 17, 18, 19, 20, 21, 22, 23, 24, 25, 26, 27, 28, 29, 30, 31, 32, 33, 34, 35, 36, 37, 38, 39, 40, 41, 42, 43, 44, 45, 46, 47, 48, 49, 50, 51, 52, 53, 54, 55, 56, 57, 58, 59, 60, 61, 62, 63, 64, 80, 81, 82, 83, 84, 85]","[65, 66, 67, 68, 69, 70, 71, 72, 73, 74, 75, 76, 77, 78, 79]","[86, 87, 88, 89, 90, 91, 92, 93, 94, 95, 96, 97, 98, 99, 100, 101, 102, 103, 104, 105, 106, 107, 108]",True,4.34723843475113e-20,True,1.0747895470353334e-24,True,development pearson_fdr_reject AND pearson_pct_same_sign >= 0.70 AND abs(mean_pearson_ic) >= 0.05
PB9_T10,300,64,-0.20072945280195337,0.11047334101196934,0.9375,8.524192416872362e-22,-0.2134772524016736,0.09644878455752968,0.96875,3.803965075938179e-26,22448.5625,85,"[1, 2, 3, 4, 5, 6, 7, 8, 9, 10, 11, 12, 13, 14, 15, 16, 17, 18, 19, 20, 21, 22, 23, 24, 25, 26, 27, 28, 29, 30, 31, 32, 33, 34, 35, 36, 37, 38, 39, 40, 41, 42, 43, 44, 45, 46, 47, 48, 49, 50, 51, 52, 53, 54, 55, 56, 57, 58, 59, 60, 61, 62, 63, 64, 80, 81, 82, 83, 84, 85]","[65, 66, 67, 68, 69, 70, 71, 72, 73, 74, 75, 76, 77, 78, 79]","[86, 87, 88, 89, 90, 91, 92, 93, 94, 95, 96, 97, 98, 99, 100, 101, 102, 103, 104, 105, 106, 107, 108]",True,4.34723843475113e-20,True,1.0747895470353334e-24,True,development pearson_fdr_reject AND pearson_pct_same_sign >= 0.70 AND abs(mean_pearson_ic) >= 0.05
PB9_T11,300,64,-0.20072945280195337,0.11047334101196934,0.9375,8.524192416872362e-22,-0.2134772524016736,0.09644878455752968,0.96875,3.803965075938179e-26,22448.5625,85,"[1, 2, 3, 4, 5, 6, 7, 8, 9, 10, 11, 12, 13, 14, 15, 16, 17, 18, 19, 20, 21, 22, 23, 24, 25, 26, 27, 28, 29, 30, 31, 32, 33, 34, 35, 36, 37, 38, 39, 40, 41, 42, 43, 44, 45, 46, 47, 48, 49, 50, 51, 52, 53, 54, 55, 56, 57, 58, 59, 60, 61, 62, 63, 64, 80, 81, 82, 83, 84, 85]","[65, 66, 67, 68, 69, 70, 71, 72, 73, 74, 75, 76, 77, 78, 79]","[86, 87, 88, 89, 90, 91, 92, 93, 94, 95, 96, 97, 98, 99, 100, 101, 102, 103, 104, 105, 106, 107, 108]",True,4.34723843475113e-20,True,1.0747895470353334e-24,True,development pearson_fdr_reject AND pearson_pct_same_sign >= 0.70 AND abs(mean_pearson_ic) >= 0.05
PB9_T12,300,64,-0.20072945280195337,0.11047334101196934,0.9375,8.524192416872362e-22,-0.2134772524016736,0.09644878455752968,0.96875,3.803965075938179e-26,22448.5625,85,"[1, 2, 3, 4, 5, 6, 7, 8, 9, 10, 11, 12, 13, 14, 15, 16, 17, 18, 19, 20, 21, 22, 23, 24, 25, 26, 27, 28, 29, 30, 31, 32, 33, 34, 35, 36, 37, 38, 39, 40, 41, 42, 43, 44, 45, 46, 47, 48, 49, 50, 51, 52, 53, 54, 55, 56, 57, 58, 59, 60, 61, 62, 63, 64, 80, 81, 82, 83, 84, 85]","[65, 66, 67, 68, 69, 70, 71, 72, 73, 74, 75, 76, 77, 78, 79]","[86, 87, 88, 89, 90, 91, 92, 93, 94, 95, 96, 97, 98, 99, 100, 101, 102, 103, 104, 105, 106, 107, 108]",True,4.34723843475113e-20,True,1.0747895470353334e-24,True,development pearson_fdr_reject AND pearson_pct_same_sign >= 0.70 AND abs(mean_pearson_ic) >= 0.05
PB9_T2,300,64,-0.20072945280195337,0.11047334101196934,0.9375,8.524192416872362e-22,-0.2134772524016736,0.09644878455752968,0.96875,3.803965075938179e-26,22448.5625,85,"[1, 2, 3, 4, 5, 6, 7, 8, 9, 10, 11, 12, 13, 14, 15, 16, 17, 18, 19, 20, 21, 22, 23, 24, 25, 26, 27, 28, 29, 30, 31, 32, 33, 34, 35, 36, 37, 38, 39, 40, 41, 42, 43, 44, 45, 46, 47, 48, 49, 50, 51, 52, 53, 54, 55, 56, 57, 58, 59, 60, 61, 62, 63, 64, 80, 81, 82, 83, 84, 85]","[65, 66, 67, 68, 69, 70, 71, 72, 73, 74, 75, 76, 77, 78, 79]","[86, 87, 88, 89, 90, 91, 92, 93, 94, 95, 96, 97, 98, 99, 100, 101, 102, 103, 104, 105, 106, 107, 108]",True,4.34723843475113e-20,True,1.0747895470353334e-24,True,development pearson_fdr_reject AND pearson_pct_same_sign >= 0.70 AND abs(mean_pearson_ic) >= 0.05
PB9_T3,300,64,-0.20072945280195337,0.11047334101196934,0.9375,8.524192416872362e-22,-0.2134772524016736,0.09644878455752968,0.96875,3.803965075938179e-26,22448.5625,85,"[1, 2, 3, 4, 5, 6, 7, 8, 9, 10, 11, 12, 13, 14, 15, 16, 17, 18, 19, 20, 21, 22, 23, 24, 25, 26, 27, 28, 29, 30, 31, 32, 33, 34, 35, 36, 37, 38, 39, 40, 41, 42, 43, 44, 45, 46, 47, 48, 49, 50, 51, 52, 53, 54, 55, 56, 57, 58, 59, 60, 61, 62, 63, 64, 80, 81, 82, 83, 84, 85]","[65, 66, 67, 68, 69, 70, 71, 72, 73, 74, 75, 76, 77, 78, 79]","[86, 87, 88, 89, 90, 91, 92, 93, 94, 95, 96, 97, 98, 99, 100, 101, 102, 103, 104, 105, 106, 107, 108]",True,4.34723843475113e-20,True,1.0747895470353334e-24,True,development pearson_fdr_reject AND pearson_pct_same_sign >= 0.70 AND abs(mean_pearson_ic) >= 0.05
PB9_T4,300,64,-0.20072945280195337,0.11047334101196934,0.9375,8.524192416872362e-22,-0.2134772524016736,0.09644878455752968,0.96875,3.803965075938179e-26,22448.5625,85,"[1, 2, 3, 4, 5, 6, 7, 8, 9, 10, 11, 12, 13, 14, 15, 16, 17, 18, 19, 20, 21, 22, 23, 24, 25, 26, 27, 28, 29, 30, 31, 32, 33, 34, 35, 36, 37, 38, 39, 40, 41, 42, 43, 44, 45, 46, 47, 48, 49, 50, 51, 52, 53, 54, 55, 56, 57, 58, 59, 60, 61, 62, 63, 64, 80, 81, 82, 83, 84, 85]","[65, 66, 67, 68, 69, 70, 71, 72, 73, 74, 75, 76, 77, 78, 79]","[86, 87, 88, 89, 90, 91, 92, 93, 94, 95, 96, 97, 98, 99, 100, 101, 102, 103, 104, 105, 106, 107, 108]",True,4.34723843475113e-20,True,1.0747895470353334e-24,True,development pearson_fdr_reject AND pearson_pct_same_sign >= 0.70 AND abs(mean_pearson_ic) >= 0.05
PB9_T5,300,64,-0.20072945280195337,0.11047334101196934,0.9375,8.524192416872362e-22,-0.2134772524016736,0.09644878455752968,0.96875,3.803965075938179e-26,22448.5625,85,"[1, 2, 3, 4, 5, 6, 7, 8, 9, 10, 11, 12, 13, 14, 15, 16, 17, 18, 19, 20, 21, 22, 23, 24, 25, 26, 27, 28, 29, 30, 31, 32, 33, 34, 35, 36, 37, 38, 39, 40, 41, 42, 43, 44, 45, 46, 47, 48, 49, 50, 51, 52, 53, 54, 55, 56, 57, 58, 59, 60, 61, 62, 63, 64, 80, 81, 82, 83, 84, 85]","[65, 66, 67, 68, 69, 70, 71, 72, 73, 74, 75, 76, 77, 78, 79]","[86, 87, 88, 89, 90, 91, 92, 93, 94, 95, 96, 97, 98, 99, 100, 101, 102, 103, 104, 105, 106, 107, 108]",True,4.34723843475113e-20,True,1.0747895470353334e-24,True,development pearson_fdr_reject AND pearson_pct_same_sign >= 0.70 AND abs(mean_pearson_ic) >= 0.05
PB9_T6,300,64,-0.20072945280195337,0.11047334101196934,0.9375,8.524192416872362e-22,-0.2134772524016736,0.09644878455752968,0.96875,3.803965075938179e-26,22448.5625,85,"[1, 2, 3, 4, 5, 6, 7, 8, 9, 10, 11, 12, 13, 14, 15, 16, 17, 18, 19, 20, 21, 22, 23, 24, 25, 26, 27, 28, 29, 30, 31, 32, 33, 34, 35, 36, 37, 38, 39, 40, 41, 42, 43, 44, 45, 46, 47, 48, 49, 50, 51, 52, 53, 54, 55, 56, 57, 58, 59, 60, 61, 62, 63, 64, 80, 81, 82, 83, 84, 85]","[65, 66, 67, 68, 69, 70, 71, 72, 73, 74, 75, 76, 77, 78, 79]","[86, 87, 88, 89, 90, 91, 92, 93, 94, 95, 96, 97, 98, 99, 100, 101, 102, 103, 104, 105, 106, 107, 108]",True,4.34723843475113e-20,True,1.0747895470353334e-24,True,development pearson_fdr_reject AND pearson_pct_same_sign >= 0.70 AND abs(mean_pearson_ic) >= 0.05
PB9_T7,300,64,-0.20072945280195337,0.11047334101196934,0.9375,8.524192416872362e-22,-0.2134772524016736,0.09644878455752968,0.96875,3.803965075938179e-26,22448.5625,85,"[1, 2, 3, 4, 5, 6, 7, 8, 9, 10, 11, 12, 13, 14, 15, 16, 17, 18, 19, 20, 21, 22, 23, 24, 25, 26, 27, 28, 29, 30, 31, 32, 33, 34, 35, 36, 37, 38, 39, 40, 41, 42, 43, 44, 45, 46, 47, 48, 49, 50, 51, 52, 53, 54, 55, 56, 57, 58, 59, 60, 61, 62, 63, 64, 80, 81, 82, 83, 84, 85]","[65, 66, 67, 68, 69, 70, 71, 72, 73, 74, 75, 76, 77, 78, 79]","[86, 87, 88, 89, 90, 91, 92, 93, 94, 95, 96, 97, 98, 99, 100, 101, 102, 103, 104, 105, 106, 107, 108]",True,4.34723843475113e-20,True,1.0747895470353334e-24,True,development pearson_fdr_reject AND pearson_pct_same_sign >= 0.70 AND abs(mean_pearson_ic) >= 0.05
PB9_T8,300,64,-0.20072945280195337,0.11047334101196934,0.9375,8.524192416872362e-22,-0.2134772524016736,0.09644878455752968,0.96875,3.803965075938179e-26,22448.5625,85,"[1, 2, 3, 4, 5, 6, 7, 8, 9, 10, 11, 12, 13, 14, 15, 16, 17, 18, 19, 20, 21, 22, 23, 24, 25, 26, 27, 28, 29, 30, 31, 32, 33, 34, 35, 36, 37, 38, 39, 40, 41, 42, 43, 44, 45, 46, 47, 48, 49, 50, 51, 52, 53, 54, 55, 56, 57, 58, 59, 60, 61, 62, 63, 64, 80, 81, 82, 83, 84, 85]","[65, 66, 67, 68, 69, 70, 71, 72, 73, 74, 75, 76, 77, 78, 79]","[86, 87, 88, 89, 90, 91, 92, 93, 94, 95, 96, 97, 98, 99, 100, 101, 102, 103, 104, 105, 106, 107, 108]",True,4.34723843475113e-20,True,1.0747895470353334e-24,True,development pearson_fdr_reject AND pearson_pct_same_sign >= 0.70 AND abs(mean_pearson_ic) >= 0.05
PB9_T9,300,64,-0.20072945280195337,0.11047334101196934,0.9375,8.524192416872362e-22,-0.2134772524016736,0.09644878455752968,0.96875,3.803965075938179e-26,22448.5625,85,"[1, 2, 3, 4, 5, 6, 7, 8, 9, 10, 11, 12, 13, 14, 15, 16, 17, 18, 19, 20, 21, 22, 23, 24, 25, 26, 27, 28, 29, 30, 31, 32, 33, 34, 35, 36, 37, 38, 39, 40, 41, 42, 43, 44, 45, 46, 47, 48, 49, 50, 51, 52, 53, 54, 55, 56, 57, 58, 59, 60, 61, 62, 63, 64, 80, 81, 82, 83, 84, 85]","[65, 66, 67, 68, 69, 70, 71, 72, 73, 74, 75, 76, 77, 78, 79]","[86, 87, 88, 89, 90, 91, 92, 93, 94, 95, 96, 97, 98, 99, 100, 101, 102, 103, 104, 105, 106, 107, 108]",True,4.34723843475113e-20,True,1.0747895470353334e-24,True,development pearson_fdr_reject AND pearson_pct_same_sign >= 0.70 AND abs(mean_pearson_ic) >= 0.05
PV3_B2_T1,300,64,-0.05466764599059705,0.0598583308914749,0.859375,5.8357789076853e-10,-0.06501383479627164,0.07013461584090064,0.84375,3.7534936444042267e-10,22449.5625,85,"[1, 2, 3, 4, 5, 6, 7, 8, 9, 10, 11, 12, 13, 14, 15, 16, 17, 18, 19, 20, 21, 22, 23, 24, 25, 26, 27, 28, 29, 30, 31, 32, 33, 34, 35, 36, 37, 38, 39, 40, 41, 42, 43, 44, 45, 46, 47, 48, 49, 50, 51, 52, 53, 54, 55, 56, 57, 58, 59, 60, 61, 62, 63, 64, 80, 81, 82, 83, 84, 85]","[65, 66, 67, 68, 69, 70, 71, 72, 73, 74, 75, 76, 77, 78, 79]","[86, 87, 88, 89, 90, 91, 92, 93, 94, 95, 96, 97, 98, 99, 100, 101, 102, 103, 104, 105, 106, 107, 108]",True,2.115699488567965e-09,True,1.1211420318582173e-09,True,development pearson_fdr_reject AND pearson_pct_same_sign >= 0.70 AND abs(mean_pearson_ic) >= 0.05
PV3_B3_T1,300,64,-0.07584483398768047,0.06918995644916007,0.875,1.6248105070570768e-12,-0.08507500449177124,0.08316131733174048,0.875,1.7006490943218143e-11,22449.5625,85,"[1, 2, 3, 4, 5, 6, 7, 8, 9, 10, 11, 12, 13, 14, 15, 16, 17, 18, 19, 20, 21, 22, 23, 24, 25, 26, 27, 28, 29, 30, 31, 32, 33, 34, 35, 36, 37, 38, 39, 40, 41, 42, 43, 44, 45, 46, 47, 48, 49, 50, 51, 52, 53, 54, 55, 56, 57, 58, 59, 60, 61, 62, 63, 64, 80, 81, 82, 83, 84, 85]","[65, 66, 67, 68, 69, 70, 71, 72, 73, 74, 75, 76, 77, 78, 79]","[86, 87, 88, 89, 90, 91, 92, 93, 94, 95, 96, 97, 98, 99, 100, 101, 102, 103, 104, 105, 106, 107, 108]",True,6.2305441752299665e-12,True,5.553631966807059e-11,True,development pearson_fdr_reject AND pearson_pct_same_sign >= 0.70 AND abs(mean_pearson_ic) >= 0.05
PV3_B3_T2,300,64,-0.06536507276331176,0.0608542430265403,0.875,3.292502223152248e-12,-0.0819482687098394,0.08237832147313921,0.859375,4.2214630528079146e-11,22449.5625,85,"[1, 2, 3, 4, 5, 6, 7, 8, 9, 10, 11, 12, 13, 14, 15, 16, 17, 18, 19, 20, 21, 22, 23, 24, 25, 26, 27, 28, 29, 30, 31, 32, 33, 34, 35, 36, 37, 38, 39, 40, 41, 42, 43, 44, 45, 46, 47, 48, 49, 50, 51, 52, 53, 54, 55, 56, 57, 58, 59, 60, 61, 62, 63, 64, 80, 81, 82, 83, 84, 85]","[65, 66, 67, 68, 69, 70, 71, 72, 73, 74, 75, 76, 77, 78, 79]","[86, 87, 88, 89, 90, 91, 92, 93, 94, 95, 96, 97, 98, 99, 100, 101, 102, 103, 104, 105, 106, 107, 108]",True,1.2583622987821922e-11,True,1.3405473205378073e-10,True,development pearson_fdr_reject AND pearson_pct_same_sign >= 0.70 AND abs(mean_pearson_ic) >= 0.05
PV3_B3_T3,300,64,-0.051179659545777564,0.04985059671125952,0.875,1.5122319154595358e-11,-0.07989495260317289,0.08235297947403668,0.859375,9.336497724934336e-11,22449.5625,85,"[1, 2, 3, 4, 5, 6, 7, 8, 9, 10, 11, 12, 13, 14, 15, 16, 17, 18, 19, 20, 21, 22, 23, 24, 25, 26, 27, 28, 29, 30, 31, 32, 33, 34, 35, 36, 37, 38, 39, 40, 41, 42, 43, 44, 45, 46, 47, 48, 49, 50, 51, 52, 53, 54, 55, 56, 57, 58, 59, 60, 61, 62, 63, 64, 80, 81, 82, 83, 84, 85]","[65, 66, 67, 68, 69, 70, 71, 72, 73, 74, 75, 76, 77, 78, 79]","[86, 87, 88, 89, 90, 91, 92, 93, 94, 95, 96, 97, 98, 99, 100, 101, 102, 103, 104, 105, 106, 107, 108]",True,5.722630085337017e-11,True,2.91133570754947e-10,True,development pearson_fdr_reject AND pearson_pct_same_sign >= 0.70 AND abs(mean_pearson_ic) >= 0.05
PV3_B4_T1,300,64,-0.08770988387255269,0.06820874746486391,0.90625,4.100861302240864e-15,-0.10045830640424266,0.08606834967720947,0.90625,1.6943392374114325e-13,22449.5625,85,"[1, 2, 3, 4, 5, 6, 7, 8, 9, 10, 11, 12, 13, 14, 15, 16, 17, 18, 19, 20, 21, 22, 23, 24, 25, 26, 27, 28, 29, 30, 31, 32, 33, 34, 35, 36, 37, 38, 39, 40, 41, 42, 43, 44, 45, 46, 47, 48, 49, 50, 51, 52, 53, 54, 55, 56, 57, 58, 59, 60, 61, 62, 63, 64, 80, 81, 82, 83, 84, 85]","[65, 66, 67, 68, 69, 70, 71, 72, 73, 74, 75, 76, 77, 78, 79]","[86, 87, 88, 89, 90, 91, 92, 93, 94, 95, 96, 97, 98, 99, 100, 101, 102, 103, 104, 105, 106, 107, 108]",True,1.6398698841715494e-14,True,6.335435135558982e-13,True,development pearson_fdr_reject AND pearson_pct_same_sign >= 0.70 AND abs(mean_pearson_ic) >= 0.05
PV3_B4_T2,300,64,-0.07649275508793141,0.060206606404173066,0.90625,6.613726956858176e-15,-0.0981708953210616,0.08569352778740107,0.90625,3.3609459699167337e-13,22449.5625,85,"[1, 2, 3, 4, 5, 6, 7, 8, 9, 10, 11, 12, 13, 14, 15, 16, 17, 18, 19, 20, 21, 22, 23, 24, 25, 26, 27, 28, 29, 30, 31, 32, 33, 34, 35, 36, 37, 38, 39, 40, 41, 42, 43, 44, 45, 46, 47, 48, 49, 50, 51, 52, 53, 54, 55, 56, 57, 58, 59, 60, 61, 62, 63, 64, 80, 81, 82, 83, 84, 85]","[65, 66, 67, 68, 69, 70, 71, 72, 73, 74, 75, 76, 77, 78, 79]","[86, 87, 88, 89, 90, 91, 92, 93, 94, 95, 96, 97, 98, 99, 100, 101, 102, 103, 104, 105, 106, 107, 108]",True,2.6355740064527103e-14,True,1.2379603759128268e-12,True,development pearson_fdr_reject AND pearson_pct_same_sign >= 0.70 AND abs(mean_pearson_ic) >= 0.05
PV3_B4_T3,300,64,-0.0607603805350144,0.04928570015695784,0.90625,2.143550566184329e-14,-0.09670535318101556,0.08560684648222451,0.90625,5.584307805377836e-13,22449.5625,85,"[1, 2, 3, 4, 5, 6, 7, 8, 9, 10, 11, 12, 13, 14, 15, 16, 17, 18, 19, 20, 21, 22, 23, 24, 25, 26, 27, 28, 29, 30, 31, 32, 33, 34, 35, 36, 37, 38, 39, 40, 41, 42, 43, 44, 45, 46, 47, 48, 49, 50, 51, 52, 53, 54, 55, 56, 57, 58, 59, 60, 61, 62, 63, 64, 80, 81, 82, 83, 84, 85]","[65, 66, 67, 68, 69, 70, 71, 72, 73, 74, 75, 76, 77, 78, 79]","[86, 87, 88, 89, 90, 91, 92, 93, 94, 95, 96, 97, 98, 99, 100, 101, 102, 103, 104, 105, 106, 107, 108]",True,8.522401848293276e-14,True,2.0309245755347814e-12,True,development pearson_fdr_reject AND pearson_pct_same_sign >= 0.70 AND abs(mean_pearson_ic) >= 0.05
PV3_B4_T4,300,64,-0.051263344705253566,0.0422941664205478,0.90625,4.1109996239204426e-14,-0.09636372498225687,0.08517761002142199,0.90625,5.293082888870061e-13,22449.5625,85,"[1, 2, 3, 4, 5, 6, 7, 8, 9, 10, 11, 12, 13, 14, 15, 16, 17, 18, 19, 20, 21, 22, 23, 24, 25, 26, 27, 28, 29, 30, 31, 32, 33, 34, 35, 36, 37, 38, 39, 40, 41, 42, 43, 44, 45, 46, 47, 48, 49, 50, 51, 52, 53, 54, 55, 56, 57, 58, 59, 60, 61, 62, 63, 64, 80, 81, 82, 83, 84, 85]","[65, 66, 67, 68, 69, 70, 71, 72, 73, 74, 75, 76, 77, 78, 79]","[86, 87, 88, 89, 90, 91, 92, 93, 94, 95, 96, 97, 98, 99, 100, 101, 102, 103, 104, 105, 106, 107, 108]",True,1.625114839890747e-13,True,1.9311089103533326e-12,True,development pearson_fdr_reject AND pearson_pct_same_sign >= 0.70 AND abs(mean_pearson_ic) >= 0.05
PV3_B5_T1,300,64,-0.08029381660881718,0.06807848904087836,0.90625,1.1503013946440362e-13,-0.08325805544894807,0.09227200458458702,0.875,8.307658272580061e-10,22449.5625,85,"[1, 2, 3, 4, 5, 6, 7, 8, 9, 10, 11, 12, 13, 14, 15, 16, 17, 18, 19, 20, 21, 22, 23, 24, 25, 26, 27, 28, 29, 30, 31, 32, 33, 34, 35, 36, 37, 38, 39, 40, 41, 42, 43, 44, 45, 46, 47, 48, 49, 50, 51, 52, 53, 54, 55, 56, 57, 58, 59, 60, 61, 62, 63, 64, 80, 81, 82, 83, 84, 85]","[65, 66, 67, 68, 69, 70, 71, 72, 73, 74, 75, 76, 77, 78, 79]","[86, 87, 88, 89, 90, 91, 92, 93, 94, 95, 96, 97, 98, 99, 100, 101, 102, 103, 104, 105, 106, 107, 108]",True,4.505999227318759e-13,True,2.430394524281466e-09,True,development pearson_fdr_reject AND pearson_pct_same_sign >= 0.70 AND abs(mean_pearson_ic) >= 0.05
PV3_B5_T2,300,64,-0.07039583050602474,0.059477330205662274,0.90625,1.0090980751215408e-13,-0.08118510111263916,0.09169573604631338,0.875,1.4321515848621996e-09,22449.5625,85,"[1, 2, 3, 4, 5, 6, 7, 8, 9, 10, 11, 12, 13, 14, 15, 16, 17, 18, 19, 20, 21, 22, 23, 24, 25, 26, 27, 28, 29, 30, 31, 32, 33, 34, 35, 36, 37, 38, 39, 40, 41, 42, 43, 44, 45, 46, 47, 48, 49, 50, 51, 52, 53, 54, 55, 56, 57, 58, 59, 60, 61, 62, 63, 64, 80, 81, 82, 83, 84, 85]","[65, 66, 67, 68, 69, 70, 71, 72, 73, 74, 75, 76, 77, 78, 79]","[86, 87, 88, 89, 90, 91, 92, 93, 94, 95, 96, 97, 98, 99, 100, 101, 102, 103, 104, 105, 106, 107, 108]",True,3.9618566472101405e-13,True,4.133737448370008e-09,True,development pearson_fdr_reject AND pearson_pct_same_sign >= 0.70 AND abs(mean_pearson_ic) >= 0.05
PV3_B5_T3,300,64,-0.056488477605901796,0.0476944093865724,0.90625,9.836207393294559e-14,-0.07993835219534447,0.09118094780728511,0.875,1.892335110819544e-09,22449.5625,85,"[1, 2, 3, 4, 5, 6, 7, 8, 9, 10, 11, 12, 13, 14, 15, 16, 17, 18, 19, 20, 21, 22, 23, 24, 25, 26, 27, 28, 29, 30, 31, 32, 33, 34, 35, 36, 37, 38, 39, 40, 41, 42, 43, 44, 45, 46, 47, 48, 49, 50, 51, 52, 53, 54, 55, 56, 57, 58, 59, 60, 61, 62, 63, 64, 80, 81, 82, 83, 84, 85]","[65, 66, 67, 68, 69, 70, 71, 72, 73, 74, 75, 76, 77, 78, 79]","[86, 87, 88, 89, 90, 91, 92, 93, 94, 95, 96, 97, 98, 99, 100, 101, 102, 103, 104, 105, 106, 107, 108]",True,3.866222587466746e-13,True,5.367830712546408e-09,True,development pearson_fdr_reject AND pearson_pct_same_sign >= 0.70 AND abs(mean_pearson_ic) >= 0.05
PV3_B6_T1,300,64,-0.05261121642060535,0.06432649290976768,0.84375,1.2421550774136391e-08,-0.04661037526331906,0.07868676997010073,0.765625,1.2673783836769216e-05,22449.5625,85,"[1, 2, 3, 4, 5, 6, 7, 8, 9, 10, 11, 12, 13, 14, 15, 16, 17, 18, 19, 20, 21, 22, 23, 24, 25, 26, 27, 28, 29, 30, 31, 32, 33, 34, 35, 36, 37, 38, 39, 40, 41, 42, 43, 44, 45, 46, 47, 48, 49, 50, 51, 52, 53, 54, 55, 56, 57, 58, 59, 60, 61, 62, 63, 64, 80, 81, 82, 83, 84, 85]","[65, 66, 67, 68, 69, 70, 71, 72, 73, 74, 75, 76, 77, 78, 79]","[86, 87, 88, 89, 90, 91, 92, 93, 94, 95, 96, 97, 98, 99, 100, 101, 102, 103, 104, 105, 106, 107, 108]",True,4.2199073672213605e-08,True,2.5340233307892152e-05,True,development pearson_fdr_reject AND pearson_pct_same_sign >= 0.70 AND abs(mean_pearson_ic) >= 0.05
