feature,family,subfamily,nominal_window_seconds,horizon_seconds,days_scored,mean_pearson_ic,pearson_ic_std,pearson_pct_same_sign,pearson_t_pvalue,mean_spearman_ic,spearman_ic_std,spearman_pct_same_sign,spearman_t_pvalue,mean_pair_count,expected_development_days,available_development_days,missing_development_days,holdout_days,pearson_fdr_reject,pearson_fdr_qvalue,spearman_fdr_reject,spearman_fdr_qvalue,eligible_for_ml,screen_rule
BB11_T1,BB,BB11,5.0,300,44,-0.20420673865990002,0.11643006774710134,0.9318181818181818,7.189557935785032e-15,-0.21333377111006066,0.102733048114687,0.9545454545454546,2.2743097729872485e-17,23036.0,85,"[1, 2, 3, 4, 5, 6, 7, 8, 9, 10, 11, 12, 13, 14, 15, 16, 17, 18, 19, 20, 21, 22, 23, 24, 25, 26, 27, 28, 29, 30, 31, 32, 33, 34, 35, 36, 37, 38, 39, 40, 41, 42, 43, 44, 45, 46, 47, 48, 49, 50, 51, 52, 53, 54, 55, 56, 57, 58, 59, 60, 61, 62, 63, 64, 80, 81, 82, 83, 84, 85]","[65, 66, 67, 68, 69, 70, 71, 72, 73, 74, 75, 76, 77, 78, 79]","[86, 87, 88, 89, 90, 91, 92, 93, 94, 95, 96, 97, 98, 99, 100, 101, 102, 103, 104, 105, 106, 107, 108]",True,2.2004207310514192e-13,True,7.554365499493036e-16,True,development pearson_fdr_reject AND pearson_pct_same_sign >= 0.70 AND abs(mean_pearson_ic) >= 0.05
BB11_T10,BB,BB11,1500.0,300,44,-0.1717811374160648,0.1095527099075473,0.9545454545454546,2.5815355665237566e-13,-0.18172115347031847,0.0968548876446131,0.9545454545454546,7.581357346504339e-16,21541.0,85,"[1, 2, 3, 4, 5, 6, 7, 8, 9, 10, 11, 12, 13, 14, 15, 16, 17, 18, 19, 20, 21, 22, 23, 24, 25, 26, 27, 28, 29, 30, 31, 32, 33, 34, 35, 36, 37, 38, 39, 40, 41, 42, 43, 44, 45, 46, 47, 48, 49, 50, 51, 52, 53, 54, 55, 56, 57, 58, 59, 60, 61, 62, 63, 64, 80, 81, 82, 83, 84, 85]","[65, 66, 67, 68, 69, 70, 71, 72, 73, 74, 75, 76, 77, 78, 79]","[86, 87, 88, 89, 90, 91, 92, 93, 94, 95, 96, 97, 98, 99, 100, 101, 102, 103, 104, 105, 106, 107, 108]",True,1.2833389039337524e-12,True,6.76836941399806e-15,True,development pearson_fdr_reject AND pearson_pct_same_sign >= 0.70 AND abs(mean_pearson_ic) >= 0.05
BB11_T11,BB,BB11,1800.0,300,44,-0.16903243797819745,0.11359708291627467,0.9318181818181818,1.2811514993266745e-12,-0.1759006647317243,0.09311193526779392,0.9545454545454546,6.008345531304683e-16,21241.0,85,"[1, 2, 3, 4, 5, 6, 7, 8, 9, 10, 11, 12, 13, 14, 15, 16, 17, 18, 19, 20, 21, 22, 23, 24, 25, 26, 27, 28, 29, 30, 31, 32, 33, 34, 35, 36, 37, 38, 39, 40, 41, 42, 43, 44, 45, 46, 47, 48, 49, 50, 51, 52, 53, 54, 55, 56, 57, 58, 59, 60, 61, 62, 63, 64, 80, 81, 82, 83, 84, 85]","[65, 66, 67, 68, 69, 70, 71, 72, 73, 74, 75, 76, 77, 78, 79]","[86, 87, 88, 89, 90, 91, 92, 93, 94, 95, 96, 97, 98, 99, 100, 101, 102, 103, 104, 105, 106, 107, 108]",True,5.47819112645255e-12,True,5.831133092881371e-15,True,development pearson_fdr_reject AND pearson_pct_same_sign >= 0.70 AND abs(mean_pearson_ic) >= 0.05
BB11_T12,BB,BB11,3600.0,300,44,-0.16950011109701324,0.10410071539122728,0.9545454545454546,7.920720155770673e-14,-0.17358595781886443,0.09531788695194389,0.9772727272727273,2.0665845472011303e-15,19441.0,85,"[1, 2, 3, 4, 5, 6, 7, 8, 9, 10, 11, 12, 13, 14, 15, 16, 17, 18, 19, 20, 21, 22, 23, 24, 25, 26, 27, 28, 29, 30, 31, 32, 33, 34, 35, 36, 37, 38, 39, 40, 41, 42, 43, 44, 45, 46, 47, 48, 49, 50, 51, 52, 53, 54, 55, 56, 57, 58, 59, 60, 61, 62, 63, 64, 80, 81, 82, 83, 84, 85]","[65, 66, 67, 68, 69, 70, 71, 72, 73, 74, 75, 76, 77, 78, 79]","[86, 87, 88, 89, 90, 91, 92, 93, 94, 95, 96, 97, 98, 99, 100, 101, 102, 103, 104, 105, 106, 107, 108]",True,4.4936105317221136e-13,True,1.6643472285734046e-14,True,development pearson_fdr_reject AND pearson_pct_same_sign >= 0.70 AND abs(mean_pearson_ic) >= 0.05
BB11_T2,BB,BB11,10.0,300,44,-0.20408118825317592,0.11630702389305074,0.9318181818181818,7.085796609571447e-15,-0.21315753876548482,0.10271339036438629,0.9545454545454546,2.3257615057753332e-17,23031.0,85,"[1, 2, 3, 4, 5, 6, 7, 8, 9, 10, 11, 12, 13, 14, 15, 16, 17, 18, 19, 20, 21, 22, 23, 24, 25, 26, 27, 28, 29, 30, 31, 32, 33, 34, 35, 36, 37, 38, 39, 40, 41, 42, 43, 44, 45, 46, 47, 48, 49, 50, 51, 52, 53, 54, 55, 56, 57, 58, 59, 60, 61, 62, 63, 64, 80, 81, 82, 83, 84, 85]","[65, 66, 67, 68, 69, 70, 71, 72, 73, 74, 75, 76, 77, 78, 79]","[86, 87, 88, 89, 90, 91, 92, 93, 94, 95, 96, 97, 98, 99, 100, 101, 102, 103, 104, 105, 106, 107, 108]",True,2.2004207310514192e-13,True,7.554365499493036e-16,True,development pearson_fdr_reject AND pearson_pct_same_sign >= 0.70 AND abs(mean_pearson_ic) >= 0.05
BB11_T3,BB,BB11,30.0,300,44,-0.20379959520169147,0.11606928889262515,0.9318181818181818,6.932499869606861e-15,-0.21245994600303,0.1027536423211509,0.9545454545454546,2.6464577704278925e-17,23011.0,85,"[1, 2, 3, 4, 5, 6, 7, 8, 9, 10, 11, 12, 13, 14, 15, 16, 17, 18, 19, 20, 21, 22, 23, 24, 25, 26, 27, 28, 29, 30, 31, 32, 33, 34, 35, 36, 37, 38, 39, 40, 41, 42, 43, 44, 45, 46, 47, 48, 49, 50, 51, 52, 53, 54, 55, 56, 57, 58, 59, 60, 61, 62, 63, 64, 80, 81, 82, 83, 84, 85]","[65, 66, 67, 68, 69, 70, 71, 72, 73, 74, 75, 76, 77, 78, 79]","[86, 87, 88, 89, 90, 91, 92, 93, 94, 95, 96, 97, 98, 99, 100, 101, 102, 103, 104, 105, 106, 107, 108]",True,2.2004207310514192e-13,True,7.554365499493036e-16,True,development pearson_fdr_reject AND pearson_pct_same_sign >= 0.70 AND abs(mean_pearson_ic) >= 0.05
BB11_T4,BB,BB11,60.0,300,44,-0.20354501728879534,0.11590875574754766,0.9318181818181818,6.902002171878716e-15,-0.21179182213132963,0.10302138991082622,0.9545454545454546,3.239246641529276e-17,22981.0,85,"[1, 2, 3, 4, 5, 6, 7, 8, 9, 10, 11, 12, 13, 14, 15, 16, 17, 18, 19, 20, 21, 22, 23, 24, 25, 26, 27, 28, 29, 30, 31, 32, 33, 34, 35, 36, 37, 38, 39, 40, 41, 42, 43, 44, 45, 46, 47, 48, 49, 50, 51, 52, 53, 54, 55, 56, 57, 58, 59, 60, 61, 62, 63, 64, 80, 81, 82, 83, 84, 85]","[65, 66, 67, 68, 69, 70, 71, 72, 73, 74, 75, 76, 77, 78, 79]","[86, 87, 88, 89, 90, 91, 92, 93, 94, 95, 96, 97, 98, 99, 100, 101, 102, 103, 104, 105, 106, 107, 108]",True,2.2004207310514192e-13,True,7.993997961774036e-16,True,development pearson_fdr_reject AND pearson_pct_same_sign >= 0.70 AND abs(mean_pearson_ic) >= 0.05
BB11_T5,BB,BB11,90.0,300,44,-0.20330671916201518,0.11587471060153426,0.9318181818181818,7.104031597496261e-15,-0.21145895046317842,0.10326247209789259,0.9545454545454546,3.715460486910099e-17,22951.0,85,"[1, 2, 3, 4, 5, 6, 7, 8, 9, 10, 11, 12, 13, 14, 15, 16, 17, 18, 19, 20, 21, 22, 23, 24, 25, 26, 27, 28, 29, 30, 31, 32, 33, 34, 35, 36, 37, 38, 39, 40, 41, 42, 43, 44, 45, 46, 47, 48, 49, 50, 51, 52, 53, 54, 55, 56, 57, 58, 59, 60, 61, 62, 63, 64, 80, 81, 82, 83, 84, 85]","[65, 66, 67, 68, 69, 70, 71, 72, 73, 74, 75, 76, 77, 78, 79]","[86, 87, 88, 89, 90, 91, 92, 93, 94, 95, 96, 97, 98, 99, 100, 101, 102, 103, 104, 105, 106, 107, 108]",True,2.2004207310514192e-13,True,8.51148510900175e-16,True,development pearson_fdr_reject AND pearson_pct_same_sign >= 0.70 AND abs(mean_pearson_ic) >= 0.05
BB11_T6,BB,BB11,120.0,300,44,-0.2026688782445538,0.11574794813358472,0.9318181818181818,7.598339464341436e-15,-0.21087186198615696,0.10345742816679937,0.9545454545454546,4.3750948399985724e-17,22921.0,85,"[1, 2, 3, 4, 5, 6, 7, 8, 9, 10, 11, 12, 13, 14, 15, 16, 17, 18, 19, 20, 21, 22, 23, 24, 25, 26, 27, 28, 29, 30, 31, 32, 33, 34, 35, 36, 37, 38, 39, 40, 41, 42, 43, 44, 45, 46, 47, 48, 49, 50, 51, 52, 53, 54, 55, 56, 57, 58, 59, 60, 61, 62, 63, 64, 80, 81, 82, 83, 84, 85]","[65, 66, 67, 68, 69, 70, 71, 72, 73, 74, 75, 76, 77, 78, 79]","[86, 87, 88, 89, 90, 91, 92, 93, 94, 95, 96, 97, 98, 99, 100, 101, 102, 103, 104, 105, 106, 107, 108]",True,2.2004207310514192e-13,True,8.839738404792437e-16,True,development pearson_fdr_reject AND pearson_pct_same_sign >= 0.70 AND abs(mean_pearson_ic) >= 0.05
BB11_T7,BB,BB11,300.0,300,44,-0.1982671433693434,0.11824368170636149,0.9318181818181818,3.102169202473102e-14,-0.2060642365440757,0.10646325868459199,0.9545454545454546,2.624205577550834e-16,22741.0,85,"[1, 2, 3, 4, 5, 6, 7, 8, 9, 10, 11, 12, 13, 14, 15, 16, 17, 18, 19, 20, 21, 22, 23, 24, 25, 26, 27, 28, 29, 30, 31, 32, 33, 34, 35, 36, 37, 38, 39, 40, 41, 42, 43, 44, 45, 46, 47, 48, 49, 50, 51, 52, 53, 54, 55, 56, 57, 58, 59, 60, 61, 62, 63, 64, 80, 81, 82, 83, 84, 85]","[65, 66, 67, 68, 69, 70, 71, 72, 73, 74, 75, 76, 77, 78, 79]","[86, 87, 88, 89, 90, 91, 92, 93, 94, 95, 96, 97, 98, 99, 100, 101, 102, 103, 104, 105, 106, 107, 108]",True,2.2707615666407978e-13,True,2.8272523773895306e-15,True,development pearson_fdr_reject AND pearson_pct_same_sign >= 0.70 AND abs(mean_pearson_ic) >= 0.05
BB11_T8,BB,BB11,600.0,300,44,-0.19159872314547047,0.11705310659826622,0.9318181818181818,6.699281733960903e-14,-0.19695909429291847,0.10436195086346621,0.9772727272727273,6.212922975320341e-16,22441.0,85,"[1, 2, 3, 4, 5, 6, 7, 8, 9, 10, 11, 12, 13, 14, 15, 16, 17, 18, 19, 20, 21, 22, 23, 24, 25, 26, 27, 28, 29, 30, 31, 32, 33, 34, 35, 36, 37, 38, 39, 40, 41, 42, 43, 44, 45, 46, 47, 48, 49, 50, 51, 52, 53, 54, 55, 56, 57, 58, 59, 60, 61, 62, 63, 64, 80, 81, 82, 83, 84, 85]","[65, 66, 67, 68, 69, 70, 71, 72, 73, 74, 75, 76, 77, 78, 79]","[86, 87, 88, 89, 90, 91, 92, 93, 94, 95, 96, 97, 98, 99, 100, 101, 102, 103, 104, 105, 106, 107, 108]",True,3.844853553294837e-13,True,5.899002608803184e-15,True,development pearson_fdr_reject AND pearson_pct_same_sign >= 0.70 AND abs(mean_pearson_ic) >= 0.05
BB11_T9,BB,BB11,900.0,300,44,-0.18469843697578775,0.11257058882621851,0.9545454545454546,6.213554676298094e-14,-0.19169389496203507,0.09730779614406244,0.9545454545454546,1.4302636800063575e-16,22141.0,85,"[1, 2, 3, 4, 5, 6, 7, 8, 9, 10, 11, 12, 13, 14, 15, 16, 17, 18, 19, 20, 21, 22, 23, 24, 25, 26, 27, 28, 29, 30, 31, 32, 33, 34, 35, 36, 37, 38, 39, 40, 41, 42, 43, 44, 45, 46, 47, 48, 49, 50, 51, 52, 53, 54, 55, 56, 57, 58, 59, 60, 61, 62, 63, 64, 80, 81, 82, 83, 84, 85]","[65, 66, 67, 68, 69, 70, 71, 72, 73, 74, 75, 76, 77, 78, 79]","[86, 87, 88, 89, 90, 91, 92, 93, 94, 95, 96, 97, 98, 99, 100, 101, 102, 103, 104, 105, 106, 107, 108]",True,3.5899383623093496e-13,True,1.7871273967386258e-15,True,development pearson_fdr_reject AND pearson_pct_same_sign >= 0.70 AND abs(mean_pearson_ic) >= 0.05
BB12_T1,BB,BB12,5.0,300,44,-0.204144944798317,0.1164674583578629,0.9318181818181818,7.338415687647372e-15,-0.21309475623864985,0.10255685703502382,0.9545454545454546,2.2270873813704323e-17,23036.0,85,"[1, 2, 3, 4, 5, 6, 7, 8, 9, 10, 11, 12, 13, 14, 15, 16, 17, 18, 19, 20, 21, 22, 23, 24, 25, 26, 27, 28, 29, 30, 31, 32, 33, 34, 35, 36, 37, 38, 39, 40, 41, 42, 43, 44, 45, 46, 47, 48, 49, 50, 51, 52, 53, 54, 55, 56, 57, 58, 59, 60, 61, 62, 63, 64, 80, 81, 82, 83, 84, 85]","[65, 66, 67, 68, 69, 70, 71, 72, 73, 74, 75, 76, 77, 78, 79]","[86, 87, 88, 89, 90, 91, 92, 93, 94, 95, 96, 97, 98, 99, 100, 101, 102, 103, 104, 105, 106, 107, 108]",True,2.2004207310514192e-13,True,7.554365499493036e-16,True,development pearson_fdr_reject AND pearson_pct_same_sign >= 0.70 AND abs(mean_pearson_ic) >= 0.05
BB12_T10,BB,BB12,1500.0,300,44,-0.16669460205392703,0.10964851748908712,0.9318181818181818,6.68695958309225e-13,-0.17904123067230068,0.09893412933647909,0.9318181818181818,2.5497245923523263e-15,21541.0,85,"[1, 2, 3, 4, 5, 6, 7, 8, 9, 10, 11, 12, 13, 14, 15, 16, 17, 18, 19, 20, 21, 22, 23, 24, 25, 26, 27, 28, 29, 30, 31, 32, 33, 34, 35, 36, 37, 38, 39, 40, 41, 42, 43, 44, 45, 46, 47, 48, 49, 50, 51, 52, 53, 54, 55, 56, 57, 58, 59, 60, 61, 62, 63, 64, 80, 81, 82, 83, 84, 85]","[65, 66, 67, 68, 69, 70, 71, 72, 73, 74, 75, 76, 77, 78, 79]","[86, 87, 88, 89, 90, 91, 92, 93, 94, 95, 96, 97, 98, 99, 100, 101, 102, 103, 104, 105, 106, 107, 108]",True,3.0399270209978585e-12,True,2.0158577726721483e-14,True,development pearson_fdr_reject AND pearson_pct_same_sign >= 0.70 AND abs(mean_pearson_ic) >= 0.05
BB12_T11,BB,BB12,1800.0,300,44,-0.16613294341056142,0.1144142899021849,0.9318181818181818,2.6629193489056867e-12,-0.1798896162257459,0.10014339013286304,0.9318181818181818,3.2640424201316767e-15,21241.0,85,"[1, 2, 3, 4, 5, 6, 7, 8, 9, 10, 11, 12, 13, 14, 15, 16, 17, 18, 19, 20, 21, 22, 23, 24, 25, 26, 27, 28, 29, 30, 31, 32, 33, 34, 35, 36, 37, 38, 39, 40, 41, 42, 43, 44, 45, 46, 47, 48, 49, 50, 51, 52, 53, 54, 55, 56, 57, 58, 59, 60, 61, 62, 63, 64, 80, 81, 82, 83, 84, 85]","[65, 66, 67, 68, 69, 70, 71, 72, 73, 74, 75, 76, 77, 78, 79]","[86, 87, 88, 89, 90, 91, 92, 93, 94, 95, 96, 97, 98, 99, 100, 101, 102, 103, 104, 105, 106, 107, 108]",True,1.1044881573192253e-11,True,2.4839794188447013e-14,True,development pearson_fdr_reject AND pearson_pct_same_sign >= 0.70 AND abs(mean_pearson_ic) >= 0.05
BB12_T12,BB,BB12,3600.0,300,44,-0.1701460948217792,0.11333718936282136,0.9318181818181818,9.804708731515991e-13,-0.16801208100996434,0.10141127420842773,0.9545454545454546,4.559778162254715e-14,19441.0,85,"[1, 2, 3, 4, 5, 6, 7, 8, 9, 10, 11, 12, 13, 14, 15, 16, 17, 18, 19, 20, 21, 22, 23, 24, 25, 26, 27, 28, 29, 30, 31, 32, 33, 34, 35, 36, 37, 38, 39, 40, 41, 42, 43, 44, 45, 46, 47, 48, 49, 50, 51, 52, 53, 54, 55, 56, 57, 58, 59, 60, 61, 62, 63, 64, 80, 81, 82, 83, 84, 85]","[65, 66, 67, 68, 69, 70, 71, 72, 73, 74, 75, 76, 77, 78, 79]","[86, 87, 88, 89, 90, 91, 92, 93, 94, 95, 96, 97, 98, 99, 100, 101, 102, 103, 104, 105, 106, 107, 108]",True,4.293443430594139e-12,True,2.688401629793522e-13,True,development pearson_fdr_reject AND pearson_pct_same_sign >= 0.70 AND abs(mean_pearson_ic) >= 0.05
BB12_T2,BB,BB12,10.0,300,44,-0.20393158598634356,0.11632119105901075,0.9318181818181818,7.287729440726705e-15,-0.21269946065097045,0.1023623501260116,0.9545454545454546,2.2238225767386156e-17,23031.0,85,"[1, 2, 3, 4, 5, 6, 7, 8, 9, 10, 11, 12, 13, 14, 15, 16, 17, 18, 19, 20, 21, 22, 23, 24, 25, 26, 27, 28, 29, 30, 31, 32, 33, 34, 35, 36, 37, 38, 39, 40, 41, 42, 43, 44, 45, 46, 47, 48, 49, 50, 51, 52, 53, 54, 55, 56, 57, 58, 59, 60, 61, 62, 63, 64, 80, 81, 82, 83, 84, 85]","[65, 66, 67, 68, 69, 70, 71, 72, 73, 74, 75, 76, 77, 78, 79]","[86, 87, 88, 89, 90, 91, 92, 93, 94, 95, 96, 97, 98, 99, 100, 101, 102, 103, 104, 105, 106, 107, 108]",True,2.2004207310514192e-13,True,7.554365499493036e-16,True,development pearson_fdr_reject AND pearson_pct_same_sign >= 0.70 AND abs(mean_pearson_ic) >= 0.05
BB12_T3,BB,BB12,30.0,300,44,-0.2029759068339935,0.11573617584684838,0.9318181818181818,7.205654376310366e-15,-0.21123863128594475,0.10163987931501947,0.9545454545454546,2.2088844732787694e-17,23011.0,85,"[1, 2, 3, 4, 5, 6, 7, 8, 9, 10, 11, 12, 13, 14, 15, 16, 17, 18, 19, 20, 21, 22, 23, 24, 25, 26, 27, 28, 29, 30, 31, 32, 33, 34, 35, 36, 37, 38, 39, 40, 41, 42, 43, 44, 45, 46, 47, 48, 49, 50, 51, 52, 53, 54, 55, 56, 57, 58, 59, 60, 61, 62, 63, 64, 80, 81, 82, 83, 84, 85]","[65, 66, 67, 68, 69, 70, 71, 72, 73, 74, 75, 76, 77, 78, 79]","[86, 87, 88, 89, 90, 91, 92, 93, 94, 95, 96, 97, 98, 99, 100, 101, 102, 103, 104, 105, 106, 107, 108]",True,2.2004207310514192e-13,True,7.554365499493036e-16,True,development pearson_fdr_reject AND pearson_pct_same_sign >= 0.70 AND abs(mean_pearson_ic) >= 0.05
BB12_T4,BB,BB12,60.0,300,44,-0.2018980891319266,0.11507754161193189,0.9318181818181818,7.115565246783756e-15,-0.20949003245164874,0.10096408265215982,0.9545454545454546,2.3403632173729738e-17,22981.0,85,"[1, 2, 3, 4, 5, 6, 7, 8, 9, 10, 11, 12, 13, 14, 15, 16, 17, 18, 19, 20, 21, 22, 23, 24, 25, 26, 27, 28, 29, 30, 31, 32, 33, 34, 35, 36, 37, 38, 39, 40, 41, 42, 43, 44, 45, 46, 47, 48, 49, 50, 51, 52, 53, 54, 55, 56, 57, 58, 59, 60, 61, 62, 63, 64, 80, 81, 82, 83, 84, 85]","[65, 66, 67, 68, 69, 70, 71, 72, 73, 74, 75, 76, 77, 78, 79]","[86, 87, 88, 89, 90, 91, 92, 93, 94, 95, 96, 97, 98, 99, 100, 101, 102, 103, 104, 105, 106, 107, 108]",True,2.2004207310514192e-13,True,7.554365499493036e-16,True,development pearson_fdr_reject AND pearson_pct_same_sign >= 0.70 AND abs(mean_pearson_ic) >= 0.05
BB12_T5,BB,BB12,90.0,300,44,-0.20092929635115098,0.11453655849878998,0.9318181818181818,7.138486093754567e-15,-0.20794066018123714,0.10051920155769951,0.9545454545454546,2.60170591868201e-17,22951.0,85,"[1, 2, 3, 4, 5, 6, 7, 8, 9, 10, 11, 12, 13, 14, 15, 16, 17, 18, 19, 20, 21, 22, 23, 24, 25, 26, 27, 28, 29, 30, 31, 32, 33, 34, 35, 36, 37, 38, 39, 40, 41, 42, 43, 44, 45, 46, 47, 48, 49, 50, 51, 52, 53, 54, 55, 56, 57, 58, 59, 60, 61, 62, 63, 64, 80, 81, 82, 83, 84, 85]","[65, 66, 67, 68, 69, 70, 71, 72, 73, 74, 75, 76, 77, 78, 79]","[86, 87, 88, 89, 90, 91, 92, 93, 94, 95, 96, 97, 98, 99, 100, 101, 102, 103, 104, 105, 106, 107, 108]",True,2.2004207310514192e-13,True,7.554365499493036e-16,True,development pearson_fdr_reject AND pearson_pct_same_sign >= 0.70 AND abs(mean_pearson_ic) >= 0.05
BB12_T6,BB,BB12,120.0,300,44,-0.19979584366513353,0.11404955035720163,0.9318181818181818,7.473491381505307e-15,-0.2064228944451286,0.0999993220694372,0.9318181818181818,2.805109654683296e-17,22921.0,85,"[1, 2, 3, 4, 5, 6, 7, 8, 9, 10, 11, 12, 13, 14, 15, 16, 17, 18, 19, 20, 21, 22, 23, 24, 25, 26, 27, 28, 29, 30, 31, 32, 33, 34, 35, 36, 37, 38, 39, 40, 41, 42, 43, 44, 45, 46, 47, 48, 49, 50, 51, 52, 53, 54, 55, 56, 57, 58, 59, 60, 61, 62, 63, 64, 80, 81, 82, 83, 84, 85]","[65, 66, 67, 68, 69, 70, 71, 72, 73, 74, 75, 76, 77, 78, 79]","[86, 87, 88, 89, 90, 91, 92, 93, 94, 95, 96, 97, 98, 99, 100, 101, 102, 103, 104, 105, 106, 107, 108]",True,2.2004207310514192e-13,True,7.688004625829762e-16,True,development pearson_fdr_reject AND pearson_pct_same_sign >= 0.70 AND abs(mean_pearson_ic) >= 0.05
BB12_T7,BB,BB12,300.0,300,44,-0.19422673627914486,0.11529364881169245,0.9318181818181818,2.6686679202214386e-14,-0.19845498851894508,0.1003962960147297,0.9318181818181818,1.2709695982782082e-16,22741.0,85,"[1, 2, 3, 4, 5, 6, 7, 8, 9, 10, 11, 12, 13, 14, 15, 16, 17, 18, 19, 20, 21, 22, 23, 24, 25, 26, 27, 28, 29, 30, 31, 32, 33, 34, 35, 36, 37, 38, 39, 40, 41, 42, 43, 44, 45, 46, 47, 48, 49, 50, 51, 52, 53, 54, 55, 56, 57, 58, 59, 60, 61, 62, 63, 64, 80, 81, 82, 83, 84, 85]","[65, 66, 67, 68, 69, 70, 71, 72, 73, 74, 75, 76, 77, 78, 79]","[86, 87, 88, 89, 90, 91, 92, 93, 94, 95, 96, 97, 98, 99, 100, 101, 102, 103, 104, 105, 106, 107, 108]",True,2.2607744490161663e-13,True,1.6508270534027103e-15,True,development pearson_fdr_reject AND pearson_pct_same_sign >= 0.70 AND abs(mean_pearson_ic) >= 0.05
BB12_T8,BB,BB12,600.0,300,44,-0.18364874729056935,0.11188707278864125,0.9318181818181818,6.136786393414106e-14,-0.1916660190336314,0.09957304858516643,0.9318181818181818,3.171092992903827e-16,22441.0,85,"[1, 2, 3, 4, 5, 6, 7, 8, 9, 10, 11, 12, 13, 14, 15, 16, 17, 18, 19, 20, 21, 22, 23, 24, 25, 26, 27, 28, 29, 30, 31, 32, 33, 34, 35, 36, 37, 38, 39, 40, 41, 42, 43, 44, 45, 46, 47, 48, 49, 50, 51, 52, 53, 54, 55, 56, 57, 58, 59, 60, 61, 62, 63, 64, 80, 81, 82, 83, 84, 85]","[65, 66, 67, 68, 69, 70, 71, 72, 73, 74, 75, 76, 77, 78, 79]","[86, 87, 88, 89, 90, 91, 92, 93, 94, 95, 96, 97, 98, 99, 100, 101, 102, 103, 104, 105, 106, 107, 108]",True,3.5515237837932554e-13,True,3.3402824056349765e-15,True,development pearson_fdr_reject AND pearson_pct_same_sign >= 0.70 AND abs(mean_pearson_ic) >= 0.05
BB12_T9,BB,BB12,900.0,300,44,-0.17328190267036814,0.11415078641696774,0.9318181818181818,6.996437198302912e-13,-0.1838734511322013,0.09849879653514904,0.9318181818181818,8.995435840605402e-16,22141.0,85,"[1, 2, 3, 4, 5, 6, 7, 8, 9, 10, 11, 12, 13, 14, 15, 16, 17, 18, 19, 20, 21, 22, 23, 24, 25, 26, 27, 28, 29, 30, 31, 32, 33, 34, 35, 36, 37, 38, 39, 40, 41, 42, 43, 44, 45, 46, 47, 48, 49, 50, 51, 52, 53, 54, 55, 56, 57, 58, 59, 60, 61, 62, 63, 64, 80, 81, 82, 83, 84, 85]","[65, 66, 67, 68, 69, 70, 71, 72, 73, 74, 75, 76, 77, 78, 79]","[86, 87, 88, 89, 90, 91, 92, 93, 94, 95, 96, 97, 98, 99, 100, 101, 102, 103, 104, 105, 106, 107, 108]",True,3.1681114705290383e-12,True,7.903457887638288e-15,True,development pearson_fdr_reject AND pearson_pct_same_sign >= 0.70 AND abs(mean_pearson_ic) >= 0.05
BB13_T1,BB,BB13,5.0,300,44,-0.20425310359677473,0.11648668145117282,0.9318181818181818,7.25102925840224e-15,-0.21339495933215666,0.10266294455153108,0.9545454545454546,2.1979354778396246e-17,23036.0,85,"[1, 2, 3, 4, 5, 6, 7, 8, 9, 10, 11, 12, 13, 14, 15, 16, 17, 18, 19, 20, 21, 22, 23, 24, 25, 26, 27, 28, 29, 30, 31, 32, 33, 34, 35, 36, 37, 38, 39, 40, 41, 42, 43, 44, 45, 46, 47, 48, 49, 50, 51, 52, 53, 54, 55, 56, 57, 58, 59, 60, 61, 62, 63, 64, 80, 81, 82, 83, 84, 85]","[65, 66, 67, 68, 69, 70, 71, 72, 73, 74, 75, 76, 77, 78, 79]","[86, 87, 88, 89, 90, 91, 92, 93, 94, 95, 96, 97, 98, 99, 100, 101, 102, 103, 104, 105, 106, 107, 108]",True,2.2004207310514192e-13,True,7.554365499493036e-16,True,development pearson_fdr_reject AND pearson_pct_same_sign >= 0.70 AND abs(mean_pearson_ic) >= 0.05
BB13_T10,BB,BB13,1500.0,300,44,-0.1820620239652416,0.11653899630140396,0.9318181818181818,2.8948025589783744e-13,-0.20007561358520504,0.1060121487302762,0.9318181818181818,6.210655255012375e-16,21541.0,85,"[1, 2, 3, 4, 5, 6, 7, 8, 9, 10, 11, 12, 13, 14, 15, 16, 17, 18, 19, 20, 21, 22, 23, 24, 25, 26, 27, 28, 29, 30, 31, 32, 33, 34, 35, 36, 37, 38, 39, 40, 41, 42, 43, 44, 45, 46, 47, 48, 49, 50, 51, 52, 53, 54, 55, 56, 57, 58, 59, 60, 61, 62, 63, 64, 80, 81, 82, 83, 84, 85]","[65, 66, 67, 68, 69, 70, 71, 72, 73, 74, 75, 76, 77, 78, 79]","[86, 87, 88, 89, 90, 91, 92, 93, 94, 95, 96, 97, 98, 99, 100, 101, 102, 103, 104, 105, 106, 107, 108]",True,1.4206736990440744e-12,True,5.899002608803184e-15,True,development pearson_fdr_reject AND pearson_pct_same_sign >= 0.70 AND abs(mean_pearson_ic) >= 0.05
BB13_T11,BB,BB13,1800.0,300,44,-0.18216786107395874,0.1207564154358842,0.9318181818181818,8.460514736103528e-13,-0.199136350888387,0.1059864176909663,0.9545454545454546,7.225514519842147e-16,21241.0,85,"[1, 2, 3, 4, 5, 6, 7, 8, 9, 10, 11, 12, 13, 14, 15, 16, 17, 18, 19, 20, 21, 22, 23, 24, 25, 26, 27, 28, 29, 30, 31, 32, 33, 34, 35, 36, 37, 38, 39, 40, 41, 42, 43, 44, 45, 46, 47, 48, 49, 50, 51, 52, 53, 54, 55, 56, 57, 58, 59, 60, 61, 62, 63, 64, 80, 81, 82, 83, 84, 85]","[65, 66, 67, 68, 69, 70, 71, 72, 73, 74, 75, 76, 77, 78, 79]","[86, 87, 88, 89, 90, 91, 92, 93, 94, 95, 96, 97, 98, 99, 100, 101, 102, 103, 104, 105, 106, 107, 108]",True,3.762043553827244e-12,True,6.552271040959217e-15,True,development pearson_fdr_reject AND pearson_pct_same_sign >= 0.70 AND abs(mean_pearson_ic) >= 0.05
BB13_T12,BB,BB13,3600.0,300,44,-0.18790413000095735,0.10980245911869914,0.9545454545454546,1.6055808676075155e-14,-0.19895473513801276,0.10531066553491154,0.9545454545454546,5.999052544571226e-16,19441.0,85,"[1, 2, 3, 4, 5, 6, 7, 8, 9, 10, 11, 12, 13, 14, 15, 16, 17, 18, 19, 20, 21, 22, 23, 24, 25, 26, 27, 28, 29, 30, 31, 32, 33, 34, 35, 36, 37, 38, 39, 40, 41, 42, 43, 44, 45, 46, 47, 48, 49, 50, 51, 52, 53, 54, 55, 56, 57, 58, 59, 60, 61, 62, 63, 64, 80, 81, 82, 83, 84, 85]","[65, 66, 67, 68, 69, 70, 71, 72, 73, 74, 75, 76, 77, 78, 79]","[86, 87, 88, 89, 90, 91, 92, 93, 94, 95, 96, 97, 98, 99, 100, 101, 102, 103, 104, 105, 106, 107, 108]",True,2.2004207310514192e-13,True,5.831133092881371e-15,True,development pearson_fdr_reject AND pearson_pct_same_sign >= 0.70 AND abs(mean_pearson_ic) >= 0.05
BB13_T2,BB,BB13,10.0,300,44,-0.2041275617918979,0.11637560731850854,0.9318181818181818,7.170668788630072e-15,-0.21323385636972372,0.10256678140742122,0.9545454545454546,2.1838907283366368e-17,23031.0,85,"[1, 2, 3, 4, 5, 6, 7, 8, 9, 10, 11, 12, 13, 14, 15, 16, 17, 18, 19, 20, 21, 22, 23, 24, 25, 26, 27, 28, 29, 30, 31, 32, 33, 34, 35, 36, 37, 38, 39, 40, 41, 42, 43, 44, 45, 46, 47, 48, 49, 50, 51, 52, 53, 54, 55, 56, 57, 58, 59, 60, 61, 62, 63, 64, 80, 81, 82, 83, 84, 85]","[65, 66, 67, 68, 69, 70, 71, 72, 73, 74, 75, 76, 77, 78, 79]","[86, 87, 88, 89, 90, 91, 92, 93, 94, 95, 96, 97, 98, 99, 100, 101, 102, 103, 104, 105, 106, 107, 108]",True,2.2004207310514192e-13,True,7.554365499493036e-16,True,development pearson_fdr_reject AND pearson_pct_same_sign >= 0.70 AND abs(mean_pearson_ic) >= 0.05
BB13_T3,BB,BB13,30.0,300,44,-0.20369518393368022,0.11607095382895756,0.9318181818181818,7.053599567311368e-15,-0.21263830840184844,0.1023105682848352,0.9545454545454546,2.2067690855850866e-17,23011.0,85,"[1, 2, 3, 4, 5, 6, 7, 8, 9, 10, 11, 12, 13, 14, 15, 16, 17, 18, 19, 20, 21, 22, 23, 24, 25, 26, 27, 28, 29, 30, 31, 32, 33, 34, 35, 36, 37, 38, 39, 40, 41, 42, 43, 44, 45, 46, 47, 48, 49, 50, 51, 52, 53, 54, 55, 56, 57, 58, 59, 60, 61, 62, 63, 64, 80, 81, 82, 83, 84, 85]","[65, 66, 67, 68, 69, 70, 71, 72, 73, 74, 75, 76, 77, 78, 79]","[86, 87, 88, 89, 90, 91, 92, 93, 94, 95, 96, 97, 98, 99, 100, 101, 102, 103, 104, 105, 106, 107, 108]",True,2.2004207310514192e-13,True,7.554365499493036e-16,True,development pearson_fdr_reject AND pearson_pct_same_sign >= 0.70 AND abs(mean_pearson_ic) >= 0.05
BB13_T4,BB,BB13,60.0,300,44,-0.20320259575566177,0.11586507524286656,0.9318181818181818,7.204923120147342e-15,-0.2121123407503194,0.10227505160375361,0.9545454545454546,2.3786734153604406e-17,22981.0,85,"[1, 2, 3, 4, 5, 6, 7, 8, 9, 10, 11, 12, 13, 14, 15, 16, 17, 18, 19, 20, 21, 22, 23, 24, 25, 26, 27, 28, 29, 30, 31, 32, 33, 34, 35, 36, 37, 38, 39, 40, 41, 42, 43, 44, 45, 46, 47, 48, 49, 50, 51, 52, 53, 54, 55, 56, 57, 58, 59, 60, 61, 62, 63, 64, 80, 81, 82, 83, 84, 85]","[65, 66, 67, 68, 69, 70, 71, 72, 73, 74, 75, 76, 77, 78, 79]","[86, 87, 88, 89, 90, 91, 92, 93, 94, 95, 96, 97, 98, 99, 100, 101, 102, 103, 104, 105, 106, 107, 108]",True,2.2004207310514192e-13,True,7.554365499493036e-16,True,development pearson_fdr_reject AND pearson_pct_same_sign >= 0.70 AND abs(mean_pearson_ic) >= 0.05
BB13_T5,BB,BB13,90.0,300,44,-0.20267227955307934,0.11574894005233347,0.9318181818181818,7.596290746021143e-15,-0.21162866154831048,0.10229528626187158,0.9545454545454546,2.595711315208331e-17,22951.0,85,"[1, 2, 3, 4, 5, 6, 7, 8, 9, 10, 11, 12, 13, 14, 15, 16, 17, 18, 19, 20, 21, 22, 23, 24, 25, 26, 27, 28, 29, 30, 31, 32, 33, 34, 35, 36, 37, 38, 39, 40, 41, 42, 43, 44, 45, 46, 47, 48, 49, 50, 51, 52, 53, 54, 55, 56, 57, 58, 59, 60, 61, 62, 63, 64, 80, 81, 82, 83, 84, 85]","[65, 66, 67, 68, 69, 70, 71, 72, 73, 74, 75, 76, 77, 78, 79]","[86, 87, 88, 89, 90, 91, 92, 93, 94, 95, 96, 97, 98, 99, 100, 101, 102, 103, 104, 105, 106, 107, 108]",True,2.2004207310514192e-13,True,7.554365499493036e-16,True,development pearson_fdr_reject AND pearson_pct_same_sign >= 0.70 AND abs(mean_pearson_ic) >= 0.05
BB13_T6,BB,BB13,120.0,300,44,-0.20186001514570762,0.11563045208550222,0.9318181818181818,8.379763622926502e-15,-0.21091805719323065,0.1023464522952124,0.9545454545454546,2.973361980371248e-17,22921.0,85,"[1, 2, 3, 4, 5, 6, 7, 8, 9, 10, 11, 12, 13, 14, 15, 16, 17, 18, 19, 20, 21, 22, 23, 24, 25, 26, 27, 28, 29, 30, 31, 32, 33, 34, 35, 36, 37, 38, 39, 40, 41, 42, 43, 44, 45, 46, 47, 48, 49, 50, 51, 52, 53, 54, 55, 56, 57, 58, 59, 60, 61, 62, 63, 64, 80, 81, 82, 83, 84, 85]","[65, 66, 67, 68, 69, 70, 71, 72, 73, 74, 75, 76, 77, 78, 79]","[86, 87, 88, 89, 90, 91, 92, 93, 94, 95, 96, 97, 98, 99, 100, 101, 102, 103, 104, 105, 106, 107, 108]",True,2.2004207310514192e-13,True,7.724034317430573e-16,True,development pearson_fdr_reject AND pearson_pct_same_sign >= 0.70 AND abs(mean_pearson_ic) >= 0.05
BB13_T7,BB,BB13,300.0,300,44,-0.1990673714703756,0.11789760652461387,0.9318181818181818,2.4792740084486435e-14,-0.20788241134028163,0.10496454302475255,0.9545454545454546,1.1895708444542499e-16,22741.0,85,"[1, 2, 3, 4, 5, 6, 7, 8, 9, 10, 11, 12, 13, 14, 15, 16, 17, 18, 19, 20, 21, 22, 23, 24, 25, 26, 27, 28, 29, 30, 31, 32, 33, 34, 35, 36, 37, 38, 39, 40, 41, 42, 43, 44, 45, 46, 47, 48, 49, 50, 51, 52, 53, 54, 55, 56, 57, 58, 59, 60, 61, 62, 63, 64, 80, 81, 82, 83, 84, 85]","[65, 66, 67, 68, 69, 70, 71, 72, 73, 74, 75, 76, 77, 78, 79]","[86, 87, 88, 89, 90, 91, 92, 93, 94, 95, 96, 97, 98, 99, 100, 101, 102, 103, 104, 105, 106, 107, 108]",True,2.2184191765319472e-13,True,1.56868979678986e-15,True,development pearson_fdr_reject AND pearson_pct_same_sign >= 0.70 AND abs(mean_pearson_ic) >= 0.05
BB13_T8,BB,BB13,600.0,300,44,-0.19476813249977523,0.1167580610785113,0.9318181818181818,3.6614183962062864e-14,-0.20546069436497827,0.10362458237711736,0.9318181818181818,1.143925965525035e-16,22441.0,85,"[1, 2, 3, 4, 5, 6, 7, 8, 9, 10, 11, 12, 13, 14, 15, 16, 17, 18, 19, 20, 21, 22, 23, 24, 25, 26, 27, 28, 29, 30, 31, 32, 33, 34, 35, 36, 37, 38, 39, 40, 41, 42, 43, 44, 45, 46, 47, 48, 49, 50, 51, 52, 53, 54, 55, 56, 57, 58, 59, 60, 61, 62, 63, 64, 80, 81, 82, 83, 84, 85]","[65, 66, 67, 68, 69, 70, 71, 72, 73, 74, 75, 76, 77, 78, 79]","[86, 87, 88, 89, 90, 91, 92, 93, 94, 95, 96, 97, 98, 99, 100, 101, 102, 103, 104, 105, 106, 107, 108]",True,2.4228852008244986e-13,True,1.5346520877683524e-15,True,development pearson_fdr_reject AND pearson_pct_same_sign >= 0.70 AND abs(mean_pearson_ic) >= 0.05
BB13_T9,BB,BB13,900.0,300,44,-0.18947490057842165,0.1186599114980615,0.9318181818181818,1.4642208972478941e-13,-0.201708826351284,0.10314151829254221,0.9318181818181818,1.8396119173628432e-16,22141.0,85,"[1, 2, 3, 4, 5, 6, 7, 8, 9, 10, 11, 12, 13, 14, 15, 16, 17, 18, 19, 20, 21, 22, 23, 24, 25, 26, 27, 28, 29, 30, 31, 32, 33, 34, 35, 36, 37, 38, 39, 40, 41, 42, 43, 44, 45, 46, 47, 48, 49, 50, 51, 52, 53, 54, 55, 56, 57, 58, 59, 60, 61, 62, 63, 64, 80, 81, 82, 83, 84, 85]","[65, 66, 67, 68, 69, 70, 71, 72, 73, 74, 75, 76, 77, 78, 79]","[86, 87, 88, 89, 90, 91, 92, 93, 94, 95, 96, 97, 98, 99, 100, 101, 102, 103, 104, 105, 106, 107, 108]",True,7.450490721636928e-13,True,2.1618568620709604e-15,True,development pearson_fdr_reject AND pearson_pct_same_sign >= 0.70 AND abs(mean_pearson_ic) >= 0.05
BB14_T1,BB,BB14,5.0,300,44,-0.20429203851508396,0.11643037908128216,0.9318181818181818,7.092181174764208e-15,-0.21343424179793713,0.10275798566923772,0.9545454545454546,2.2561032354496667e-17,23035.0,85,"[1, 2, 3, 4, 5, 6, 7, 8, 9, 10, 11, 12, 13, 14, 15, 16, 17, 18, 19, 20, 21, 22, 23, 24, 25, 26, 27, 28, 29, 30, 31, 32, 33, 34, 35, 36, 37, 38, 39, 40, 41, 42, 43, 44, 45, 46, 47, 48, 49, 50, 51, 52, 53, 54, 55, 56, 57, 58, 59, 60, 61, 62, 63, 64, 80, 81, 82, 83, 84, 85]","[65, 66, 67, 68, 69, 70, 71, 72, 73, 74, 75, 76, 77, 78, 79]","[86, 87, 88, 89, 90, 91, 92, 93, 94, 95, 96, 97, 98, 99, 100, 101, 102, 103, 104, 105, 106, 107, 108]",True,2.2004207310514192e-13,True,7.554365499493036e-16,True,development pearson_fdr_reject AND pearson_pct_same_sign >= 0.70 AND abs(mean_pearson_ic) >= 0.05
BB14_T10,BB,BB14,1500.0,300,44,-0.18218639070829765,0.11645813987769943,0.9318181818181818,2.7738937994155556e-13,-0.20029864060714309,0.10612518593468961,0.9318181818181818,6.200460818438348e-16,21540.0,85,"[1, 2, 3, 4, 5, 6, 7, 8, 9, 10, 11, 12, 13, 14, 15, 16, 17, 18, 19, 20, 21, 22, 23, 24, 25, 26, 27, 28, 29, 30, 31, 32, 33, 34, 35, 36, 37, 38, 39, 40, 41, 42, 43, 44, 45, 46, 47, 48, 49, 50, 51, 52, 53, 54, 55, 56, 57, 58, 59, 60, 61, 62, 63, 64, 80, 81, 82, 83, 84, 85]","[65, 66, 67, 68, 69, 70, 71, 72, 73, 74, 75, 76, 77, 78, 79]","[86, 87, 88, 89, 90, 91, 92, 93, 94, 95, 96, 97, 98, 99, 100, 101, 102, 103, 104, 105, 106, 107, 108]",True,1.371073401570922e-12,True,5.899002608803184e-15,True,development pearson_fdr_reject AND pearson_pct_same_sign >= 0.70 AND abs(mean_pearson_ic) >= 0.05
BB14_T11,BB,BB14,1800.0,300,44,-0.1822270554339182,0.12067487182940984,0.9318181818181818,8.207309632816402e-13,-0.1994164064674919,0.10610123480842512,0.9545454545454546,7.14695475866145e-16,21240.0,85,"[1, 2, 3, 4, 5, 6, 7, 8, 9, 10, 11, 12, 13, 14, 15, 16, 17, 18, 19, 20, 21, 22, 23, 24, 25, 26, 27, 28, 29, 30, 31, 32, 33, 34, 35, 36, 37, 38, 39, 40, 41, 42, 43, 44, 45, 46, 47, 48, 49, 50, 51, 52, 53, 54, 55, 56, 57, 58, 59, 60, 61, 62, 63, 64, 80, 81, 82, 83, 84, 85]","[65, 66, 67, 68, 69, 70, 71, 72, 73, 74, 75, 76, 77, 78, 79]","[86, 87, 88, 89, 90, 91, 92, 93, 94, 95, 96, 97, 98, 99, 100, 101, 102, 103, 104, 105, 106, 107, 108]",True,3.6588715846942795e-12,True,6.549795408799817e-15,True,development pearson_fdr_reject AND pearson_pct_same_sign >= 0.70 AND abs(mean_pearson_ic) >= 0.05
BB14_T12,BB,BB14,3600.0,300,44,-0.18792131651150054,0.10967893253268134,0.9545454545454546,1.5433370084081275e-14,-0.1992073584318071,0.10514133615804667,0.9545454545454546,5.440118247657089e-16,19440.0,85,"[1, 2, 3, 4, 5, 6, 7, 8, 9, 10, 11, 12, 13, 14, 15, 16, 17, 18, 19, 20, 21, 22, 23, 24, 25, 26, 27, 28, 29, 30, 31, 32, 33, 34, 35, 36, 37, 38, 39, 40, 41, 42, 43, 44, 45, 46, 47, 48, 49, 50, 51, 52, 53, 54, 55, 56, 57, 58, 59, 60, 61, 62, 63, 64, 80, 81, 82, 83, 84, 85]","[65, 66, 67, 68, 69, 70, 71, 72, 73, 74, 75, 76, 77, 78, 79]","[86, 87, 88, 89, 90, 91, 92, 93, 94, 95, 96, 97, 98, 99, 100, 101, 102, 103, 104, 105, 106, 107, 108]",True,2.2004207310514192e-13,True,5.49877960621201e-15,True,development pearson_fdr_reject AND pearson_pct_same_sign >= 0.70 AND abs(mean_pearson_ic) >= 0.05
BB14_T2,BB,BB14,10.0,300,44,-0.20419187689692705,0.11633579713508949,0.9318181818181818,7.0174518445295085e-15,-0.21333519311614302,0.10266943306624277,0.9545454545454546,2.2246886685099503e-17,23030.0,85,"[1, 2, 3, 4, 5, 6, 7, 8, 9, 10, 11, 12, 13, 14, 15, 16, 17, 18, 19, 20, 21, 22, 23, 24, 25, 26, 27, 28, 29, 30, 31, 32, 33, 34, 35, 36, 37, 38, 39, 40, 41, 42, 43, 44, 45, 46, 47, 48, 49, 50, 51, 52, 53, 54, 55, 56, 57, 58, 59, 60, 61, 62, 63, 64, 80, 81, 82, 83, 84, 85]","[65, 66, 67, 68, 69, 70, 71, 72, 73, 74, 75, 76, 77, 78, 79]","[86, 87, 88, 89, 90, 91, 92, 93, 94, 95, 96, 97, 98, 99, 100, 101, 102, 103, 104, 105, 106, 107, 108]",True,2.2004207310514192e-13,True,7.554365499493036e-16,True,development pearson_fdr_reject AND pearson_pct_same_sign >= 0.70 AND abs(mean_pearson_ic) >= 0.05
BB14_T3,BB,BB14,30.0,300,44,-0.2038013708289487,0.11606550473567732,0.9318181818181818,6.923089426237237e-15,-0.21279877704067982,0.10244476924689659,0.9545454545454546,2.2504680922743106e-17,23010.0,85,"[1, 2, 3, 4, 5, 6, 7, 8, 9, 10, 11, 12, 13, 14, 15, 16, 17, 18, 19, 20, 21, 22, 23, 24, 25, 26, 27, 28, 29, 30, 31, 32, 33, 34, 35, 36, 37, 38, 39, 40, 41, 42, 43, 44, 45, 46, 47, 48, 49, 50, 51, 52, 53, 54, 55, 56, 57, 58, 59, 60, 61, 62, 63, 64, 80, 81, 82, 83, 84, 85]","[65, 66, 67, 68, 69, 70, 71, 72, 73, 74, 75, 76, 77, 78, 79]","[86, 87, 88, 89, 90, 91, 92, 93, 94, 95, 96, 97, 98, 99, 100, 101, 102, 103, 104, 105, 106, 107, 108]",True,2.2004207310514192e-13,True,7.554365499493036e-16,True,development pearson_fdr_reject AND pearson_pct_same_sign >= 0.70 AND abs(mean_pearson_ic) >= 0.05
BB14_T4,BB,BB14,60.0,300,44,-0.20333498325208718,0.11588808772471931,0.9318181818181818,7.0985295923111935e-15,-0.21229144764112295,0.102439764709947,0.9545454545454546,2.4436273635570883e-17,22980.0,85,"[1, 2, 3, 4, 5, 6, 7, 8, 9, 10, 11, 12, 13, 14, 15, 16, 17, 18, 19, 20, 21, 22, 23, 24, 25, 26, 27, 28, 29, 30, 31, 32, 33, 34, 35, 36, 37, 38, 39, 40, 41, 42, 43, 44, 45, 46, 47, 48, 49, 50, 51, 52, 53, 54, 55, 56, 57, 58, 59, 60, 61, 62, 63, 64, 80, 81, 82, 83, 84, 85]","[65, 66, 67, 68, 69, 70, 71, 72, 73, 74, 75, 76, 77, 78, 79]","[86, 87, 88, 89, 90, 91, 92, 93, 94, 95, 96, 97, 98, 99, 100, 101, 102, 103, 104, 105, 106, 107, 108]",True,2.2004207310514192e-13,True,7.554365499493036e-16,True,development pearson_fdr_reject AND pearson_pct_same_sign >= 0.70 AND abs(mean_pearson_ic) >= 0.05
BB14_T5,BB,BB14,90.0,300,44,-0.20280919642308382,0.11577050020787098,0.9318181818181818,7.475264751182041e-15,-0.21183594793540905,0.10246619837912459,0.9545454545454546,2.6595230173773318e-17,22950.0,85,"[1, 2, 3, 4, 5, 6, 7, 8, 9, 10, 11, 12, 13, 14, 15, 16, 17, 18, 19, 20, 21, 22, 23, 24, 25, 26, 27, 28, 29, 30, 31, 32, 33, 34, 35, 36, 37, 38, 39, 40, 41, 42, 43, 44, 45, 46, 47, 48, 49, 50, 51, 52, 53, 54, 55, 56, 57, 58, 59, 60, 61, 62, 63, 64, 80, 81, 82, 83, 84, 85]","[65, 66, 67, 68, 69, 70, 71, 72, 73, 74, 75, 76, 77, 78, 79]","[86, 87, 88, 89, 90, 91, 92, 93, 94, 95, 96, 97, 98, 99, 100, 101, 102, 103, 104, 105, 106, 107, 108]",True,2.2004207310514192e-13,True,7.554365499493036e-16,True,development pearson_fdr_reject AND pearson_pct_same_sign >= 0.70 AND abs(mean_pearson_ic) >= 0.05
BB14_T6,BB,BB14,120.0,300,44,-0.2019959640962635,0.11566305284727911,0.9318181818181818,8.272912983628962e-15,-0.2111429351437434,0.10253555103397044,0.9545454545454546,3.055992129079477e-17,22920.0,85,"[1, 2, 3, 4, 5, 6, 7, 8, 9, 10, 11, 12, 13, 14, 15, 16, 17, 18, 19, 20, 21, 22, 23, 24, 25, 26, 27, 28, 29, 30, 31, 32, 33, 34, 35, 36, 37, 38, 39, 40, 41, 42, 43, 44, 45, 46, 47, 48, 49, 50, 51, 52, 53, 54, 55, 56, 57, 58, 59, 60, 61, 62, 63, 64, 80, 81, 82, 83, 84, 85]","[65, 66, 67, 68, 69, 70, 71, 72, 73, 74, 75, 76, 77, 78, 79]","[86, 87, 88, 89, 90, 91, 92, 93, 94, 95, 96, 97, 98, 99, 100, 101, 102, 103, 104, 105, 106, 107, 108]",True,2.2004207310514192e-13,True,7.781162269387373e-16,True,development pearson_fdr_reject AND pearson_pct_same_sign >= 0.70 AND abs(mean_pearson_ic) >= 0.05
BB14_T7,BB,BB14,300.0,300,44,-0.1992126918838952,0.11788748721333099,0.9318181818181818,2.4148741218199547e-14,-0.20811968131750366,0.10517531635232363,0.9545454545454546,1.2257315290680094e-16,22740.0,85,"[1, 2, 3, 4, 5, 6, 7, 8, 9, 10, 11, 12, 13, 14, 15, 16, 17, 18, 19, 20, 21, 22, 23, 24, 25, 26, 27, 28, 29, 30, 31, 32, 33, 34, 35, 36, 37, 38, 39, 40, 41, 42, 43, 44, 45, 46, 47, 48, 49, 50, 51, 52, 53, 54, 55, 56, 57, 58, 59, 60, 61, 62, 63, 64, 80, 81, 82, 83, 84, 85]","[65, 66, 67, 68, 69, 70, 71, 72, 73, 74, 75, 76, 77, 78, 79]","[86, 87, 88, 89, 90, 91, 92, 93, 94, 95, 96, 97, 98, 99, 100, 101, 102, 103, 104, 105, 106, 107, 108]",True,2.2184191765319472e-13,True,1.6041297094431714e-15,True,development pearson_fdr_reject AND pearson_pct_same_sign >= 0.70 AND abs(mean_pearson_ic) >= 0.05
BB14_T8,BB,BB14,600.0,300,44,-0.19495100756399578,0.11668447292283024,0.9318181818181818,3.4816861052930914e-14,-0.20564218247105445,0.10360396659882806,0.9318181818181818,1.1018550961009553e-16,22440.0,85,"[1, 2, 3, 4, 5, 6, 7, 8, 9, 10, 11, 12, 13, 14, 15, 16, 17, 18, 19, 20, 21, 22, 23, 24, 25, 26, 27, 28, 29, 30, 31, 32, 33, 34, 35, 36, 37, 38, 39, 40, 41, 42, 43, 44, 45, 46, 47, 48, 49, 50, 51, 52, 53, 54, 55, 56, 57, 58, 59, 60, 61, 62, 63, 64, 80, 81, 82, 83, 84, 85]","[65, 66, 67, 68, 69, 70, 71, 72, 73, 74, 75, 76, 77, 78, 79]","[86, 87, 88, 89, 90, 91, 92, 93, 94, 95, 96, 97, 98, 99, 100, 101, 102, 103, 104, 105, 106, 107, 108]",True,2.3544387830879785e-13,True,1.5047072557426089e-15,True,development pearson_fdr_reject AND pearson_pct_same_sign >= 0.70 AND abs(mean_pearson_ic) >= 0.05
BB14_T9,BB,BB14,900.0,300,44,-0.18957256758535854,0.11847035264670758,0.9318181818181818,1.3702821298515945e-13,-0.2017733051614197,0.10295819915923568,0.9318181818181818,1.7112914878797888e-16,22140.0,85,"[1, 2, 3, 4, 5, 6, 7, 8, 9, 10, 11, 12, 13, 14, 15, 16, 17, 18, 19, 20, 21, 22, 23, 24, 25, 26, 27, 28, 29, 30, 31, 32, 33, 34, 35, 36, 37, 38, 39, 40, 41, 42, 43, 44, 45, 46, 47, 48, 49, 50, 51, 52, 53, 54, 55, 56, 57, 58, 59, 60, 61, 62, 63, 64, 80, 81, 82, 83, 84, 85]","[65, 66, 67, 68, 69, 70, 71, 72, 73, 74, 75, 76, 77, 78, 79]","[86, 87, 88, 89, 90, 91, 92, 93, 94, 95, 96, 97, 98, 99, 100, 101, 102, 103, 104, 105, 106, 107, 108]",True,7.076718622776172e-13,True,2.052955587022455e-15,True,development pearson_fdr_reject AND pearson_pct_same_sign >= 0.70 AND abs(mean_pearson_ic) >= 0.05
BB15_T1,BB,BB15,5.0,300,44,-0.2041176630235082,0.11645770069072829,0.9318181818181818,7.350446306599519e-15,-0.21309976864452757,0.10250976888936948,0.9545454545454546,2.18951794192337e-17,23035.0,85,"[1, 2, 3, 4, 5, 6, 7, 8, 9, 10, 11, 12, 13, 14, 15, 16, 17, 18, 19, 20, 21, 22, 23, 24, 25, 26, 27, 28, 29, 30, 31, 32, 33, 34, 35, 36, 37, 38, 39, 40, 41, 42, 43, 44, 45, 46, 47, 48, 49, 50, 51, 52, 53, 54, 55, 56, 57, 58, 59, 60, 61, 62, 63, 64, 80, 81, 82, 83, 84, 85]","[65, 66, 67, 68, 69, 70, 71, 72, 73, 74, 75, 76, 77, 78, 79]","[86, 87, 88, 89, 90, 91, 92, 93, 94, 95, 96, 97, 98, 99, 100, 101, 102, 103, 104, 105, 106, 107, 108]",True,2.2004207310514192e-13,True,7.554365499493036e-16,True,development pearson_fdr_reject AND pearson_pct_same_sign >= 0.70 AND abs(mean_pearson_ic) >= 0.05
BB15_T10,BB,BB15,1500.0,300,44,-0.18197673303282358,0.11665343889561022,0.9318181818181818,3.0277335511821937e-13,-0.19977381159137864,0.10591539517734658,0.9318181818181818,6.337677074498419e-16,21540.0,85,"[1, 2, 3, 4, 5, 6, 7, 8, 9, 10, 11, 12, 13, 14, 15, 16, 17, 18, 19, 20, 21, 22, 23, 24, 25, 26, 27, 28, 29, 30, 31, 32, 33, 34, 35, 36, 37, 38, 39, 40, 41, 42, 43, 44, 45, 46, 47, 48, 49, 50, 51, 52, 53, 54, 55, 56, 57, 58, 59, 60, 61, 62, 63, 64, 80, 81, 82, 83, 84, 85]","[65, 66, 67, 68, 69, 70, 71, 72, 73, 74, 75, 76, 77, 78, 79]","[86, 87, 88, 89, 90, 91, 92, 93, 94, 95, 96, 97, 98, 99, 100, 101, 102, 103, 104, 105, 106, 107, 108]",True,1.4796067071194455e-12,True,5.978874993236444e-15,True,development pearson_fdr_reject AND pearson_pct_same_sign >= 0.70 AND abs(mean_pearson_ic) >= 0.05
BB15_T11,BB,BB15,1800.0,300,44,-0.18206286958117046,0.12085717469651902,0.9318181818181818,8.830599093788432e-13,-0.19887500343639342,0.10590829669951979,0.9545454545454546,7.367872803852644e-16,21240.0,85,"[1, 2, 3, 4, 5, 6, 7, 8, 9, 10, 11, 12, 13, 14, 15, 16, 17, 18, 19, 20, 21, 22, 23, 24, 25, 26, 27, 28, 29, 30, 31, 32, 33, 34, 35, 36, 37, 38, 39, 40, 41, 42, 43, 44, 45, 46, 47, 48, 49, 50, 51, 52, 53, 54, 55, 56, 57, 58, 59, 60, 61, 62, 63, 64, 80, 81, 82, 83, 84, 85]","[65, 66, 67, 68, 69, 70, 71, 72, 73, 74, 75, 76, 77, 78, 79]","[86, 87, 88, 89, 90, 91, 92, 93, 94, 95, 96, 97, 98, 99, 100, 101, 102, 103, 104, 105, 106, 107, 108]",True,3.9215578237839375e-12,True,6.6291668065913756e-15,True,development pearson_fdr_reject AND pearson_pct_same_sign >= 0.70 AND abs(mean_pearson_ic) >= 0.05
BB15_T12,BB,BB15,3600.0,300,44,-0.18778650166274904,0.10990691270517562,0.9545454545454546,1.6899229327178255e-14,-0.1986558277374919,0.10546128154041973,0.9545454545454546,6.626887620617576e-16,19440.0,85,"[1, 2, 3, 4, 5, 6, 7, 8, 9, 10, 11, 12, 13, 14, 15, 16, 17, 18, 19, 20, 21, 22, 23, 24, 25, 26, 27, 28, 29, 30, 31, 32, 33, 34, 35, 36, 37, 38, 39, 40, 41, 42, 43, 44, 45, 46, 47, 48, 49, 50, 51, 52, 53, 54, 55, 56, 57, 58, 59, 60, 61, 62, 63, 64, 80, 81, 82, 83, 84, 85]","[65, 66, 67, 68, 69, 70, 71, 72, 73, 74, 75, 76, 77, 78, 79]","[86, 87, 88, 89, 90, 91, 92, 93, 94, 95, 96, 97, 98, 99, 100, 101, 102, 103, 104, 105, 106, 107, 108]",True,2.2184191765319472e-13,True,6.188080197090197e-15,True,development pearson_fdr_reject AND pearson_pct_same_sign >= 0.70 AND abs(mean_pearson_ic) >= 0.05
BB15_T2,BB,BB15,10.0,300,44,-0.20399913726718985,0.11635237240415174,0.9318181818181818,7.272621660474396e-15,-0.21300275735223195,0.10242018553167338,0.9545454545454546,2.1574245470218488e-17,23030.0,85,"[1, 2, 3, 4, 5, 6, 7, 8, 9, 10, 11, 12, 13, 14, 15, 16, 17, 18, 19, 20, 21, 22, 23, 24, 25, 26, 27, 28, 29, 30, 31, 32, 33, 34, 35, 36, 37, 38, 39, 40, 41, 42, 43, 44, 45, 46, 47, 48, 49, 50, 51, 52, 53, 54, 55, 56, 57, 58, 59, 60, 61, 62, 63, 64, 80, 81, 82, 83, 84, 85]","[65, 66, 67, 68, 69, 70, 71, 72, 73, 74, 75, 76, 77, 78, 79]","[86, 87, 88, 89, 90, 91, 92, 93, 94, 95, 96, 97, 98, 99, 100, 101, 102, 103, 104, 105, 106, 107, 108]",True,2.2004207310514192e-13,True,7.554365499493036e-16,True,development pearson_fdr_reject AND pearson_pct_same_sign >= 0.70 AND abs(mean_pearson_ic) >= 0.05
BB15_T3,BB,BB15,30.0,300,44,-0.20354779871837092,0.11603836432094564,0.9318181818181818,7.157049848338915e-15,-0.2124426504655763,0.10217919580394813,0.9545454545454546,2.178616064134e-17,23010.0,85,"[1, 2, 3, 4, 5, 6, 7, 8, 9, 10, 11, 12, 13, 14, 15, 16, 17, 18, 19, 20, 21, 22, 23, 24, 25, 26, 27, 28, 29, 30, 31, 32, 33, 34, 35, 36, 37, 38, 39, 40, 41, 42, 43, 44, 45, 46, 47, 48, 49, 50, 51, 52, 53, 54, 55, 56, 57, 58, 59, 60, 61, 62, 63, 64, 80, 81, 82, 83, 84, 85]","[65, 66, 67, 68, 69, 70, 71, 72, 73, 74, 75, 76, 77, 78, 79]","[86, 87, 88, 89, 90, 91, 92, 93, 94, 95, 96, 97, 98, 99, 100, 101, 102, 103, 104, 105, 106, 107, 108]",True,2.2004207310514192e-13,True,7.554365499493036e-16,True,development pearson_fdr_reject AND pearson_pct_same_sign >= 0.70 AND abs(mean_pearson_ic) >= 0.05
BB15_T4,BB,BB15,60.0,300,44,-0.20304195646885548,0.11583647478395107,0.9318181818181818,7.33484995547877e-15,-0.21190257045840227,0.10213009610110863,0.9545454545454546,2.343017307519818e-17,22980.0,85,"[1, 2, 3, 4, 5, 6, 7, 8, 9, 10, 11, 12, 13, 14, 15, 16, 17, 18, 19, 20, 21, 22, 23, 24, 25, 26, 27, 28, 29, 30, 31, 32, 33, 34, 35, 36, 37, 38, 39, 40, 41, 42, 43, 44, 45, 46, 47, 48, 49, 50, 51, 52, 53, 54, 55, 56, 57, 58, 59, 60, 61, 62, 63, 64, 80, 81, 82, 83, 84, 85]","[65, 66, 67, 68, 69, 70, 71, 72, 73, 74, 75, 76, 77, 78, 79]","[86, 87, 88, 89, 90, 91, 92, 93, 94, 95, 96, 97, 98, 99, 100, 101, 102, 103, 104, 105, 106, 107, 108]",True,2.2004207310514192e-13,True,7.554365499493036e-16,True,development pearson_fdr_reject AND pearson_pct_same_sign >= 0.70 AND abs(mean_pearson_ic) >= 0.05
BB15_T5,BB,BB15,90.0,300,44,-0.2024979695400763,0.11569887153671209,0.9318181818181818,7.703727962628859e-15,-0.2114187158171915,0.10213234686081221,0.9545454545454546,2.541345565788244e-17,22950.0,85,"[1, 2, 3, 4, 5, 6, 7, 8, 9, 10, 11, 12, 13, 14, 15, 16, 17, 18, 19, 20, 21, 22, 23, 24, 25, 26, 27, 28, 29, 30, 31, 32, 33, 34, 35, 36, 37, 38, 39, 40, 41, 42, 43, 44, 45, 46, 47, 48, 49, 50, 51, 52, 53, 54, 55, 56, 57, 58, 59, 60, 61, 62, 63, 64, 80, 81, 82, 83, 84, 85]","[65, 66, 67, 68, 69, 70, 71, 72, 73, 74, 75, 76, 77, 78, 79]","[86, 87, 88, 89, 90, 91, 92, 93, 94, 95, 96, 97, 98, 99, 100, 101, 102, 103, 104, 105, 106, 107, 108]",True,2.2004207310514192e-13,True,7.554365499493036e-16,True,development pearson_fdr_reject AND pearson_pct_same_sign >= 0.70 AND abs(mean_pearson_ic) >= 0.05
BB15_T6,BB,BB15,120.0,300,44,-0.20168751134968818,0.115592823901793,0.9318181818181818,8.526490058591448e-15,-0.2106988628176733,0.10218993901414099,0.9545454545454546,2.922542414569726e-17,22920.0,85,"[1, 2, 3, 4, 5, 6, 7, 8, 9, 10, 11, 12, 13, 14, 15, 16, 17, 18, 19, 20, 21, 22, 23, 24, 25, 26, 27, 28, 29, 30, 31, 32, 33, 34, 35, 36, 37, 38, 39, 40, 41, 42, 43, 44, 45, 46, 47, 48, 49, 50, 51, 52, 53, 54, 55, 56, 57, 58, 59, 60, 61, 62, 63, 64, 80, 81, 82, 83, 84, 85]","[65, 66, 67, 68, 69, 70, 71, 72, 73, 74, 75, 76, 77, 78, 79]","[86, 87, 88, 89, 90, 91, 92, 93, 94, 95, 96, 97, 98, 99, 100, 101, 102, 103, 104, 105, 106, 107, 108]",True,2.2004207310514192e-13,True,7.724034317430573e-16,True,development pearson_fdr_reject AND pearson_pct_same_sign >= 0.70 AND abs(mean_pearson_ic) >= 0.05
BB15_T7,BB,BB15,300.0,300,44,-0.19892586179893942,0.11792615889936818,0.9318181818181818,2.5566919209780295e-14,-0.20765740519963927,0.10473795658059241,0.9318181818181818,1.1459920076533572e-16,22740.0,85,"[1, 2, 3, 4, 5, 6, 7, 8, 9, 10, 11, 12, 13, 14, 15, 16, 17, 18, 19, 20, 21, 22, 23, 24, 25, 26, 27, 28, 29, 30, 31, 32, 33, 34, 35, 36, 37, 38, 39, 40, 41, 42, 43, 44, 45, 46, 47, 48, 49, 50, 51, 52, 53, 54, 55, 56, 57, 58, 59, 60, 61, 62, 63, 64, 80, 81, 82, 83, 84, 85]","[65, 66, 67, 68, 69, 70, 71, 72, 73, 74, 75, 76, 77, 78, 79]","[86, 87, 88, 89, 90, 91, 92, 93, 94, 95, 96, 97, 98, 99, 100, 101, 102, 103, 104, 105, 106, 107, 108]",True,2.241972230197739e-13,True,1.5346520877683524e-15,True,development pearson_fdr_reject AND pearson_pct_same_sign >= 0.70 AND abs(mean_pearson_ic) >= 0.05
BB15_T8,BB,BB15,600.0,300,44,-0.1945608380234633,0.11682660285780186,0.9318181818181818,3.8605032524262023e-14,-0.20517696666118557,0.10362474778343614,0.9318181818181818,1.2000455260089388e-16,22440.0,85,"[1, 2, 3, 4, 5, 6, 7, 8, 9, 10, 11, 12, 13, 14, 15, 16, 17, 18, 19, 20, 21, 22, 23, 24, 25, 26, 27, 28, 29, 30, 31, 32, 33, 34, 35, 36, 37, 38, 39, 40, 41, 42, 43, 44, 45, 46, 47, 48, 49, 50, 51, 52, 53, 54, 55, 56, 57, 58, 59, 60, 61, 62, 63, 64, 80, 81, 82, 83, 84, 85]","[65, 66, 67, 68, 69, 70, 71, 72, 73, 74, 75, 76, 77, 78, 79]","[86, 87, 88, 89, 90, 91, 92, 93, 94, 95, 96, 97, 98, 99, 100, 101, 102, 103, 104, 105, 106, 107, 108]",True,2.497760063133432e-13,True,1.5764856624946325e-15,True,development pearson_fdr_reject AND pearson_pct_same_sign >= 0.70 AND abs(mean_pearson_ic) >= 0.05
BB15_T9,BB,BB15,900.0,300,44,-0.18931083549456565,0.11885507892447753,0.9318181818181818,1.5839773296724537e-13,-0.20158500695941825,0.10327281718519626,0.9318181818181818,1.9630396498815706e-16,22140.0,85,"[1, 2, 3, 4, 5, 6, 7, 8, 9, 10, 11, 12, 13, 14, 15, 16, 17, 18, 19, 20, 21, 22, 23, 24, 25, 26, 27, 28, 29, 30, 31, 32, 33, 34, 35, 36, 37, 38, 39, 40, 41, 42, 43, 44, 45, 46, 47, 48, 49, 50, 51, 52, 53, 54, 55, 56, 57, 58, 59, 60, 61, 62, 63, 64, 80, 81, 82, 83, 84, 85]","[65, 66, 67, 68, 69, 70, 71, 72, 73, 74, 75, 76, 77, 78, 79]","[86, 87, 88, 89, 90, 91, 92, 93, 94, 95, 96, 97, 98, 99, 100, 101, 102, 103, 104, 105, 106, 107, 108]",True,8.024401281551799e-13,True,2.2385357085648016e-15,True,development pearson_fdr_reject AND pearson_pct_same_sign >= 0.70 AND abs(mean_pearson_ic) >= 0.05
BB16,BB,BB16,,300,44,-0.19004210121657164,0.10719229985759932,0.9545454545454546,5.040643649387562e-15,-0.1652985147949525,0.08726065935481678,0.9545454545454546,5.474906467545387e-16,23040.0,85,"[1, 2, 3, 4, 5, 6, 7, 8, 9, 10, 11, 12, 13, 14, 15, 16, 17, 18, 19, 20, 21, 22, 23, 24, 25, 26, 27, 28, 29, 30, 31, 32, 33, 34, 35, 36, 37, 38, 39, 40, 41, 42, 43, 44, 45, 46, 47, 48, 49, 50, 51, 52, 53, 54, 55, 56, 57, 58, 59, 60, 61, 62, 63, 64, 80, 81, 82, 83, 84, 85]","[65, 66, 67, 68, 69, 70, 71, 72, 73, 74, 75, 76, 77, 78, 79]","[86, 87, 88, 89, 90, 91, 92, 93, 94, 95, 96, 97, 98, 99, 100, 101, 102, 103, 104, 105, 106, 107, 108]",True,2.2004207310514192e-13,True,5.49877960621201e-15,True,development pearson_fdr_reject AND pearson_pct_same_sign >= 0.70 AND abs(mean_pearson_ic) >= 0.05
BB17,BB,BB17,,300,44,-0.19258555951575865,0.10576863976479482,0.9545454545454546,2.0782900056454666e-15,-0.18189193564187756,0.08365777431045511,0.9772727272727273,4.446665470615045e-18,23040.0,85,"[1, 2, 3, 4, 5, 6, 7, 8, 9, 10, 11, 12, 13, 14, 15, 16, 17, 18, 19, 20, 21, 22, 23, 24, 25, 26, 27, 28, 29, 30, 31, 32, 33, 34, 35, 36, 37, 38, 39, 40, 41, 42, 43, 44, 45, 46, 47, 48, 49, 50, 51, 52, 53, 54, 55, 56, 57, 58, 59, 60, 61, 62, 63, 64, 80, 81, 82, 83, 84, 85]","[65, 66, 67, 68, 69, 70, 71, 72, 73, 74, 75, 76, 77, 78, 79]","[86, 87, 88, 89, 90, 91, 92, 93, 94, 95, 96, 97, 98, 99, 100, 101, 102, 103, 104, 105, 106, 107, 108]",True,2.2004207310514192e-13,True,7.554365499493036e-16,True,development pearson_fdr_reject AND pearson_pct_same_sign >= 0.70 AND abs(mean_pearson_ic) >= 0.05
BB18,BB,BB18,,300,44,-0.16914808259086456,0.11159308957674234,0.9545454545454546,7.319979790773208e-13,-0.1565936953150311,0.08332735822427229,0.9545454545454546,7.177012203181629e-16,23040.0,85,"[1, 2, 3, 4, 5, 6, 7, 8, 9, 10, 11, 12, 13, 14, 15, 16, 17, 18, 19, 20, 21, 22, 23, 24, 25, 26, 27, 28, 29, 30, 31, 32, 33, 34, 35, 36, 37, 38, 39, 40, 41, 42, 43, 44, 45, 46, 47, 48, 49, 50, 51, 52, 53, 54, 55, 56, 57, 58, 59, 60, 61, 62, 63, 64, 80, 81, 82, 83, 84, 85]","[65, 66, 67, 68, 69, 70, 71, 72, 73, 74, 75, 76, 77, 78, 79]","[86, 87, 88, 89, 90, 91, 92, 93, 94, 95, 96, 97, 98, 99, 100, 101, 102, 103, 104, 105, 106, 107, 108]",True,3.2930377834793535e-12,True,6.5517731689082084e-15,True,development pearson_fdr_reject AND pearson_pct_same_sign >= 0.70 AND abs(mean_pearson_ic) >= 0.05
BB19,BB,BB19,,300,44,-0.13871831694690173,0.11556999521941862,0.9090909090909091,5.36879564330521e-10,-0.12898814748445844,0.12838256567501152,0.7727272727272727,3.9460101301584916e-08,23040.0,85,"[1, 2, 3, 4, 5, 6, 7, 8, 9, 10, 11, 12, 13, 14, 15, 16, 17, 18, 19, 20, 21, 22, 23, 24, 25, 26, 27, 28, 29, 30, 31, 32, 33, 34, 35, 36, 37, 38, 39, 40, 41, 42, 43, 44, 45, 46, 47, 48, 49, 50, 51, 52, 53, 54, 55, 56, 57, 58, 59, 60, 61, 62, 63, 64, 80, 81, 82, 83, 84, 85]","[65, 66, 67, 68, 69, 70, 71, 72, 73, 74, 75, 76, 77, 78, 79]","[86, 87, 88, 89, 90, 91, 92, 93, 94, 95, 96, 97, 98, 99, 100, 101, 102, 103, 104, 105, 106, 107, 108]",True,2.1345441826949945e-09,True,1.3827043610240962e-07,True,development pearson_fdr_reject AND pearson_pct_same_sign >= 0.70 AND abs(mean_pearson_ic) >= 0.05
BB1_T1,BB,BB1,5.0,300,44,-0.2042746148949738,0.11655240314383539,0.9318181818181818,7.361133413584373e-15,-0.21335588343756298,0.10272731326343894,0.9545454545454546,2.261567725937412e-17,23040.0,85,"[1, 2, 3, 4, 5, 6, 7, 8, 9, 10, 11, 12, 13, 14, 15, 16, 17, 18, 19, 20, 21, 22, 23, 24, 25, 26, 27, 28, 29, 30, 31, 32, 33, 34, 35, 36, 37, 38, 39, 40, 41, 42, 43, 44, 45, 46, 47, 48, 49, 50, 51, 52, 53, 54, 55, 56, 57, 58, 59, 60, 61, 62, 63, 64, 80, 81, 82, 83, 84, 85]","[65, 66, 67, 68, 69, 70, 71, 72, 73, 74, 75, 76, 77, 78, 79]","[86, 87, 88, 89, 90, 91, 92, 93, 94, 95, 96, 97, 98, 99, 100, 101, 102, 103, 104, 105, 106, 107, 108]",True,2.2004207310514192e-13,True,7.554365499493036e-16,True,development pearson_fdr_reject AND pearson_pct_same_sign >= 0.70 AND abs(mean_pearson_ic) >= 0.05
BB1_T10,BB,BB1,1500.0,300,44,-0.1845689901568669,0.10772210567462706,0.9545454545454546,1.5432133791533166e-14,-0.190683988082747,0.09526570159767637,0.9545454545454546,8.236853169112899e-17,23040.0,85,"[1, 2, 3, 4, 5, 6, 7, 8, 9, 10, 11, 12, 13, 14, 15, 16, 17, 18, 19, 20, 21, 22, 23, 24, 25, 26, 27, 28, 29, 30, 31, 32, 33, 34, 35, 36, 37, 38, 39, 40, 41, 42, 43, 44, 45, 46, 47, 48, 49, 50, 51, 52, 53, 54, 55, 56, 57, 58, 59, 60, 61, 62, 63, 64, 80, 81, 82, 83, 84, 85]","[65, 66, 67, 68, 69, 70, 71, 72, 73, 74, 75, 76, 77, 78, 79]","[86, 87, 88, 89, 90, 91, 92, 93, 94, 95, 96, 97, 98, 99, 100, 101, 102, 103, 104, 105, 106, 107, 108]",True,2.2004207310514192e-13,True,1.2761581927930523e-15,True,development pearson_fdr_reject AND pearson_pct_same_sign >= 0.70 AND abs(mean_pearson_ic) >= 0.05
BB1_T11,BB,BB1,1800.0,300,44,-0.1829296815418508,0.10790705250014293,0.9545454545454546,2.1784843356533523e-14,-0.1891859260866554,0.09458690909505538,0.9545454545454546,8.450378669348215e-17,23040.0,85,"[1, 2, 3, 4, 5, 6, 7, 8, 9, 10, 11, 12, 13, 14, 15, 16, 17, 18, 19, 20, 21, 22, 23, 24, 25, 26, 27, 28, 29, 30, 31, 32, 33, 34, 35, 36, 37, 38, 39, 40, 41, 42, 43, 44, 45, 46, 47, 48, 49, 50, 51, 52, 53, 54, 55, 56, 57, 58, 59, 60, 61, 62, 63, 64, 80, 81, 82, 83, 84, 85]","[65, 66, 67, 68, 69, 70, 71, 72, 73, 74, 75, 76, 77, 78, 79]","[86, 87, 88, 89, 90, 91, 92, 93, 94, 95, 96, 97, 98, 99, 100, 101, 102, 103, 104, 105, 106, 107, 108]",True,2.2184191765319472e-13,True,1.2976025912265812e-15,True,development pearson_fdr_reject AND pearson_pct_same_sign >= 0.70 AND abs(mean_pearson_ic) >= 0.05
BB1_T12,BB,BB1,3600.0,300,44,-0.17694091381926225,0.10560540210019301,0.9545454545454546,3.179034355151716e-14,-0.18023229756400483,0.09142813720915399,0.9545454545454546,1.3974153488009884e-16,23040.0,85,"[1, 2, 3, 4, 5, 6, 7, 8, 9, 10, 11, 12, 13, 14, 15, 16, 17, 18, 19, 20, 21, 22, 23, 24, 25, 26, 27, 28, 29, 30, 31, 32, 33, 34, 35, 36, 37, 38, 39, 40, 41, 42, 43, 44, 45, 46, 47, 48, 49, 50, 51, 52, 53, 54, 55, 56, 57, 58, 59, 60, 61, 62, 63, 64, 80, 81, 82, 83, 84, 85]","[65, 66, 67, 68, 69, 70, 71, 72, 73, 74, 75, 76, 77, 78, 79]","[86, 87, 88, 89, 90, 91, 92, 93, 94, 95, 96, 97, 98, 99, 100, 101, 102, 103, 104, 105, 106, 107, 108]",True,2.297230416381802e-13,True,1.7815756568662047e-15,True,development pearson_fdr_reject AND pearson_pct_same_sign >= 0.70 AND abs(mean_pearson_ic) >= 0.05
BB1_T2,BB,BB1,10.0,300,44,-0.2041654593574921,0.11652189771814474,0.9318181818181818,7.427374533433871e-15,-0.2131361917712386,0.10272010793353151,0.9545454545454546,2.3393623845482695e-17,23040.0,85,"[1, 2, 3, 4, 5, 6, 7, 8, 9, 10, 11, 12, 13, 14, 15, 16, 17, 18, 19, 20, 21, 22, 23, 24, 25, 26, 27, 28, 29, 30, 31, 32, 33, 34, 35, 36, 37, 38, 39, 40, 41, 42, 43, 44, 45, 46, 47, 48, 49, 50, 51, 52, 53, 54, 55, 56, 57, 58, 59, 60, 61, 62, 63, 64, 80, 81, 82, 83, 84, 85]","[65, 66, 67, 68, 69, 70, 71, 72, 73, 74, 75, 76, 77, 78, 79]","[86, 87, 88, 89, 90, 91, 92, 93, 94, 95, 96, 97, 98, 99, 100, 101, 102, 103, 104, 105, 106, 107, 108]",True,2.2004207310514192e-13,True,7.554365499493036e-16,True,development pearson_fdr_reject AND pearson_pct_same_sign >= 0.70 AND abs(mean_pearson_ic) >= 0.05
BB1_T3,BB,BB1,30.0,300,44,-0.203733450524374,0.1163972081501764,0.9318181818181818,7.687308056538567e-15,-0.2123339573144616,0.10268068216055887,0.9545454545454546,2.6355766190204432e-17,23040.0,85,"[1, 2, 3, 4, 5, 6, 7, 8, 9, 10, 11, 12, 13, 14, 15, 16, 17, 18, 19, 20, 21, 22, 23, 24, 25, 26, 27, 28, 29, 30, 31, 32, 33, 34, 35, 36, 37, 38, 39, 40, 41, 42, 43, 44, 45, 46, 47, 48, 49, 50, 51, 52, 53, 54, 55, 56, 57, 58, 59, 60, 61, 62, 63, 64, 80, 81, 82, 83, 84, 85]","[65, 66, 67, 68, 69, 70, 71, 72, 73, 74, 75, 76, 77, 78, 79]","[86, 87, 88, 89, 90, 91, 92, 93, 94, 95, 96, 97, 98, 99, 100, 101, 102, 103, 104, 105, 106, 107, 108]",True,2.2004207310514192e-13,True,7.554365499493036e-16,True,development pearson_fdr_reject AND pearson_pct_same_sign >= 0.70 AND abs(mean_pearson_ic) >= 0.05
BB1_T4,BB,BB1,60.0,300,44,-0.2032031524122518,0.11625063286967374,0.9318181818181818,8.03455775523831e-15,-0.21131311408934927,0.10268381166947366,0.9318181818181818,3.125373306391996e-17,23040.0,85,"[1, 2, 3, 4, 5, 6, 7, 8, 9, 10, 11, 12, 13, 14, 15, 16, 17, 18, 19, 20, 21, 22, 23, 24, 25, 26, 27, 28, 29, 30, 31, 32, 33, 34, 35, 36, 37, 38, 39, 40, 41, 42, 43, 44, 45, 46, 47, 48, 49, 50, 51, 52, 53, 54, 55, 56, 57, 58, 59, 60, 61, 62, 63, 64, 80, 81, 82, 83, 84, 85]","[65, 66, 67, 68, 69, 70, 71, 72, 73, 74, 75, 76, 77, 78, 79]","[86, 87, 88, 89, 90, 91, 92, 93, 94, 95, 96, 97, 98, 99, 100, 101, 102, 103, 104, 105, 106, 107, 108]",True,2.2004207310514192e-13,True,7.881872097506823e-16,True,development pearson_fdr_reject AND pearson_pct_same_sign >= 0.70 AND abs(mean_pearson_ic) >= 0.05
BB1_T5,BB,BB1,90.0,300,44,-0.20273968511599147,0.11604429591332506,0.9318181818181818,8.169277693856562e-15,-0.21035074353191077,0.1026291862757257,0.9318181818181818,3.600425438692148e-17,23040.0,85,"[1, 2, 3, 4, 5, 6, 7, 8, 9, 10, 11, 12, 13, 14, 15, 16, 17, 18, 19, 20, 21, 22, 23, 24, 25, 26, 27, 28, 29, 30, 31, 32, 33, 34, 35, 36, 37, 38, 39, 40, 41, 42, 43, 44, 45, 46, 47, 48, 49, 50, 51, 52, 53, 54, 55, 56, 57, 58, 59, 60, 61, 62, 63, 64, 80, 81, 82, 83, 84, 85]","[65, 66, 67, 68, 69, 70, 71, 72, 73, 74, 75, 76, 77, 78, 79]","[86, 87, 88, 89, 90, 91, 92, 93, 94, 95, 96, 97, 98, 99, 100, 101, 102, 103, 104, 105, 106, 107, 108]",True,2.2004207310514192e-13,True,8.348637510524411e-16,True,development pearson_fdr_reject AND pearson_pct_same_sign >= 0.70 AND abs(mean_pearson_ic) >= 0.05
BB1_T6,BB,BB1,120.0,300,44,-0.2023025325546513,0.11588164099141865,0.9318181818181818,8.374321311909677e-15,-0.2094925905608795,0.10262659500166164,0.9318181818181818,4.1512030776420156e-17,23040.0,85,"[1, 2, 3, 4, 5, 6, 7, 8, 9, 10, 11, 12, 13, 14, 15, 16, 17, 18, 19, 20, 21, 22, 23, 24, 25, 26, 27, 28, 29, 30, 31, 32, 33, 34, 35, 36, 37, 38, 39, 40, 41, 42, 43, 44, 45, 46, 47, 48, 49, 50, 51, 52, 53, 54, 55, 56, 57, 58, 59, 60, 61, 62, 63, 64, 80, 81, 82, 83, 84, 85]","[65, 66, 67, 68, 69, 70, 71, 72, 73, 74, 75, 76, 77, 78, 79]","[86, 87, 88, 89, 90, 91, 92, 93, 94, 95, 96, 97, 98, 99, 100, 101, 102, 103, 104, 105, 106, 107, 108]",True,2.2004207310514192e-13,True,8.516328525151839e-16,True,development pearson_fdr_reject AND pearson_pct_same_sign >= 0.70 AND abs(mean_pearson_ic) >= 0.05
BB1_T7,BB,BB1,300.0,300,44,-0.1992735893234502,0.11622797873339691,0.9318181818181818,1.510629825822226e-14,-0.20421915383258693,0.10426308890862787,0.9318181818181818,1.7437670397808682e-16,23040.0,85,"[1, 2, 3, 4, 5, 6, 7, 8, 9, 10, 11, 12, 13, 14, 15, 16, 17, 18, 19, 20, 21, 22, 23, 24, 25, 26, 27, 28, 29, 30, 31, 32, 33, 34, 35, 36, 37, 38, 39, 40, 41, 42, 43, 44, 45, 46, 47, 48, 49, 50, 51, 52, 53, 54, 55, 56, 57, 58, 59, 60, 61, 62, 63, 64, 80, 81, 82, 83, 84, 85]","[65, 66, 67, 68, 69, 70, 71, 72, 73, 74, 75, 76, 77, 78, 79]","[86, 87, 88, 89, 90, 91, 92, 93, 94, 95, 96, 97, 98, 99, 100, 101, 102, 103, 104, 105, 106, 107, 108]",True,2.2004207310514192e-13,True,2.0703488393274567e-15,True,development pearson_fdr_reject AND pearson_pct_same_sign >= 0.70 AND abs(mean_pearson_ic) >= 0.05
BB1_T8,BB,BB1,600.0,300,44,-0.1940907771115875,0.11593261819799303,0.9318181818181818,3.260715615946222e-14,-0.1975215002332934,0.10651160110719582,0.9318181818181818,1.1242988371644104e-15,23040.0,85,"[1, 2, 3, 4, 5, 6, 7, 8, 9, 10, 11, 12, 13, 14, 15, 16, 17, 18, 19, 20, 21, 22, 23, 24, 25, 26, 27, 28, 29, 30, 31, 32, 33, 34, 35, 36, 37, 38, 39, 40, 41, 42, 43, 44, 45, 46, 47, 48, 49, 50, 51, 52, 53, 54, 55, 56, 57, 58, 59, 60, 61, 62, 63, 64, 80, 81, 82, 83, 84, 85]","[65, 66, 67, 68, 69, 70, 71, 72, 73, 74, 75, 76, 77, 78, 79]","[86, 87, 88, 89, 90, 91, 92, 93, 94, 95, 96, 97, 98, 99, 100, 101, 102, 103, 104, 105, 106, 107, 108]",True,2.302663267501383e-13,True,9.533641561859221e-15,True,development pearson_fdr_reject AND pearson_pct_same_sign >= 0.70 AND abs(mean_pearson_ic) >= 0.05
BB1_T9,BB,BB1,900.0,300,44,-0.19118368109922387,0.112991485063804,0.9318181818181818,2.3171236444373084e-14,-0.1951598236531174,0.10320939427777034,0.9318181818181818,5.819165515591239e-16,23040.0,85,"[1, 2, 3, 4, 5, 6, 7, 8, 9, 10, 11, 12, 13, 14, 15, 16, 17, 18, 19, 20, 21, 22, 23, 24, 25, 26, 27, 28, 29, 30, 31, 32, 33, 34, 35, 36, 37, 38, 39, 40, 41, 42, 43, 44, 45, 46, 47, 48, 49, 50, 51, 52, 53, 54, 55, 56, 57, 58, 59, 60, 61, 62, 63, 64, 80, 81, 82, 83, 84, 85]","[65, 66, 67, 68, 69, 70, 71, 72, 73, 74, 75, 76, 77, 78, 79]","[86, 87, 88, 89, 90, 91, 92, 93, 94, 95, 96, 97, 98, 99, 100, 101, 102, 103, 104, 105, 106, 107, 108]",True,2.2184191765319472e-13,True,5.727982010361177e-15,True,development pearson_fdr_reject AND pearson_pct_same_sign >= 0.70 AND abs(mean_pearson_ic) >= 0.05
BB20,BB,BB20,,300,44,-0.10751873341887207,0.11949027214374713,0.8181818181818182,4.060760335969885e-07,-0.08369315020103683,0.10502795466491434,0.7727272727272727,3.950534720908582e-06,23040.0,85,"[1, 2, 3, 4, 5, 6, 7, 8, 9, 10, 11, 12, 13, 14, 15, 16, 17, 18, 19, 20, 21, 22, 23, 24, 25, 26, 27, 28, 29, 30, 31, 32, 33, 34, 35, 36, 37, 38, 39, 40, 41, 42, 43, 44, 45, 46, 47, 48, 49, 50, 51, 52, 53, 54, 55, 56, 57, 58, 59, 60, 61, 62, 63, 64, 80, 81, 82, 83, 84, 85]","[65, 66, 67, 68, 69, 70, 71, 72, 73, 74, 75, 76, 77, 78, 79]","[86, 87, 88, 89, 90, 91, 92, 93, 94, 95, 96, 97, 98, 99, 100, 101, 102, 103, 104, 105, 106, 107, 108]",True,1.444894640656638e-06,True,1.089313444592111e-05,True,development pearson_fdr_reject AND pearson_pct_same_sign >= 0.70 AND abs(mean_pearson_ic) >= 0.05
BB21,BB,BB21,,300,44,-0.09260867799271354,0.1449732556363391,0.7272727272727273,0.00011729325497698778,-0.08722397141215112,0.15866778688900665,0.6136363636363636,0.0007130556608679577,23040.0,85,"[1, 2, 3, 4, 5, 6, 7, 8, 9, 10, 11, 12, 13, 14, 15, 16, 17, 18, 19, 20, 21, 22, 23, 24, 25, 26, 27, 28, 29, 30, 31, 32, 33, 34, 35, 36, 37, 38, 39, 40, 41, 42, 43, 44, 45, 46, 47, 48, 49, 50, 51, 52, 53, 54, 55, 56, 57, 58, 59, 60, 61, 62, 63, 64, 80, 81, 82, 83, 84, 85]","[65, 66, 67, 68, 69, 70, 71, 72, 73, 74, 75, 76, 77, 78, 79]","[86, 87, 88, 89, 90, 91, 92, 93, 94, 95, 96, 97, 98, 99, 100, 101, 102, 103, 104, 105, 106, 107, 108]",True,0.00034083111517703343,True,0.0014256986737840242,True,development pearson_fdr_reject AND pearson_pct_same_sign >= 0.70 AND abs(mean_pearson_ic) >= 0.05
BB26,BB,BB26,,300,44,-0.1435243100455427,0.10819879289113865,0.9090909090909091,3.612977725111761e-11,-0.15690175944864013,0.09735026040686952,0.9545454545454546,1.0928407195841888e-13,23040.0,85,"[1, 2, 3, 4, 5, 6, 7, 8, 9, 10, 11, 12, 13, 14, 15, 16, 17, 18, 19, 20, 21, 22, 23, 24, 25, 26, 27, 28, 29, 30, 31, 32, 33, 34, 35, 36, 37, 38, 39, 40, 41, 42, 43, 44, 45, 46, 47, 48, 49, 50, 51, 52, 53, 54, 55, 56, 57, 58, 59, 60, 61, 62, 63, 64, 80, 81, 82, 83, 84, 85]","[65, 66, 67, 68, 69, 70, 71, 72, 73, 74, 75, 76, 77, 78, 79]","[86, 87, 88, 89, 90, 91, 92, 93, 94, 95, 96, 97, 98, 99, 100, 101, 102, 103, 104, 105, 106, 107, 108]",True,1.4514927953792017e-10,True,6.07036123177391e-13,True,development pearson_fdr_reject AND pearson_pct_same_sign >= 0.70 AND abs(mean_pearson_ic) >= 0.05
BB3_T12,BB,BB3,3600.0,300,44,-0.05663417814726312,0.11749958760483341,0.7272727272727273,0.002603215254260163,-0.058580524511132576,0.11101808410245963,0.7727272727272727,0.001096239493597094,23040.0,85,"[1, 2, 3, 4, 5, 6, 7, 8, 9, 10, 11, 12, 13, 14, 15, 16, 17, 18, 19, 20, 21, 22, 23, 24, 25, 26, 27, 28, 29, 30, 31, 32, 33, 34, 35, 36, 37, 38, 39, 40, 41, 42, 43, 44, 45, 46, 47, 48, 49, 50, 51, 52, 53, 54, 55, 56, 57, 58, 59, 60, 61, 62, 63, 64, 80, 81, 82, 83, 84, 85]","[65, 66, 67, 68, 69, 70, 71, 72, 73, 74, 75, 76, 77, 78, 79]","[86, 87, 88, 89, 90, 91, 92, 93, 94, 95, 96, 97, 98, 99, 100, 101, 102, 103, 104, 105, 106, 107, 108]",True,0.00607981377565364,True,0.0021290092469803032,True,development pearson_fdr_reject AND pearson_pct_same_sign >= 0.70 AND abs(mean_pearson_ic) >= 0.05
BB4_T1,BB,BB4,5.0,300,44,-0.2042128357637694,0.11646074441464938,0.9318181818181818,7.244951941632346e-15,-0.2132873348483831,0.10264709492910064,0.9545454545454546,2.2252188144160786e-17,23036.0,85,"[1, 2, 3, 4, 5, 6, 7, 8, 9, 10, 11, 12, 13, 14, 15, 16, 17, 18, 19, 20, 21, 22, 23, 24, 25, 26, 27, 28, 29, 30, 31, 32, 33, 34, 35, 36, 37, 38, 39, 40, 41, 42, 43, 44, 45, 46, 47, 48, 49, 50, 51, 52, 53, 54, 55, 56, 57, 58, 59, 60, 61, 62, 63, 64, 80, 81, 82, 83, 84, 85]","[65, 66, 67, 68, 69, 70, 71, 72, 73, 74, 75, 76, 77, 78, 79]","[86, 87, 88, 89, 90, 91, 92, 93, 94, 95, 96, 97, 98, 99, 100, 101, 102, 103, 104, 105, 106, 107, 108]",True,2.2004207310514192e-13,True,7.554365499493036e-16,True,development pearson_fdr_reject AND pearson_pct_same_sign >= 0.70 AND abs(mean_pearson_ic) >= 0.05
BB4_T10,BB,BB4,1500.0,300,44,-0.17242302095463347,0.1127717883195989,0.9318181818181818,5.618049608397348e-13,-0.18432597155435754,0.10046802496554737,0.9318181818181818,1.6124631545603063e-15,21541.0,85,"[1, 2, 3, 4, 5, 6, 7, 8, 9, 10, 11, 12, 13, 14, 15, 16, 17, 18, 19, 20, 21, 22, 23, 24, 25, 26, 27, 28, 29, 30, 31, 32, 33, 34, 35, 36, 37, 38, 39, 40, 41, 42, 43, 44, 45, 46, 47, 48, 49, 50, 51, 52, 53, 54, 55, 56, 57, 58, 59, 60, 61, 62, 63, 64, 80, 81, 82, 83, 84, 85]","[65, 66, 67, 68, 69, 70, 71, 72, 73, 74, 75, 76, 77, 78, 79]","[86, 87, 88, 89, 90, 91, 92, 93, 94, 95, 96, 97, 98, 99, 100, 101, 102, 103, 104, 105, 106, 107, 108]",True,2.5777372373191022e-12,True,1.3232922087899901e-14,True,development pearson_fdr_reject AND pearson_pct_same_sign >= 0.70 AND abs(mean_pearson_ic) >= 0.05
BB4_T11,BB,BB4,1800.0,300,44,-0.1719987151302631,0.11779055388234001,0.9318181818181818,2.253411601976655e-12,-0.1824891381883775,0.09994461893549704,0.9545454545454546,1.89325667995225e-15,21241.0,85,"[1, 2, 3, 4, 5, 6, 7, 8, 9, 10, 11, 12, 13, 14, 15, 16, 17, 18, 19, 20, 21, 22, 23, 24, 25, 26, 27, 28, 29, 30, 31, 32, 33, 34, 35, 36, 37, 38, 39, 40, 41, 42, 43, 44, 45, 46, 47, 48, 49, 50, 51, 52, 53, 54, 55, 56, 57, 58, 59, 60, 61, 62, 63, 64, 80, 81, 82, 83, 84, 85]","[65, 66, 67, 68, 69, 70, 71, 72, 73, 74, 75, 76, 77, 78, 79]","[86, 87, 88, 89, 90, 91, 92, 93, 94, 95, 96, 97, 98, 99, 100, 101, 102, 103, 104, 105, 106, 107, 108]",True,9.42899648438603e-12,True,1.5391063127611822e-14,True,development pearson_fdr_reject AND pearson_pct_same_sign >= 0.70 AND abs(mean_pearson_ic) >= 0.05
BB4_T12,BB,BB4,3600.0,300,44,-0.17397609350574259,0.10372221507731945,0.9545454545454546,3.069046880071575e-14,-0.17809392816100955,0.09603933339156182,0.9545454545454546,1.1258251106334477e-15,19441.0,85,"[1, 2, 3, 4, 5, 6, 7, 8, 9, 10, 11, 12, 13, 14, 15, 16, 17, 18, 19, 20, 21, 22, 23, 24, 25, 26, 27, 28, 29, 30, 31, 32, 33, 34, 35, 36, 37, 38, 39, 40, 41, 42, 43, 44, 45, 46, 47, 48, 49, 50, 51, 52, 53, 54, 55, 56, 57, 58, 59, 60, 61, 62, 63, 64, 80, 81, 82, 83, 84, 85]","[65, 66, 67, 68, 69, 70, 71, 72, 73, 74, 75, 76, 77, 78, 79]","[86, 87, 88, 89, 90, 91, 92, 93, 94, 95, 96, 97, 98, 99, 100, 101, 102, 103, 104, 105, 106, 107, 108]",True,2.2677775211966169e-13,True,9.533641561859221e-15,True,development pearson_fdr_reject AND pearson_pct_same_sign >= 0.70 AND abs(mean_pearson_ic) >= 0.05
BB4_T2,BB,BB4,10.0,300,44,-0.20405630043129383,0.11632190657600268,0.9318181818181818,7.144234260664083e-15,-0.21302594960270893,0.10253879448783326,0.9545454545454546,2.2386379836908472e-17,23031.0,85,"[1, 2, 3, 4, 5, 6, 7, 8, 9, 10, 11, 12, 13, 14, 15, 16, 17, 18, 19, 20, 21, 22, 23, 24, 25, 26, 27, 28, 29, 30, 31, 32, 33, 34, 35, 36, 37, 38, 39, 40, 41, 42, 43, 44, 45, 46, 47, 48, 49, 50, 51, 52, 53, 54, 55, 56, 57, 58, 59, 60, 61, 62, 63, 64, 80, 81, 82, 83, 84, 85]","[65, 66, 67, 68, 69, 70, 71, 72, 73, 74, 75, 76, 77, 78, 79]","[86, 87, 88, 89, 90, 91, 92, 93, 94, 95, 96, 97, 98, 99, 100, 101, 102, 103, 104, 105, 106, 107, 108]",True,2.2004207310514192e-13,True,7.554365499493036e-16,True,development pearson_fdr_reject AND pearson_pct_same_sign >= 0.70 AND abs(mean_pearson_ic) >= 0.05
BB4_T3,BB,BB4,30.0,300,44,-0.2034782896560795,0.1159396095352158,0.9318181818181818,7.038114790072825e-15,-0.21206137331977512,0.10225484421106165,0.9545454545454546,2.3822540608753973e-17,23011.0,85,"[1, 2, 3, 4, 5, 6, 7, 8, 9, 10, 11, 12, 13, 14, 15, 16, 17, 18, 19, 20, 21, 22, 23, 24, 25, 26, 27, 28, 29, 30, 31, 32, 33, 34, 35, 36, 37, 38, 39, 40, 41, 42, 43, 44, 45, 46, 47, 48, 49, 50, 51, 52, 53, 54, 55, 56, 57, 58, 59, 60, 61, 62, 63, 64, 80, 81, 82, 83, 84, 85]","[65, 66, 67, 68, 69, 70, 71, 72, 73, 74, 75, 76, 77, 78, 79]","[86, 87, 88, 89, 90, 91, 92, 93, 94, 95, 96, 97, 98, 99, 100, 101, 102, 103, 104, 105, 106, 107, 108]",True,2.2004207310514192e-13,True,7.554365499493036e-16,True,development pearson_fdr_reject AND pearson_pct_same_sign >= 0.70 AND abs(mean_pearson_ic) >= 0.05
BB4_T4,BB,BB4,60.0,300,44,-0.20281744425945106,0.11566409333335549,0.9318181818181818,7.243157837242292e-15,-0.21097083730856853,0.10217273382935847,0.9545454545454546,2.7765076335726715e-17,22981.0,85,"[1, 2, 3, 4, 5, 6, 7, 8, 9, 10, 11, 12, 13, 14, 15, 16, 17, 18, 19, 20, 21, 22, 23, 24, 25, 26, 27, 28, 29, 30, 31, 32, 33, 34, 35, 36, 37, 38, 39, 40, 41, 42, 43, 44, 45, 46, 47, 48, 49, 50, 51, 52, 53, 54, 55, 56, 57, 58, 59, 60, 61, 62, 63, 64, 80, 81, 82, 83, 84, 85]","[65, 66, 67, 68, 69, 70, 71, 72, 73, 74, 75, 76, 77, 78, 79]","[86, 87, 88, 89, 90, 91, 92, 93, 94, 95, 96, 97, 98, 99, 100, 101, 102, 103, 104, 105, 106, 107, 108]",True,2.2004207310514192e-13,True,7.674267099194864e-16,True,development pearson_fdr_reject AND pearson_pct_same_sign >= 0.70 AND abs(mean_pearson_ic) >= 0.05
BB4_T5,BB,BB4,90.0,300,44,-0.20218999000124205,0.11545270040291644,0.9318181818181818,7.551495483091769e-15,-0.20998585897166056,0.10212582012099591,0.9545454545454546,3.220265397172324e-17,22951.0,85,"[1, 2, 3, 4, 5, 6, 7, 8, 9, 10, 11, 12, 13, 14, 15, 16, 17, 18, 19, 20, 21, 22, 23, 24, 25, 26, 27, 28, 29, 30, 31, 32, 33, 34, 35, 36, 37, 38, 39, 40, 41, 42, 43, 44, 45, 46, 47, 48, 49, 50, 51, 52, 53, 54, 55, 56, 57, 58, 59, 60, 61, 62, 63, 64, 80, 81, 82, 83, 84, 85]","[65, 66, 67, 68, 69, 70, 71, 72, 73, 74, 75, 76, 77, 78, 79]","[86, 87, 88, 89, 90, 91, 92, 93, 94, 95, 96, 97, 98, 99, 100, 101, 102, 103, 104, 105, 106, 107, 108]",True,2.2004207310514192e-13,True,7.993997961774036e-16,True,development pearson_fdr_reject AND pearson_pct_same_sign >= 0.70 AND abs(mean_pearson_ic) >= 0.05
BB4_T6,BB,BB4,120.0,300,44,-0.20135004801616743,0.11524783646110379,0.9318181818181818,8.166818409806036e-15,-0.20889808982403685,0.10212249709309963,0.9545454545454546,3.859238473819711e-17,22921.0,85,"[1, 2, 3, 4, 5, 6, 7, 8, 9, 10, 11, 12, 13, 14, 15, 16, 17, 18, 19, 20, 21, 22, 23, 24, 25, 26, 27, 28, 29, 30, 31, 32, 33, 34, 35, 36, 37, 38, 39, 40, 41, 42, 43, 44, 45, 46, 47, 48, 49, 50, 51, 52, 53, 54, 55, 56, 57, 58, 59, 60, 61, 62, 63, 64, 80, 81, 82, 83, 84, 85]","[65, 66, 67, 68, 69, 70, 71, 72, 73, 74, 75, 76, 77, 78, 79]","[86, 87, 88, 89, 90, 91, 92, 93, 94, 95, 96, 97, 98, 99, 100, 101, 102, 103, 104, 105, 106, 107, 108]",True,2.2004207310514192e-13,True,8.51148510900175e-16,True,development pearson_fdr_reject AND pearson_pct_same_sign >= 0.70 AND abs(mean_pearson_ic) >= 0.05
BB4_T7,BB,BB4,300.0,300,44,-0.19726467018212368,0.11839757400310309,0.9318181818181818,3.805964439333954e-14,-0.20296055872124352,0.10551772780212185,0.9318181818181818,3.2513175047823963e-16,22741.0,85,"[1, 2, 3, 4, 5, 6, 7, 8, 9, 10, 11, 12, 13, 14, 15, 16, 17, 18, 19, 20, 21, 22, 23, 24, 25, 26, 27, 28, 29, 30, 31, 32, 33, 34, 35, 36, 37, 38, 39, 40, 41, 42, 43, 44, 45, 46, 47, 48, 49, 50, 51, 52, 53, 54, 55, 56, 57, 58, 59, 60, 61, 62, 63, 64, 80, 81, 82, 83, 84, 85]","[65, 66, 67, 68, 69, 70, 71, 72, 73, 74, 75, 76, 77, 78, 79]","[86, 87, 88, 89, 90, 91, 92, 93, 94, 95, 96, 97, 98, 99, 100, 101, 102, 103, 104, 105, 106, 107, 108]",True,2.476385525028024e-13,True,3.404030902734297e-15,True,development pearson_fdr_reject AND pearson_pct_same_sign >= 0.70 AND abs(mean_pearson_ic) >= 0.05
BB4_T8,BB,BB4,600.0,300,44,-0.19081796301541037,0.11767351962671863,0.9318181818181818,9.014597685307926e-14,-0.19709873554790958,0.10484932679284371,0.9318181818181818,7.103730045357293e-16,22441.0,85,"[1, 2, 3, 4, 5, 6, 7, 8, 9, 10, 11, 12, 13, 14, 15, 16, 17, 18, 19, 20, 21, 22, 23, 24, 25, 26, 27, 28, 29, 30, 31, 32, 33, 34, 35, 36, 37, 38, 39, 40, 41, 42, 43, 44, 45, 46, 47, 48, 49, 50, 51, 52, 53, 54, 55, 56, 57, 58, 59, 60, 61, 62, 63, 64, 80, 81, 82, 83, 84, 85]","[65, 66, 67, 68, 69, 70, 71, 72, 73, 74, 75, 76, 77, 78, 79]","[86, 87, 88, 89, 90, 91, 92, 93, 94, 95, 96, 97, 98, 99, 100, 101, 102, 103, 104, 105, 106, 107, 108]",True,4.994261791677143e-13,True,6.527496624124854e-15,True,development pearson_fdr_reject AND pearson_pct_same_sign >= 0.70 AND abs(mean_pearson_ic) >= 0.05
BB4_T9,BB,BB4,900.0,300,44,-0.18347268892650323,0.11779800232091468,0.9318181818181818,3.1790891905940224e-13,-0.1911256812867449,0.10176623421803145,0.9318181818181818,7.330540521014147e-16,22141.0,85,"[1, 2, 3, 4, 5, 6, 7, 8, 9, 10, 11, 12, 13, 14, 15, 16, 17, 18, 19, 20, 21, 22, 23, 24, 25, 26, 27, 28, 29, 30, 31, 32, 33, 34, 35, 36, 37, 38, 39, 40, 41, 42, 43, 44, 45, 46, 47, 48, 49, 50, 51, 52, 53, 54, 55, 56, 57, 58, 59, 60, 61, 62, 63, 64, 80, 81, 82, 83, 84, 85]","[65, 66, 67, 68, 69, 70, 71, 72, 73, 74, 75, 76, 77, 78, 79]","[86, 87, 88, 89, 90, 91, 92, 93, 94, 95, 96, 97, 98, 99, 100, 101, 102, 103, 104, 105, 106, 107, 108]",True,1.549189443371276e-12,True,6.612798302899185e-15,True,development pearson_fdr_reject AND pearson_pct_same_sign >= 0.70 AND abs(mean_pearson_ic) >= 0.05
BB5_T1,BB,BB5,5.0,300,44,-0.20425310359677473,0.11648668145117282,0.9318181818181818,7.25102925840224e-15,-0.21339495933215666,0.10266294455153108,0.9545454545454546,2.1979354778396246e-17,23036.0,85,"[1, 2, 3, 4, 5, 6, 7, 8, 9, 10, 11, 12, 13, 14, 15, 16, 17, 18, 19, 20, 21, 22, 23, 24, 25, 26, 27, 28, 29, 30, 31, 32, 33, 34, 35, 36, 37, 38, 39, 40, 41, 42, 43, 44, 45, 46, 47, 48, 49, 50, 51, 52, 53, 54, 55, 56, 57, 58, 59, 60, 61, 62, 63, 64, 80, 81, 82, 83, 84, 85]","[65, 66, 67, 68, 69, 70, 71, 72, 73, 74, 75, 76, 77, 78, 79]","[86, 87, 88, 89, 90, 91, 92, 93, 94, 95, 96, 97, 98, 99, 100, 101, 102, 103, 104, 105, 106, 107, 108]",True,2.2004207310514192e-13,True,7.554365499493036e-16,True,development pearson_fdr_reject AND pearson_pct_same_sign >= 0.70 AND abs(mean_pearson_ic) >= 0.05
BB5_T10,BB,BB5,1500.0,300,44,-0.1820620239652416,0.11653899630140396,0.9318181818181818,2.8948025589783744e-13,-0.20007561358520504,0.1060121487302762,0.9318181818181818,6.210655255012375e-16,21541.0,85,"[1, 2, 3, 4, 5, 6, 7, 8, 9, 10, 11, 12, 13, 14, 15, 16, 17, 18, 19, 20, 21, 22, 23, 24, 25, 26, 27, 28, 29, 30, 31, 32, 33, 34, 35, 36, 37, 38, 39, 40, 41, 42, 43, 44, 45, 46, 47, 48, 49, 50, 51, 52, 53, 54, 55, 56, 57, 58, 59, 60, 61, 62, 63, 64, 80, 81, 82, 83, 84, 85]","[65, 66, 67, 68, 69, 70, 71, 72, 73, 74, 75, 76, 77, 78, 79]","[86, 87, 88, 89, 90, 91, 92, 93, 94, 95, 96, 97, 98, 99, 100, 101, 102, 103, 104, 105, 106, 107, 108]",True,1.4206736990440744e-12,True,5.899002608803184e-15,True,development pearson_fdr_reject AND pearson_pct_same_sign >= 0.70 AND abs(mean_pearson_ic) >= 0.05
BB5_T11,BB,BB5,1800.0,300,44,-0.18216786107395874,0.1207564154358842,0.9318181818181818,8.460514736103528e-13,-0.199136350888387,0.1059864176909663,0.9545454545454546,7.225514519842147e-16,21241.0,85,"[1, 2, 3, 4, 5, 6, 7, 8, 9, 10, 11, 12, 13, 14, 15, 16, 17, 18, 19, 20, 21, 22, 23, 24, 25, 26, 27, 28, 29, 30, 31, 32, 33, 34, 35, 36, 37, 38, 39, 40, 41, 42, 43, 44, 45, 46, 47, 48, 49, 50, 51, 52, 53, 54, 55, 56, 57, 58, 59, 60, 61, 62, 63, 64, 80, 81, 82, 83, 84, 85]","[65, 66, 67, 68, 69, 70, 71, 72, 73, 74, 75, 76, 77, 78, 79]","[86, 87, 88, 89, 90, 91, 92, 93, 94, 95, 96, 97, 98, 99, 100, 101, 102, 103, 104, 105, 106, 107, 108]",True,3.762043553827244e-12,True,6.552271040959217e-15,True,development pearson_fdr_reject AND pearson_pct_same_sign >= 0.70 AND abs(mean_pearson_ic) >= 0.05
BB5_T12,BB,BB5,3600.0,300,44,-0.18790413000095735,0.10980245911869914,0.9545454545454546,1.6055808676075155e-14,-0.19895473513801276,0.10531066553491154,0.9545454545454546,5.999052544571226e-16,19441.0,85,"[1, 2, 3, 4, 5, 6, 7, 8, 9, 10, 11, 12, 13, 14, 15, 16, 17, 18, 19, 20, 21, 22, 23, 24, 25, 26, 27, 28, 29, 30, 31, 32, 33, 34, 35, 36, 37, 38, 39, 40, 41, 42, 43, 44, 45, 46, 47, 48, 49, 50, 51, 52, 53, 54, 55, 56, 57, 58, 59, 60, 61, 62, 63, 64, 80, 81, 82, 83, 84, 85]","[65, 66, 67, 68, 69, 70, 71, 72, 73, 74, 75, 76, 77, 78, 79]","[86, 87, 88, 89, 90, 91, 92, 93, 94, 95, 96, 97, 98, 99, 100, 101, 102, 103, 104, 105, 106, 107, 108]",True,2.2004207310514192e-13,True,5.831133092881371e-15,True,development pearson_fdr_reject AND pearson_pct_same_sign >= 0.70 AND abs(mean_pearson_ic) >= 0.05
BB5_T2,BB,BB5,10.0,300,44,-0.2041275617918979,0.11637560731850854,0.9318181818181818,7.170668788630072e-15,-0.21323385636972372,0.10256678140742122,0.9545454545454546,2.1838907283366368e-17,23031.0,85,"[1, 2, 3, 4, 5, 6, 7, 8, 9, 10, 11, 12, 13, 14, 15, 16, 17, 18, 19, 20, 21, 22, 23, 24, 25, 26, 27, 28, 29, 30, 31, 32, 33, 34, 35, 36, 37, 38, 39, 40, 41, 42, 43, 44, 45, 46, 47, 48, 49, 50, 51, 52, 53, 54, 55, 56, 57, 58, 59, 60, 61, 62, 63, 64, 80, 81, 82, 83, 84, 85]","[65, 66, 67, 68, 69, 70, 71, 72, 73, 74, 75, 76, 77, 78, 79]","[86, 87, 88, 89, 90, 91, 92, 93, 94, 95, 96, 97, 98, 99, 100, 101, 102, 103, 104, 105, 106, 107, 108]",True,2.2004207310514192e-13,True,7.554365499493036e-16,True,development pearson_fdr_reject AND pearson_pct_same_sign >= 0.70 AND abs(mean_pearson_ic) >= 0.05
BB5_T3,BB,BB5,30.0,300,44,-0.20369518393368022,0.11607095382895756,0.9318181818181818,7.053599567311368e-15,-0.21263830840184844,0.1023105682848352,0.9545454545454546,2.2067690855850866e-17,23011.0,85,"[1, 2, 3, 4, 5, 6, 7, 8, 9, 10, 11, 12, 13, 14, 15, 16, 17, 18, 19, 20, 21, 22, 23, 24, 25, 26, 27, 28, 29, 30, 31, 32, 33, 34, 35, 36, 37, 38, 39, 40, 41, 42, 43, 44, 45, 46, 47, 48, 49, 50, 51, 52, 53, 54, 55, 56, 57, 58, 59, 60, 61, 62, 63, 64, 80, 81, 82, 83, 84, 85]","[65, 66, 67, 68, 69, 70, 71, 72, 73, 74, 75, 76, 77, 78, 79]","[86, 87, 88, 89, 90, 91, 92, 93, 94, 95, 96, 97, 98, 99, 100, 101, 102, 103, 104, 105, 106, 107, 108]",True,2.2004207310514192e-13,True,7.554365499493036e-16,True,development pearson_fdr_reject AND pearson_pct_same_sign >= 0.70 AND abs(mean_pearson_ic) >= 0.05
BB5_T4,BB,BB5,60.0,300,44,-0.20320259575566177,0.11586507524286656,0.9318181818181818,7.204923120147342e-15,-0.2121123407503194,0.10227505160375361,0.9545454545454546,2.3786734153604406e-17,22981.0,85,"[1, 2, 3, 4, 5, 6, 7, 8, 9, 10, 11, 12, 13, 14, 15, 16, 17, 18, 19, 20, 21, 22, 23, 24, 25, 26, 27, 28, 29, 30, 31, 32, 33, 34, 35, 36, 37, 38, 39, 40, 41, 42, 43, 44, 45, 46, 47, 48, 49, 50, 51, 52, 53, 54, 55, 56, 57, 58, 59, 60, 61, 62, 63, 64, 80, 81, 82, 83, 84, 85]","[65, 66, 67, 68, 69, 70, 71, 72, 73, 74, 75, 76, 77, 78, 79]","[86, 87, 88, 89, 90, 91, 92, 93, 94, 95, 96, 97, 98, 99, 100, 101, 102, 103, 104, 105, 106, 107, 108]",True,2.2004207310514192e-13,True,7.554365499493036e-16,True,development pearson_fdr_reject AND pearson_pct_same_sign >= 0.70 AND abs(mean_pearson_ic) >= 0.05
BB5_T5,BB,BB5,90.0,300,44,-0.20267227955307934,0.11574894005233347,0.9318181818181818,7.596290746021143e-15,-0.21162866154831048,0.10229528626187158,0.9545454545454546,2.595711315208331e-17,22951.0,85,"[1, 2, 3, 4, 5, 6, 7, 8, 9, 10, 11, 12, 13, 14, 15, 16, 17, 18, 19, 20, 21, 22, 23, 24, 25, 26, 27, 28, 29, 30, 31, 32, 33, 34, 35, 36, 37, 38, 39, 40, 41, 42, 43, 44, 45, 46, 47, 48, 49, 50, 51, 52, 53, 54, 55, 56, 57, 58, 59, 60, 61, 62, 63, 64, 80, 81, 82, 83, 84, 85]","[65, 66, 67, 68, 69, 70, 71, 72, 73, 74, 75, 76, 77, 78, 79]","[86, 87, 88, 89, 90, 91, 92, 93, 94, 95, 96, 97, 98, 99, 100, 101, 102, 103, 104, 105, 106, 107, 108]",True,2.2004207310514192e-13,True,7.554365499493036e-16,True,development pearson_fdr_reject AND pearson_pct_same_sign >= 0.70 AND abs(mean_pearson_ic) >= 0.05
BB5_T6,BB,BB5,120.0,300,44,-0.20186001514570762,0.11563045208550222,0.9318181818181818,8.379763622926502e-15,-0.21091805719323065,0.1023464522952124,0.9545454545454546,2.973361980371248e-17,22921.0,85,"[1, 2, 3, 4, 5, 6, 7, 8, 9, 10, 11, 12, 13, 14, 15, 16, 17, 18, 19, 20, 21, 22, 23, 24, 25, 26, 27, 28, 29, 30, 31, 32, 33, 34, 35, 36, 37, 38, 39, 40, 41, 42, 43, 44, 45, 46, 47, 48, 49, 50, 51, 52, 53, 54, 55, 56, 57, 58, 59, 60, 61, 62, 63, 64, 80, 81, 82, 83, 84, 85]","[65, 66, 67, 68, 69, 70, 71, 72, 73, 74, 75, 76, 77, 78, 79]","[86, 87, 88, 89, 90, 91, 92, 93, 94, 95, 96, 97, 98, 99, 100, 101, 102, 103, 104, 105, 106, 107, 108]",True,2.2004207310514192e-13,True,7.724034317430573e-16,True,development pearson_fdr_reject AND pearson_pct_same_sign >= 0.70 AND abs(mean_pearson_ic) >= 0.05
BB5_T7,BB,BB5,300.0,300,44,-0.1990673714703756,0.11789760652461387,0.9318181818181818,2.4792740084486435e-14,-0.20788241134028163,0.10496454302475255,0.9545454545454546,1.1895708444542499e-16,22741.0,85,"[1, 2, 3, 4, 5, 6, 7, 8, 9, 10, 11, 12, 13, 14, 15, 16, 17, 18, 19, 20, 21, 22, 23, 24, 25, 26, 27, 28, 29, 30, 31, 32, 33, 34, 35, 36, 37, 38, 39, 40, 41, 42, 43, 44, 45, 46, 47, 48, 49, 50, 51, 52, 53, 54, 55, 56, 57, 58, 59, 60, 61, 62, 63, 64, 80, 81, 82, 83, 84, 85]","[65, 66, 67, 68, 69, 70, 71, 72, 73, 74, 75, 76, 77, 78, 79]","[86, 87, 88, 89, 90, 91, 92, 93, 94, 95, 96, 97, 98, 99, 100, 101, 102, 103, 104, 105, 106, 107, 108]",True,2.2184191765319472e-13,True,1.56868979678986e-15,True,development pearson_fdr_reject AND pearson_pct_same_sign >= 0.70 AND abs(mean_pearson_ic) >= 0.05
BB5_T8,BB,BB5,600.0,300,44,-0.19476813249977523,0.1167580610785113,0.9318181818181818,3.6614183962062864e-14,-0.20546069436497827,0.10362458237711736,0.9318181818181818,1.143925965525035e-16,22441.0,85,"[1, 2, 3, 4, 5, 6, 7, 8, 9, 10, 11, 12, 13, 14, 15, 16, 17, 18, 19, 20, 21, 22, 23, 24, 25, 26, 27, 28, 29, 30, 31, 32, 33, 34, 35, 36, 37, 38, 39, 40, 41, 42, 43, 44, 45, 46, 47, 48, 49, 50, 51, 52, 53, 54, 55, 56, 57, 58, 59, 60, 61, 62, 63, 64, 80, 81, 82, 83, 84, 85]","[65, 66, 67, 68, 69, 70, 71, 72, 73, 74, 75, 76, 77, 78, 79]","[86, 87, 88, 89, 90, 91, 92, 93, 94, 95, 96, 97, 98, 99, 100, 101, 102, 103, 104, 105, 106, 107, 108]",True,2.4228852008244986e-13,True,1.5346520877683524e-15,True,development pearson_fdr_reject AND pearson_pct_same_sign >= 0.70 AND abs(mean_pearson_ic) >= 0.05
BB5_T9,BB,BB5,900.0,300,44,-0.18947490057842165,0.1186599114980615,0.9318181818181818,1.4642208972478941e-13,-0.201708826351284,0.10314151829254221,0.9318181818181818,1.8396119173628432e-16,22141.0,85,"[1, 2, 3, 4, 5, 6, 7, 8, 9, 10, 11, 12, 13, 14, 15, 16, 17, 18, 19, 20, 21, 22, 23, 24, 25, 26, 27, 28, 29, 30, 31, 32, 33, 34, 35, 36, 37, 38, 39, 40, 41, 42, 43, 44, 45, 46, 47, 48, 49, 50, 51, 52, 53, 54, 55, 56, 57, 58, 59, 60, 61, 62, 63, 64, 80, 81, 82, 83, 84, 85]","[65, 66, 67, 68, 69, 70, 71, 72, 73, 74, 75, 76, 77, 78, 79]","[86, 87, 88, 89, 90, 91, 92, 93, 94, 95, 96, 97, 98, 99, 100, 101, 102, 103, 104, 105, 106, 107, 108]",True,7.450490721636928e-13,True,2.1618568620709604e-15,True,development pearson_fdr_reject AND pearson_pct_same_sign >= 0.70 AND abs(mean_pearson_ic) >= 0.05
BB6_T1,BB,BB6,5.0,300,44,-0.2042128357637694,0.11646074441464938,0.9318181818181818,7.244951941632346e-15,-0.2132873348483831,0.10264709492910064,0.9545454545454546,2.2252188144160786e-17,23036.0,85,"[1, 2, 3, 4, 5, 6, 7, 8, 9, 10, 11, 12, 13, 14, 15, 16, 17, 18, 19, 20, 21, 22, 23, 24, 25, 26, 27, 28, 29, 30, 31, 32, 33, 34, 35, 36, 37, 38, 39, 40, 41, 42, 43, 44, 45, 46, 47, 48, 49, 50, 51, 52, 53, 54, 55, 56, 57, 58, 59, 60, 61, 62, 63, 64, 80, 81, 82, 83, 84, 85]","[65, 66, 67, 68, 69, 70, 71, 72, 73, 74, 75, 76, 77, 78, 79]","[86, 87, 88, 89, 90, 91, 92, 93, 94, 95, 96, 97, 98, 99, 100, 101, 102, 103, 104, 105, 106, 107, 108]",True,2.2004207310514192e-13,True,7.554365499493036e-16,True,development pearson_fdr_reject AND pearson_pct_same_sign >= 0.70 AND abs(mean_pearson_ic) >= 0.05
BB6_T10,BB,BB6,1500.0,300,44,-0.17242302095463347,0.1127717883195989,0.9318181818181818,5.618049608397348e-13,-0.18432597155435754,0.10046802496554737,0.9318181818181818,1.6124631545603063e-15,21541.0,85,"[1, 2, 3, 4, 5, 6, 7, 8, 9, 10, 11, 12, 13, 14, 15, 16, 17, 18, 19, 20, 21, 22, 23, 24, 25, 26, 27, 28, 29, 30, 31, 32, 33, 34, 35, 36, 37, 38, 39, 40, 41, 42, 43, 44, 45, 46, 47, 48, 49, 50, 51, 52, 53, 54, 55, 56, 57, 58, 59, 60, 61, 62, 63, 64, 80, 81, 82, 83, 84, 85]","[65, 66, 67, 68, 69, 70, 71, 72, 73, 74, 75, 76, 77, 78, 79]","[86, 87, 88, 89, 90, 91, 92, 93, 94, 95, 96, 97, 98, 99, 100, 101, 102, 103, 104, 105, 106, 107, 108]",True,2.5777372373191022e-12,True,1.3232922087899901e-14,True,development pearson_fdr_reject AND pearson_pct_same_sign >= 0.70 AND abs(mean_pearson_ic) >= 0.05
BB6_T11,BB,BB6,1800.0,300,44,-0.1719987151302631,0.11779055388234001,0.9318181818181818,2.253411601976655e-12,-0.1824891381883775,0.09994461893549704,0.9545454545454546,1.89325667995225e-15,21241.0,85,"[1, 2, 3, 4, 5, 6, 7, 8, 9, 10, 11, 12, 13, 14, 15, 16, 17, 18, 19, 20, 21, 22, 23, 24, 25, 26, 27, 28, 29, 30, 31, 32, 33, 34, 35, 36, 37, 38, 39, 40, 41, 42, 43, 44, 45, 46, 47, 48, 49, 50, 51, 52, 53, 54, 55, 56, 57, 58, 59, 60, 61, 62, 63, 64, 80, 81, 82, 83, 84, 85]","[65, 66, 67, 68, 69, 70, 71, 72, 73, 74, 75, 76, 77, 78, 79]","[86, 87, 88, 89, 90, 91, 92, 93, 94, 95, 96, 97, 98, 99, 100, 101, 102, 103, 104, 105, 106, 107, 108]",True,9.42899648438603e-12,True,1.5391063127611822e-14,True,development pearson_fdr_reject AND pearson_pct_same_sign >= 0.70 AND abs(mean_pearson_ic) >= 0.05
BB6_T12,BB,BB6,3600.0,300,44,-0.17397609350574259,0.10372221507731945,0.9545454545454546,3.069046880071575e-14,-0.17809392816100955,0.09603933339156182,0.9545454545454546,1.1258251106334477e-15,19441.0,85,"[1, 2, 3, 4, 5, 6, 7, 8, 9, 10, 11, 12, 13, 14, 15, 16, 17, 18, 19, 20, 21, 22, 23, 24, 25, 26, 27, 28, 29, 30, 31, 32, 33, 34, 35, 36, 37, 38, 39, 40, 41, 42, 43, 44, 45, 46, 47, 48, 49, 50, 51, 52, 53, 54, 55, 56, 57, 58, 59, 60, 61, 62, 63, 64, 80, 81, 82, 83, 84, 85]","[65, 66, 67, 68, 69, 70, 71, 72, 73, 74, 75, 76, 77, 78, 79]","[86, 87, 88, 89, 90, 91, 92, 93, 94, 95, 96, 97, 98, 99, 100, 101, 102, 103, 104, 105, 106, 107, 108]",True,2.2677775211966169e-13,True,9.533641561859221e-15,True,development pearson_fdr_reject AND pearson_pct_same_sign >= 0.70 AND abs(mean_pearson_ic) >= 0.05
BB6_T2,BB,BB6,10.0,300,44,-0.20405630043129383,0.11632190657600268,0.9318181818181818,7.144234260664083e-15,-0.21302594960270893,0.10253879448783326,0.9545454545454546,2.2386379836908472e-17,23031.0,85,"[1, 2, 3, 4, 5, 6, 7, 8, 9, 10, 11, 12, 13, 14, 15, 16, 17, 18, 19, 20, 21, 22, 23, 24, 25, 26, 27, 28, 29, 30, 31, 32, 33, 34, 35, 36, 37, 38, 39, 40, 41, 42, 43, 44, 45, 46, 47, 48, 49, 50, 51, 52, 53, 54, 55, 56, 57, 58, 59, 60, 61, 62, 63, 64, 80, 81, 82, 83, 84, 85]","[65, 66, 67, 68, 69, 70, 71, 72, 73, 74, 75, 76, 77, 78, 79]","[86, 87, 88, 89, 90, 91, 92, 93, 94, 95, 96, 97, 98, 99, 100, 101, 102, 103, 104, 105, 106, 107, 108]",True,2.2004207310514192e-13,True,7.554365499493036e-16,True,development pearson_fdr_reject AND pearson_pct_same_sign >= 0.70 AND abs(mean_pearson_ic) >= 0.05
BB6_T3,BB,BB6,30.0,300,44,-0.2034782896560795,0.1159396095352158,0.9318181818181818,7.038114790072825e-15,-0.21206137331977512,0.10225484421106165,0.9545454545454546,2.3822540608753973e-17,23011.0,85,"[1, 2, 3, 4, 5, 6, 7, 8, 9, 10, 11, 12, 13, 14, 15, 16, 17, 18, 19, 20, 21, 22, 23, 24, 25, 26, 27, 28, 29, 30, 31, 32, 33, 34, 35, 36, 37, 38, 39, 40, 41, 42, 43, 44, 45, 46, 47, 48, 49, 50, 51, 52, 53, 54, 55, 56, 57, 58, 59, 60, 61, 62, 63, 64, 80, 81, 82, 83, 84, 85]","[65, 66, 67, 68, 69, 70, 71, 72, 73, 74, 75, 76, 77, 78, 79]","[86, 87, 88, 89, 90, 91, 92, 93, 94, 95, 96, 97, 98, 99, 100, 101, 102, 103, 104, 105, 106, 107, 108]",True,2.2004207310514192e-13,True,7.554365499493036e-16,True,development pearson_fdr_reject AND pearson_pct_same_sign >= 0.70 AND abs(mean_pearson_ic) >= 0.05
BB6_T4,BB,BB6,60.0,300,44,-0.20281744425945106,0.11566409333335549,0.9318181818181818,7.243157837242292e-15,-0.21097083730856853,0.10217273382935847,0.9545454545454546,2.7765076335726715e-17,22981.0,85,"[1, 2, 3, 4, 5, 6, 7, 8, 9, 10, 11, 12, 13, 14, 15, 16, 17, 18, 19, 20, 21, 22, 23, 24, 25, 26, 27, 28, 29, 30, 31, 32, 33, 34, 35, 36, 37, 38, 39, 40, 41, 42, 43, 44, 45, 46, 47, 48, 49, 50, 51, 52, 53, 54, 55, 56, 57, 58, 59, 60, 61, 62, 63, 64, 80, 81, 82, 83, 84, 85]","[65, 66, 67, 68, 69, 70, 71, 72, 73, 74, 75, 76, 77, 78, 79]","[86, 87, 88, 89, 90, 91, 92, 93, 94, 95, 96, 97, 98, 99, 100, 101, 102, 103, 104, 105, 106, 107, 108]",True,2.2004207310514192e-13,True,7.674267099194864e-16,True,development pearson_fdr_reject AND pearson_pct_same_sign >= 0.70 AND abs(mean_pearson_ic) >= 0.05
BB6_T5,BB,BB6,90.0,300,44,-0.20218999000124205,0.11545270040291644,0.9318181818181818,7.551495483091769e-15,-0.20998585897166056,0.10212582012099591,0.9545454545454546,3.220265397172324e-17,22951.0,85,"[1, 2, 3, 4, 5, 6, 7, 8, 9, 10, 11, 12, 13, 14, 15, 16, 17, 18, 19, 20, 21, 22, 23, 24, 25, 26, 27, 28, 29, 30, 31, 32, 33, 34, 35, 36, 37, 38, 39, 40, 41, 42, 43, 44, 45, 46, 47, 48, 49, 50, 51, 52, 53, 54, 55, 56, 57, 58, 59, 60, 61, 62, 63, 64, 80, 81, 82, 83, 84, 85]","[65, 66, 67, 68, 69, 70, 71, 72, 73, 74, 75, 76, 77, 78, 79]","[86, 87, 88, 89, 90, 91, 92, 93, 94, 95, 96, 97, 98, 99, 100, 101, 102, 103, 104, 105, 106, 107, 108]",True,2.2004207310514192e-13,True,7.993997961774036e-16,True,development pearson_fdr_reject AND pearson_pct_same_sign >= 0.70 AND abs(mean_pearson_ic) >= 0.05
BB6_T6,BB,BB6,120.0,300,44,-0.20135004801616743,0.11524783646110379,0.9318181818181818,8.166818409806036e-15,-0.20889808982403685,0.10212249709309963,0.9545454545454546,3.859238473819711e-17,22921.0,85,"[1, 2, 3, 4, 5, 6, 7, 8, 9, 10, 11, 12, 13, 14, 15, 16, 17, 18, 19, 20, 21, 22, 23, 24, 25, 26, 27, 28, 29, 30, 31, 32, 33, 34, 35, 36, 37, 38, 39, 40, 41, 42, 43, 44, 45, 46, 47, 48, 49, 50, 51, 52, 53, 54, 55, 56, 57, 58, 59, 60, 61, 62, 63, 64, 80, 81, 82, 83, 84, 85]","[65, 66, 67, 68, 69, 70, 71, 72, 73, 74, 75, 76, 77, 78, 79]","[86, 87, 88, 89, 90, 91, 92, 93, 94, 95, 96, 97, 98, 99, 100, 101, 102, 103, 104, 105, 106, 107, 108]",True,2.2004207310514192e-13,True,8.51148510900175e-16,True,development pearson_fdr_reject AND pearson_pct_same_sign >= 0.70 AND abs(mean_pearson_ic) >= 0.05
BB6_T7,BB,BB6,300.0,300,44,-0.19726467018212368,0.11839757400310309,0.9318181818181818,3.805964439333954e-14,-0.20296055872124352,0.10551772780212185,0.9318181818181818,3.2513175047823963e-16,22741.0,85,"[1, 2, 3, 4, 5, 6, 7, 8, 9, 10, 11, 12, 13, 14, 15, 16, 17, 18, 19, 20, 21, 22, 23, 24, 25, 26, 27, 28, 29, 30, 31, 32, 33, 34, 35, 36, 37, 38, 39, 40, 41, 42, 43, 44, 45, 46, 47, 48, 49, 50, 51, 52, 53, 54, 55, 56, 57, 58, 59, 60, 61, 62, 63, 64, 80, 81, 82, 83, 84, 85]","[65, 66, 67, 68, 69, 70, 71, 72, 73, 74, 75, 76, 77, 78, 79]","[86, 87, 88, 89, 90, 91, 92, 93, 94, 95, 96, 97, 98, 99, 100, 101, 102, 103, 104, 105, 106, 107, 108]",True,2.476385525028024e-13,True,3.404030902734297e-15,True,development pearson_fdr_reject AND pearson_pct_same_sign >= 0.70 AND abs(mean_pearson_ic) >= 0.05
BB6_T8,BB,BB6,600.0,300,44,-0.19081796301541037,0.11767351962671863,0.9318181818181818,9.014597685307926e-14,-0.19709873554790958,0.10484932679284371,0.9318181818181818,7.103730045357293e-16,22441.0,85,"[1, 2, 3, 4, 5, 6, 7, 8, 9, 10, 11, 12, 13, 14, 15, 16, 17, 18, 19, 20, 21, 22, 23, 24, 25, 26, 27, 28, 29, 30, 31, 32, 33, 34, 35, 36, 37, 38, 39, 40, 41, 42, 43, 44, 45, 46, 47, 48, 49, 50, 51, 52, 53, 54, 55, 56, 57, 58, 59, 60, 61, 62, 63, 64, 80, 81, 82, 83, 84, 85]","[65, 66, 67, 68, 69, 70, 71, 72, 73, 74, 75, 76, 77, 78, 79]","[86, 87, 88, 89, 90, 91, 92, 93, 94, 95, 96, 97, 98, 99, 100, 101, 102, 103, 104, 105, 106, 107, 108]",True,4.994261791677143e-13,True,6.527496624124854e-15,True,development pearson_fdr_reject AND pearson_pct_same_sign >= 0.70 AND abs(mean_pearson_ic) >= 0.05
BB6_T9,BB,BB6,900.0,300,44,-0.18347268892650323,0.11779800232091468,0.9318181818181818,3.1790891905940224e-13,-0.1911256812867449,0.10176623421803145,0.9318181818181818,7.330540521014147e-16,22141.0,85,"[1, 2, 3, 4, 5, 6, 7, 8, 9, 10, 11, 12, 13, 14, 15, 16, 17, 18, 19, 20, 21, 22, 23, 24, 25, 26, 27, 28, 29, 30, 31, 32, 33, 34, 35, 36, 37, 38, 39, 40, 41, 42, 43, 44, 45, 46, 47, 48, 49, 50, 51, 52, 53, 54, 55, 56, 57, 58, 59, 60, 61, 62, 63, 64, 80, 81, 82, 83, 84, 85]","[65, 66, 67, 68, 69, 70, 71, 72, 73, 74, 75, 76, 77, 78, 79]","[86, 87, 88, 89, 90, 91, 92, 93, 94, 95, 96, 97, 98, 99, 100, 101, 102, 103, 104, 105, 106, 107, 108]",True,1.549189443371276e-12,True,6.612798302899185e-15,True,development pearson_fdr_reject AND pearson_pct_same_sign >= 0.70 AND abs(mean_pearson_ic) >= 0.05
BB7_T1,BB,BB7,5.0,300,44,-0.20415362838389706,0.1163637938080418,0.9318181818181818,7.116858862619961e-15,-0.21320248248814852,0.10272951481319048,0.9545454545454546,2.3213541092350378e-17,23036.0,85,"[1, 2, 3, 4, 5, 6, 7, 8, 9, 10, 11, 12, 13, 14, 15, 16, 17, 18, 19, 20, 21, 22, 23, 24, 25, 26, 27, 28, 29, 30, 31, 32, 33, 34, 35, 36, 37, 38, 39, 40, 41, 42, 43, 44, 45, 46, 47, 48, 49, 50, 51, 52, 53, 54, 55, 56, 57, 58, 59, 60, 61, 62, 63, 64, 80, 81, 82, 83, 84, 85]","[65, 66, 67, 68, 69, 70, 71, 72, 73, 74, 75, 76, 77, 78, 79]","[86, 87, 88, 89, 90, 91, 92, 93, 94, 95, 96, 97, 98, 99, 100, 101, 102, 103, 104, 105, 106, 107, 108]",True,2.2004207310514192e-13,True,7.554365499493036e-16,True,development pearson_fdr_reject AND pearson_pct_same_sign >= 0.70 AND abs(mean_pearson_ic) >= 0.05
BB7_T10,BB,BB7,1500.0,300,44,-0.16639334022119134,0.10978710868871044,0.9545454545454546,7.343204947923356e-13,-0.17017792436241264,0.09170063584389535,0.9545454545454546,1.0972866637866368e-15,21541.0,85,"[1, 2, 3, 4, 5, 6, 7, 8, 9, 10, 11, 12, 13, 14, 15, 16, 17, 18, 19, 20, 21, 22, 23, 24, 25, 26, 27, 28, 29, 30, 31, 32, 33, 34, 35, 36, 37, 38, 39, 40, 41, 42, 43, 44, 45, 46, 47, 48, 49, 50, 51, 52, 53, 54, 55, 56, 57, 58, 59, 60, 61, 62, 63, 64, 80, 81, 82, 83, 84, 85]","[65, 66, 67, 68, 69, 70, 71, 72, 73, 74, 75, 76, 77, 78, 79]","[86, 87, 88, 89, 90, 91, 92, 93, 94, 95, 96, 97, 98, 99, 100, 101, 102, 103, 104, 105, 106, 107, 108]",True,3.299190259437607e-12,True,9.38397382025453e-15,True,development pearson_fdr_reject AND pearson_pct_same_sign >= 0.70 AND abs(mean_pearson_ic) >= 0.05
BB7_T11,BB,BB7,1800.0,300,44,-0.16311537124776437,0.1153526302020945,0.9545454545454546,5.809039055144313e-12,-0.16036835254127613,0.09207223328122452,0.9318181818181818,9.02842516662356e-15,21241.0,85,"[1, 2, 3, 4, 5, 6, 7, 8, 9, 10, 11, 12, 13, 14, 15, 16, 17, 18, 19, 20, 21, 22, 23, 24, 25, 26, 27, 28, 29, 30, 31, 32, 33, 34, 35, 36, 37, 38, 39, 40, 41, 42, 43, 44, 45, 46, 47, 48, 49, 50, 51, 52, 53, 54, 55, 56, 57, 58, 59, 60, 61, 62, 63, 64, 80, 81, 82, 83, 84, 85]","[65, 66, 67, 68, 69, 70, 71, 72, 73, 74, 75, 76, 77, 78, 79]","[86, 87, 88, 89, 90, 91, 92, 93, 94, 95, 96, 97, 98, 99, 100, 101, 102, 103, 104, 105, 106, 107, 108]",True,2.375175140298651e-11,True,6.226189411314251e-14,True,development pearson_fdr_reject AND pearson_pct_same_sign >= 0.70 AND abs(mean_pearson_ic) >= 0.05
BB7_T12,BB,BB7,3600.0,300,44,-0.15777108600308068,0.10284236250218556,0.9545454545454546,5.068134229521125e-13,-0.155327467918493,0.10131504574575773,0.9545454545454546,5.169676258533481e-13,19441.0,85,"[1, 2, 3, 4, 5, 6, 7, 8, 9, 10, 11, 12, 13, 14, 15, 16, 17, 18, 19, 20, 21, 22, 23, 24, 25, 26, 27, 28, 29, 30, 31, 32, 33, 34, 35, 36, 37, 38, 39, 40, 41, 42, 43, 44, 45, 46, 47, 48, 49, 50, 51, 52, 53, 54, 55, 56, 57, 58, 59, 60, 61, 62, 63, 64, 80, 81, 82, 83, 84, 85]","[65, 66, 67, 68, 69, 70, 71, 72, 73, 74, 75, 76, 77, 78, 79]","[86, 87, 88, 89, 90, 91, 92, 93, 94, 95, 96, 97, 98, 99, 100, 101, 102, 103, 104, 105, 106, 107, 108]",True,2.3630774309035745e-12,True,2.6658554437661455e-12,True,development pearson_fdr_reject AND pearson_pct_same_sign >= 0.70 AND abs(mean_pearson_ic) >= 0.05
BB7_T2,BB,BB7,10.0,300,44,-0.20397066419137716,0.11619580285878861,0.9318181818181818,6.989791513309657e-15,-0.21290667461024784,0.10269471698812521,0.9545454545454546,2.4087659231095898e-17,23031.0,85,"[1, 2, 3, 4, 5, 6, 7, 8, 9, 10, 11, 12, 13, 14, 15, 16, 17, 18, 19, 20, 21, 22, 23, 24, 25, 26, 27, 28, 29, 30, 31, 32, 33, 34, 35, 36, 37, 38, 39, 40, 41, 42, 43, 44, 45, 46, 47, 48, 49, 50, 51, 52, 53, 54, 55, 56, 57, 58, 59, 60, 61, 62, 63, 64, 80, 81, 82, 83, 84, 85]","[65, 66, 67, 68, 69, 70, 71, 72, 73, 74, 75, 76, 77, 78, 79]","[86, 87, 88, 89, 90, 91, 92, 93, 94, 95, 96, 97, 98, 99, 100, 101, 102, 103, 104, 105, 106, 107, 108]",True,2.2004207310514192e-13,True,7.554365499493036e-16,True,development pearson_fdr_reject AND pearson_pct_same_sign >= 0.70 AND abs(mean_pearson_ic) >= 0.05
BB7_T3,BB,BB7,30.0,300,44,-0.20349465471629055,0.11587816588905701,0.9318181818181818,6.89826097431191e-15,-0.2118072779693051,0.10273576716791595,0.9545454545454546,2.93079273031728e-17,23011.0,85,"[1, 2, 3, 4, 5, 6, 7, 8, 9, 10, 11, 12, 13, 14, 15, 16, 17, 18, 19, 20, 21, 22, 23, 24, 25, 26, 27, 28, 29, 30, 31, 32, 33, 34, 35, 36, 37, 38, 39, 40, 41, 42, 43, 44, 45, 46, 47, 48, 49, 50, 51, 52, 53, 54, 55, 56, 57, 58, 59, 60, 61, 62, 63, 64, 80, 81, 82, 83, 84, 85]","[65, 66, 67, 68, 69, 70, 71, 72, 73, 74, 75, 76, 77, 78, 79]","[86, 87, 88, 89, 90, 91, 92, 93, 94, 95, 96, 97, 98, 99, 100, 101, 102, 103, 104, 105, 106, 107, 108]",True,2.2004207310514192e-13,True,7.724034317430573e-16,True,development pearson_fdr_reject AND pearson_pct_same_sign >= 0.70 AND abs(mean_pearson_ic) >= 0.05
BB7_T4,BB,BB7,60.0,300,44,-0.20300687622502664,0.11580594646057597,0.9318181818181818,7.31300490839131e-15,-0.21060426836415563,0.1031381903807971,0.9545454545454546,4.1049718115832226e-17,22981.0,85,"[1, 2, 3, 4, 5, 6, 7, 8, 9, 10, 11, 12, 13, 14, 15, 16, 17, 18, 19, 20, 21, 22, 23, 24, 25, 26, 27, 28, 29, 30, 31, 32, 33, 34, 35, 36, 37, 38, 39, 40, 41, 42, 43, 44, 45, 46, 47, 48, 49, 50, 51, 52, 53, 54, 55, 56, 57, 58, 59, 60, 61, 62, 63, 64, 80, 81, 82, 83, 84, 85]","[65, 66, 67, 68, 69, 70, 71, 72, 73, 74, 75, 76, 77, 78, 79]","[86, 87, 88, 89, 90, 91, 92, 93, 94, 95, 96, 97, 98, 99, 100, 101, 102, 103, 104, 105, 106, 107, 108]",True,2.2004207310514192e-13,True,8.516328525151839e-16,True,development pearson_fdr_reject AND pearson_pct_same_sign >= 0.70 AND abs(mean_pearson_ic) >= 0.05
BB7_T5,BB,BB7,90.0,300,44,-0.20259464553217688,0.11581103873814136,0.9318181818181818,7.829072334303323e-15,-0.20988260883101903,0.10349530147995498,0.9545454545454546,5.2231898870671045e-17,22951.0,85,"[1, 2, 3, 4, 5, 6, 7, 8, 9, 10, 11, 12, 13, 14, 15, 16, 17, 18, 19, 20, 21, 22, 23, 24, 25, 26, 27, 28, 29, 30, 31, 32, 33, 34, 35, 36, 37, 38, 39, 40, 41, 42, 43, 44, 45, 46, 47, 48, 49, 50, 51, 52, 53, 54, 55, 56, 57, 58, 59, 60, 61, 62, 63, 64, 80, 81, 82, 83, 84, 85]","[65, 66, 67, 68, 69, 70, 71, 72, 73, 74, 75, 76, 77, 78, 79]","[86, 87, 88, 89, 90, 91, 92, 93, 94, 95, 96, 97, 98, 99, 100, 101, 102, 103, 104, 105, 106, 107, 108]",True,2.2004207310514192e-13,True,1.0312069177038198e-15,True,development pearson_fdr_reject AND pearson_pct_same_sign >= 0.70 AND abs(mean_pearson_ic) >= 0.05
BB7_T6,BB,BB7,120.0,300,44,-0.20186280226723907,0.1157719259896911,0.9318181818181818,8.718503195980116e-15,-0.20897983777459414,0.10371636963123507,0.9545454545454546,6.539809582655068e-17,22921.0,85,"[1, 2, 3, 4, 5, 6, 7, 8, 9, 10, 11, 12, 13, 14, 15, 16, 17, 18, 19, 20, 21, 22, 23, 24, 25, 26, 27, 28, 29, 30, 31, 32, 33, 34, 35, 36, 37, 38, 39, 40, 41, 42, 43, 44, 45, 46, 47, 48, 49, 50, 51, 52, 53, 54, 55, 56, 57, 58, 59, 60, 61, 62, 63, 64, 80, 81, 82, 83, 84, 85]","[65, 66, 67, 68, 69, 70, 71, 72, 73, 74, 75, 76, 77, 78, 79]","[86, 87, 88, 89, 90, 91, 92, 93, 94, 95, 96, 97, 98, 99, 100, 101, 102, 103, 104, 105, 106, 107, 108]",True,2.2004207310514192e-13,True,1.1735125500713666e-15,True,development pearson_fdr_reject AND pearson_pct_same_sign >= 0.70 AND abs(mean_pearson_ic) >= 0.05
BB7_T7,BB,BB7,300.0,300,44,-0.19695428120845423,0.1196434195497052,0.9318181818181818,5.591969596669819e-14,-0.20332571382135478,0.10737621975971004,0.9545454545454546,5.546627446391506e-16,22741.0,85,"[1, 2, 3, 4, 5, 6, 7, 8, 9, 10, 11, 12, 13, 14, 15, 16, 17, 18, 19, 20, 21, 22, 23, 24, 25, 26, 27, 28, 29, 30, 31, 32, 33, 34, 35, 36, 37, 38, 39, 40, 41, 42, 43, 44, 45, 46, 47, 48, 49, 50, 51, 52, 53, 54, 55, 56, 57, 58, 59, 60, 61, 62, 63, 64, 80, 81, 82, 83, 84, 85]","[65, 66, 67, 68, 69, 70, 71, 72, 73, 74, 75, 76, 77, 78, 79]","[86, 87, 88, 89, 90, 91, 92, 93, 94, 95, 96, 97, 98, 99, 100, 101, 102, 103, 104, 105, 106, 107, 108]",True,3.2924048896204733e-13,True,5.5546660368935225e-15,True,development pearson_fdr_reject AND pearson_pct_same_sign >= 0.70 AND abs(mean_pearson_ic) >= 0.05
BB7_T8,BB,BB7,600.0,300,44,-0.1891187733600486,0.12063487556849771,0.9318181818181818,2.598301438387939e-13,-0.19297527625901692,0.10705795815430638,0.9772727272727273,2.9101664118041943e-15,22441.0,85,"[1, 2, 3, 4, 5, 6, 7, 8, 9, 10, 11, 12, 13, 14, 15, 16, 17, 18, 19, 20, 21, 22, 23, 24, 25, 26, 27, 28, 29, 30, 31, 32, 33, 34, 35, 36, 37, 38, 39, 40, 41, 42, 43, 44, 45, 46, 47, 48, 49, 50, 51, 52, 53, 54, 55, 56, 57, 58, 59, 60, 61, 62, 63, 64, 80, 81, 82, 83, 84, 85]","[65, 66, 67, 68, 69, 70, 71, 72, 73, 74, 75, 76, 77, 78, 79]","[86, 87, 88, 89, 90, 91, 92, 93, 94, 95, 96, 97, 98, 99, 100, 101, 102, 103, 104, 105, 106, 107, 108]",True,1.2879672122855565e-12,True,2.25946628152438e-14,True,development pearson_fdr_reject AND pearson_pct_same_sign >= 0.70 AND abs(mean_pearson_ic) >= 0.05
BB7_T9,BB,BB7,900.0,300,44,-0.18540858142901137,0.11907384906772644,0.9545454545454546,3.2063796685340594e-13,-0.18830162829978736,0.1022362109502495,0.9545454545454546,1.414951363525959e-15,22141.0,85,"[1, 2, 3, 4, 5, 6, 7, 8, 9, 10, 11, 12, 13, 14, 15, 16, 17, 18, 19, 20, 21, 22, 23, 24, 25, 26, 27, 28, 29, 30, 31, 32, 33, 34, 35, 36, 37, 38, 39, 40, 41, 42, 43, 44, 45, 46, 47, 48, 49, 50, 51, 52, 53, 54, 55, 56, 57, 58, 59, 60, 61, 62, 63, 64, 80, 81, 82, 83, 84, 85]","[65, 66, 67, 68, 69, 70, 71, 72, 73, 74, 75, 76, 77, 78, 79]","[86, 87, 88, 89, 90, 91, 92, 93, 94, 95, 96, 97, 98, 99, 100, 101, 102, 103, 104, 105, 106, 107, 108]",True,1.558093073809448e-12,True,1.1836941794145734e-14,True,development pearson_fdr_reject AND pearson_pct_same_sign >= 0.70 AND abs(mean_pearson_ic) >= 0.05
BB8_T1,BB,BB8,5.0,300,44,-0.20410515456348238,0.11644476468934216,0.9318181818181818,7.338430593252535e-15,-0.21289197592613843,0.10249581761410474,0.9545454545454546,2.2552549760334077e-17,23036.0,85,"[1, 2, 3, 4, 5, 6, 7, 8, 9, 10, 11, 12, 13, 14, 15, 16, 17, 18, 19, 20, 21, 22, 23, 24, 25, 26, 27, 28, 29, 30, 31, 32, 33, 34, 35, 36, 37, 38, 39, 40, 41, 42, 43, 44, 45, 46, 47, 48, 49, 50, 51, 52, 53, 54, 55, 56, 57, 58, 59, 60, 61, 62, 63, 64, 80, 81, 82, 83, 84, 85]","[65, 66, 67, 68, 69, 70, 71, 72, 73, 74, 75, 76, 77, 78, 79]","[86, 87, 88, 89, 90, 91, 92, 93, 94, 95, 96, 97, 98, 99, 100, 101, 102, 103, 104, 105, 106, 107, 108]",True,2.2004207310514192e-13,True,7.554365499493036e-16,True,development pearson_fdr_reject AND pearson_pct_same_sign >= 0.70 AND abs(mean_pearson_ic) >= 0.05
BB8_T10,BB,BB8,1500.0,300,44,-0.1607574836811535,0.11162791393842227,0.9318181818181818,3.3982204085287595e-12,-0.16930125672074975,0.09930761040400224,0.9318181818181818,1.8157641726692573e-14,21541.0,85,"[1, 2, 3, 4, 5, 6, 7, 8, 9, 10, 11, 12, 13, 14, 15, 16, 17, 18, 19, 20, 21, 22, 23, 24, 25, 26, 27, 28, 29, 30, 31, 32, 33, 34, 35, 36, 37, 38, 39, 40, 41, 42, 43, 44, 45, 46, 47, 48, 49, 50, 51, 52, 53, 54, 55, 56, 57, 58, 59, 60, 61, 62, 63, 64, 80, 81, 82, 83, 84, 85]","[65, 66, 67, 68, 69, 70, 71, 72, 73, 74, 75, 76, 77, 78, 79]","[86, 87, 88, 89, 90, 91, 92, 93, 94, 95, 96, 97, 98, 99, 100, 101, 102, 103, 104, 105, 106, 107, 108]",True,1.4044080755343139e-11,True,1.1441830396418825e-13,True,development pearson_fdr_reject AND pearson_pct_same_sign >= 0.70 AND abs(mean_pearson_ic) >= 0.05
BB8_T11,BB,BB8,1800.0,300,44,-0.16024870095134666,0.11532279230441873,0.9318181818181818,9.646527289414622e-12,-0.1693952977759017,0.10149713087385838,0.9318181818181818,3.60332781338452e-14,21241.0,85,"[1, 2, 3, 4, 5, 6, 7, 8, 9, 10, 11, 12, 13, 14, 15, 16, 17, 18, 19, 20, 21, 22, 23, 24, 25, 26, 27, 28, 29, 30, 31, 32, 33, 34, 35, 36, 37, 38, 39, 40, 41, 42, 43, 44, 45, 46, 47, 48, 49, 50, 51, 52, 53, 54, 55, 56, 57, 58, 59, 60, 61, 62, 63, 64, 80, 81, 82, 83, 84, 85]","[65, 66, 67, 68, 69, 70, 71, 72, 73, 74, 75, 76, 77, 78, 79]","[86, 87, 88, 89, 90, 91, 92, 93, 94, 95, 96, 97, 98, 99, 100, 101, 102, 103, 104, 105, 106, 107, 108]",True,3.8980996239681305e-11,True,2.172687189396774e-13,True,development pearson_fdr_reject AND pearson_pct_same_sign >= 0.70 AND abs(mean_pearson_ic) >= 0.05
BB8_T12,BB,BB8,3600.0,300,44,-0.1606312827702012,0.11482762799150827,0.9090909090909091,7.949778130760729e-12,-0.1620491585518494,0.10008485839376252,0.9318181818181818,9.45939577379944e-14,19441.0,85,"[1, 2, 3, 4, 5, 6, 7, 8, 9, 10, 11, 12, 13, 14, 15, 16, 17, 18, 19, 20, 21, 22, 23, 24, 25, 26, 27, 28, 29, 30, 31, 32, 33, 34, 35, 36, 37, 38, 39, 40, 41, 42, 43, 44, 45, 46, 47, 48, 49, 50, 51, 52, 53, 54, 55, 56, 57, 58, 59, 60, 61, 62, 63, 64, 80, 81, 82, 83, 84, 85]","[65, 66, 67, 68, 69, 70, 71, 72, 73, 74, 75, 76, 77, 78, 79]","[86, 87, 88, 89, 90, 91, 92, 93, 94, 95, 96, 97, 98, 99, 100, 101, 102, 103, 104, 105, 106, 107, 108]",True,3.2199863354957e-11,True,5.34023078406488e-13,True,development pearson_fdr_reject AND pearson_pct_same_sign >= 0.70 AND abs(mean_pearson_ic) >= 0.05
BB8_T2,BB,BB8,10.0,300,44,-0.20386446596958588,0.116265554538517,0.9318181818181818,7.25208522293879e-15,-0.2124189579243539,0.10228748888916477,0.9318181818181818,2.2703796522263017e-17,23031.0,85,"[1, 2, 3, 4, 5, 6, 7, 8, 9, 10, 11, 12, 13, 14, 15, 16, 17, 18, 19, 20, 21, 22, 23, 24, 25, 26, 27, 28, 29, 30, 31, 32, 33, 34, 35, 36, 37, 38, 39, 40, 41, 42, 43, 44, 45, 46, 47, 48, 49, 50, 51, 52, 53, 54, 55, 56, 57, 58, 59, 60, 61, 62, 63, 64, 80, 81, 82, 83, 84, 85]","[65, 66, 67, 68, 69, 70, 71, 72, 73, 74, 75, 76, 77, 78, 79]","[86, 87, 88, 89, 90, 91, 92, 93, 94, 95, 96, 97, 98, 99, 100, 101, 102, 103, 104, 105, 106, 107, 108]",True,2.2004207310514192e-13,True,7.554365499493036e-16,True,development pearson_fdr_reject AND pearson_pct_same_sign >= 0.70 AND abs(mean_pearson_ic) >= 0.05
BB8_T3,BB,BB8,30.0,300,44,-0.202768743044901,0.11556707742576633,0.9318181818181818,7.1019841905989706e-15,-0.21069296084205147,0.10150943742688678,0.9545454545454546,2.3125998730699108e-17,23011.0,85,"[1, 2, 3, 4, 5, 6, 7, 8, 9, 10, 11, 12, 13, 14, 15, 16, 17, 18, 19, 20, 21, 22, 23, 24, 25, 26, 27, 28, 29, 30, 31, 32, 33, 34, 35, 36, 37, 38, 39, 40, 41, 42, 43, 44, 45, 46, 47, 48, 49, 50, 51, 52, 53, 54, 55, 56, 57, 58, 59, 60, 61, 62, 63, 64, 80, 81, 82, 83, 84, 85]","[65, 66, 67, 68, 69, 70, 71, 72, 73, 74, 75, 76, 77, 78, 79]","[86, 87, 88, 89, 90, 91, 92, 93, 94, 95, 96, 97, 98, 99, 100, 101, 102, 103, 104, 105, 106, 107, 108]",True,2.2004207310514192e-13,True,7.554365499493036e-16,True,development pearson_fdr_reject AND pearson_pct_same_sign >= 0.70 AND abs(mean_pearson_ic) >= 0.05
BB8_T4,BB,BB8,60.0,300,44,-0.2013626254572469,0.11473577494810361,0.9318181818181818,7.041435970357203e-15,-0.20851656703135893,0.1007373965358869,0.9545454545454546,2.5475875392109645e-17,22981.0,85,"[1, 2, 3, 4, 5, 6, 7, 8, 9, 10, 11, 12, 13, 14, 15, 16, 17, 18, 19, 20, 21, 22, 23, 24, 25, 26, 27, 28, 29, 30, 31, 32, 33, 34, 35, 36, 37, 38, 39, 40, 41, 42, 43, 44, 45, 46, 47, 48, 49, 50, 51, 52, 53, 54, 55, 56, 57, 58, 59, 60, 61, 62, 63, 64, 80, 81, 82, 83, 84, 85]","[65, 66, 67, 68, 69, 70, 71, 72, 73, 74, 75, 76, 77, 78, 79]","[86, 87, 88, 89, 90, 91, 92, 93, 94, 95, 96, 97, 98, 99, 100, 101, 102, 103, 104, 105, 106, 107, 108]",True,2.2004207310514192e-13,True,7.554365499493036e-16,True,development pearson_fdr_reject AND pearson_pct_same_sign >= 0.70 AND abs(mean_pearson_ic) >= 0.05
BB8_T5,BB,BB8,90.0,300,44,-0.19998480136523875,0.11400206509756339,0.9318181818181818,7.146518226349603e-15,-0.20630549829194525,0.10006828893354779,0.9545454545454546,2.9319505899569944e-17,22951.0,85,"[1, 2, 3, 4, 5, 6, 7, 8, 9, 10, 11, 12, 13, 14, 15, 16, 17, 18, 19, 20, 21, 22, 23, 24, 25, 26, 27, 28, 29, 30, 31, 32, 33, 34, 35, 36, 37, 38, 39, 40, 41, 42, 43, 44, 45, 46, 47, 48, 49, 50, 51, 52, 53, 54, 55, 56, 57, 58, 59, 60, 61, 62, 63, 64, 80, 81, 82, 83, 84, 85]","[65, 66, 67, 68, 69, 70, 71, 72, 73, 74, 75, 76, 77, 78, 79]","[86, 87, 88, 89, 90, 91, 92, 93, 94, 95, 96, 97, 98, 99, 100, 101, 102, 103, 104, 105, 106, 107, 108]",True,2.2004207310514192e-13,True,7.724034317430573e-16,True,development pearson_fdr_reject AND pearson_pct_same_sign >= 0.70 AND abs(mean_pearson_ic) >= 0.05
BB8_T6,BB,BB8,120.0,300,44,-0.19853352921775114,0.11340353251488987,0.9318181818181818,7.636626193776285e-15,-0.20423382739057347,0.09951113150962983,0.9318181818181818,3.434885547251106e-17,22921.0,85,"[1, 2, 3, 4, 5, 6, 7, 8, 9, 10, 11, 12, 13, 14, 15, 16, 17, 18, 19, 20, 21, 22, 23, 24, 25, 26, 27, 28, 29, 30, 31, 32, 33, 34, 35, 36, 37, 38, 39, 40, 41, 42, 43, 44, 45, 46, 47, 48, 49, 50, 51, 52, 53, 54, 55, 56, 57, 58, 59, 60, 61, 62, 63, 64, 80, 81, 82, 83, 84, 85]","[65, 66, 67, 68, 69, 70, 71, 72, 73, 74, 75, 76, 77, 78, 79]","[86, 87, 88, 89, 90, 91, 92, 93, 94, 95, 96, 97, 98, 99, 100, 101, 102, 103, 104, 105, 106, 107, 108]",True,2.2004207310514192e-13,True,8.128444908049706e-16,True,development pearson_fdr_reject AND pearson_pct_same_sign >= 0.70 AND abs(mean_pearson_ic) >= 0.05
BB8_T7,BB,BB8,300.0,300,44,-0.1924576183244943,0.11465112885491667,0.9318181818181818,2.9929589412194575e-14,-0.19515621456986149,0.10047936251540933,0.9318181818181818,2.330356576376951e-16,22741.0,85,"[1, 2, 3, 4, 5, 6, 7, 8, 9, 10, 11, 12, 13, 14, 15, 16, 17, 18, 19, 20, 21, 22, 23, 24, 25, 26, 27, 28, 29, 30, 31, 32, 33, 34, 35, 36, 37, 38, 39, 40, 41, 42, 43, 44, 45, 46, 47, 48, 49, 50, 51, 52, 53, 54, 55, 56, 57, 58, 59, 60, 61, 62, 63, 64, 80, 81, 82, 83, 84, 85]","[65, 66, 67, 68, 69, 70, 71, 72, 73, 74, 75, 76, 77, 78, 79]","[86, 87, 88, 89, 90, 91, 92, 93, 94, 95, 96, 97, 98, 99, 100, 101, 102, 103, 104, 105, 106, 107, 108]",True,2.2677775211966169e-13,True,2.5641343857905626e-15,True,development pearson_fdr_reject AND pearson_pct_same_sign >= 0.70 AND abs(mean_pearson_ic) >= 0.05
BB8_T8,BB,BB8,600.0,300,44,-0.18302578445801682,0.11139940507900728,0.9318181818181818,5.950272507915902e-14,-0.18640240603286332,0.09845563626953627,0.9318181818181818,5.578524961644759e-16,22441.0,85,"[1, 2, 3, 4, 5, 6, 7, 8, 9, 10, 11, 12, 13, 14, 15, 16, 17, 18, 19, 20, 21, 22, 23, 24, 25, 26, 27, 28, 29, 30, 31, 32, 33, 34, 35, 36, 37, 38, 39, 40, 41, 42, 43, 44, 45, 46, 47, 48, 49, 50, 51, 52, 53, 54, 55, 56, 57, 58, 59, 60, 61, 62, 63, 64, 80, 81, 82, 83, 84, 85]","[65, 66, 67, 68, 69, 70, 71, 72, 73, 74, 75, 76, 77, 78, 79]","[86, 87, 88, 89, 90, 91, 92, 93, 94, 95, 96, 97, 98, 99, 100, 101, 102, 103, 104, 105, 106, 107, 108]",True,3.455158237789822e-13,True,5.5645077204537676e-15,True,development pearson_fdr_reject AND pearson_pct_same_sign >= 0.70 AND abs(mean_pearson_ic) >= 0.05
BB8_T9,BB,BB8,900.0,300,44,-0.16922724596474678,0.11363483672386572,0.9318181818181818,1.249906746086461e-12,-0.1768094606825542,0.09870290410786714,0.9318181818181818,3.579913653057495e-15,22141.0,85,"[1, 2, 3, 4, 5, 6, 7, 8, 9, 10, 11, 12, 13, 14, 15, 16, 17, 18, 19, 20, 21, 22, 23, 24, 25, 26, 27, 28, 29, 30, 31, 32, 33, 34, 35, 36, 37, 38, 39, 40, 41, 42, 43, 44, 45, 46, 47, 48, 49, 50, 51, 52, 53, 54, 55, 56, 57, 58, 59, 60, 61, 62, 63, 64, 80, 81, 82, 83, 84, 85]","[65, 66, 67, 68, 69, 70, 71, 72, 73, 74, 75, 76, 77, 78, 79]","[86, 87, 88, 89, 90, 91, 92, 93, 94, 95, 96, 97, 98, 99, 100, 101, 102, 103, 104, 105, 106, 107, 108]",True,5.351211657656409e-12,True,2.7124126472179047e-14,True,development pearson_fdr_reject AND pearson_pct_same_sign >= 0.70 AND abs(mean_pearson_ic) >= 0.05
PB10_T1,PB,PB10,15.0,300,44,-0.20411944107906513,0.11641614717135292,0.9318181818181818,7.262691761971132e-15,-0.21314800347920315,0.10275200567069029,0.9545454545454546,2.3604716231537144e-17,23039.0,85,"[1, 2, 3, 4, 5, 6, 7, 8, 9, 10, 11, 12, 13, 14, 15, 16, 17, 18, 19, 20, 21, 22, 23, 24, 25, 26, 27, 28, 29, 30, 31, 32, 33, 34, 35, 36, 37, 38, 39, 40, 41, 42, 43, 44, 45, 46, 47, 48, 49, 50, 51, 52, 53, 54, 55, 56, 57, 58, 59, 60, 61, 62, 63, 64, 80, 81, 82, 83, 84, 85]","[65, 66, 67, 68, 69, 70, 71, 72, 73, 74, 75, 76, 77, 78, 79]","[86, 87, 88, 89, 90, 91, 92, 93, 94, 95, 96, 97, 98, 99, 100, 101, 102, 103, 104, 105, 106, 107, 108]",True,2.2004207310514192e-13,True,7.554365499493036e-16,True,development pearson_fdr_reject AND pearson_pct_same_sign >= 0.70 AND abs(mean_pearson_ic) >= 0.05
PB10_T10,PB,PB10,4500.0,300,44,-0.18286132449413747,0.10591079637196917,0.9545454545454546,1.202506835890537e-14,-0.18749254492815595,0.09305225934478438,0.9772727272727273,6.539809226017025e-17,23039.0,85,"[1, 2, 3, 4, 5, 6, 7, 8, 9, 10, 11, 12, 13, 14, 15, 16, 17, 18, 19, 20, 21, 22, 23, 24, 25, 26, 27, 28, 29, 30, 31, 32, 33, 34, 35, 36, 37, 38, 39, 40, 41, 42, 43, 44, 45, 46, 47, 48, 49, 50, 51, 52, 53, 54, 55, 56, 57, 58, 59, 60, 61, 62, 63, 64, 80, 81, 82, 83, 84, 85]","[65, 66, 67, 68, 69, 70, 71, 72, 73, 74, 75, 76, 77, 78, 79]","[86, 87, 88, 89, 90, 91, 92, 93, 94, 95, 96, 97, 98, 99, 100, 101, 102, 103, 104, 105, 106, 107, 108]",True,2.2004207310514192e-13,True,1.1735125500713666e-15,True,development pearson_fdr_reject AND pearson_pct_same_sign >= 0.70 AND abs(mean_pearson_ic) >= 0.05
PB10_T11,PB,PB10,5400.0,300,44,-0.17995769895734653,0.10372909493692105,0.9545454545454546,1.0277774254540366e-14,-0.18358660944453115,0.088623238155671,0.9772727272727273,2.477640576941089e-17,23039.0,85,"[1, 2, 3, 4, 5, 6, 7, 8, 9, 10, 11, 12, 13, 14, 15, 16, 17, 18, 19, 20, 21, 22, 23, 24, 25, 26, 27, 28, 29, 30, 31, 32, 33, 34, 35, 36, 37, 38, 39, 40, 41, 42, 43, 44, 45, 46, 47, 48, 49, 50, 51, 52, 53, 54, 55, 56, 57, 58, 59, 60, 61, 62, 63, 64, 80, 81, 82, 83, 84, 85]","[65, 66, 67, 68, 69, 70, 71, 72, 73, 74, 75, 76, 77, 78, 79]","[86, 87, 88, 89, 90, 91, 92, 93, 94, 95, 96, 97, 98, 99, 100, 101, 102, 103, 104, 105, 106, 107, 108]",True,2.2004207310514192e-13,True,7.554365499493036e-16,True,development pearson_fdr_reject AND pearson_pct_same_sign >= 0.70 AND abs(mean_pearson_ic) >= 0.05
PB10_T12,PB,PB10,10800.0,300,44,-0.16893192729785209,0.10397002376776125,0.9318181818181818,8.465549431632877e-14,-0.1685220649833027,0.09364260235868097,0.9545454545454546,3.070313661064142e-15,23039.0,85,"[1, 2, 3, 4, 5, 6, 7, 8, 9, 10, 11, 12, 13, 14, 15, 16, 17, 18, 19, 20, 21, 22, 23, 24, 25, 26, 27, 28, 29, 30, 31, 32, 33, 34, 35, 36, 37, 38, 39, 40, 41, 42, 43, 44, 45, 46, 47, 48, 49, 50, 51, 52, 53, 54, 55, 56, 57, 58, 59, 60, 61, 62, 63, 64, 80, 81, 82, 83, 84, 85]","[65, 66, 67, 68, 69, 70, 71, 72, 73, 74, 75, 76, 77, 78, 79]","[86, 87, 88, 89, 90, 91, 92, 93, 94, 95, 96, 97, 98, 99, 100, 101, 102, 103, 104, 105, 106, 107, 108]",True,4.77136595208672e-13,True,2.362568752556038e-14,True,development pearson_fdr_reject AND pearson_pct_same_sign >= 0.70 AND abs(mean_pearson_ic) >= 0.05
PB10_T2,PB,PB10,30.0,300,44,-0.20400029014612128,0.1163656419860703,0.9318181818181818,7.298565658623945e-15,-0.2129839964822791,0.10281610679445374,0.9545454545454546,2.47916113325627e-17,23039.0,85,"[1, 2, 3, 4, 5, 6, 7, 8, 9, 10, 11, 12, 13, 14, 15, 16, 17, 18, 19, 20, 21, 22, 23, 24, 25, 26, 27, 28, 29, 30, 31, 32, 33, 34, 35, 36, 37, 38, 39, 40, 41, 42, 43, 44, 45, 46, 47, 48, 49, 50, 51, 52, 53, 54, 55, 56, 57, 58, 59, 60, 61, 62, 63, 64, 80, 81, 82, 83, 84, 85]","[65, 66, 67, 68, 69, 70, 71, 72, 73, 74, 75, 76, 77, 78, 79]","[86, 87, 88, 89, 90, 91, 92, 93, 94, 95, 96, 97, 98, 99, 100, 101, 102, 103, 104, 105, 106, 107, 108]",True,2.2004207310514192e-13,True,7.554365499493036e-16,True,development pearson_fdr_reject AND pearson_pct_same_sign >= 0.70 AND abs(mean_pearson_ic) >= 0.05
PB10_T3,PB,PB10,90.0,300,44,-0.20375502777647556,0.11636010280808519,0.9318181818181818,7.58085254876751e-15,-0.2123330618702078,0.10312014803185253,0.9545454545454546,3.06291770951283e-17,23039.0,85,"[1, 2, 3, 4, 5, 6, 7, 8, 9, 10, 11, 12, 13, 14, 15, 16, 17, 18, 19, 20, 21, 22, 23, 24, 25, 26, 27, 28, 29, 30, 31, 32, 33, 34, 35, 36, 37, 38, 39, 40, 41, 42, 43, 44, 45, 46, 47, 48, 49, 50, 51, 52, 53, 54, 55, 56, 57, 58, 59, 60, 61, 62, 63, 64, 80, 81, 82, 83, 84, 85]","[65, 66, 67, 68, 69, 70, 71, 72, 73, 74, 75, 76, 77, 78, 79]","[86, 87, 88, 89, 90, 91, 92, 93, 94, 95, 96, 97, 98, 99, 100, 101, 102, 103, 104, 105, 106, 107, 108]",True,2.2004207310514192e-13,True,7.781162269387373e-16,True,development pearson_fdr_reject AND pearson_pct_same_sign >= 0.70 AND abs(mean_pearson_ic) >= 0.05
PB10_T4,PB,PB10,180.0,300,44,-0.20352376453097046,0.11639107414017137,0.9318181818181818,7.937819506409908e-15,-0.2115471954814831,0.1035195742924214,0.9545454545454546,3.9948802523074835e-17,23039.0,85,"[1, 2, 3, 4, 5, 6, 7, 8, 9, 10, 11, 12, 13, 14, 15, 16, 17, 18, 19, 20, 21, 22, 23, 24, 25, 26, 27, 28, 29, 30, 31, 32, 33, 34, 35, 36, 37, 38, 39, 40, 41, 42, 43, 44, 45, 46, 47, 48, 49, 50, 51, 52, 53, 54, 55, 56, 57, 58, 59, 60, 61, 62, 63, 64, 80, 81, 82, 83, 84, 85]","[65, 66, 67, 68, 69, 70, 71, 72, 73, 74, 75, 76, 77, 78, 79]","[86, 87, 88, 89, 90, 91, 92, 93, 94, 95, 96, 97, 98, 99, 100, 101, 102, 103, 104, 105, 106, 107, 108]",True,2.2004207310514192e-13,True,8.516328525151839e-16,True,development pearson_fdr_reject AND pearson_pct_same_sign >= 0.70 AND abs(mean_pearson_ic) >= 0.05
PB10_T5,PB,PB10,270.0,300,44,-0.20339680568246024,0.11653341732724436,0.9318181818181818,8.433347924285941e-15,-0.21105271611631798,0.10389922919738924,0.9545454545454546,4.928148979195118e-17,23039.0,85,"[1, 2, 3, 4, 5, 6, 7, 8, 9, 10, 11, 12, 13, 14, 15, 16, 17, 18, 19, 20, 21, 22, 23, 24, 25, 26, 27, 28, 29, 30, 31, 32, 33, 34, 35, 36, 37, 38, 39, 40, 41, 42, 43, 44, 45, 46, 47, 48, 49, 50, 51, 52, 53, 54, 55, 56, 57, 58, 59, 60, 61, 62, 63, 64, 80, 81, 82, 83, 84, 85]","[65, 66, 67, 68, 69, 70, 71, 72, 73, 74, 75, 76, 77, 78, 79]","[86, 87, 88, 89, 90, 91, 92, 93, 94, 95, 96, 97, 98, 99, 100, 101, 102, 103, 104, 105, 106, 107, 108]",True,2.2004207310514192e-13,True,9.842054753248055e-16,True,development pearson_fdr_reject AND pearson_pct_same_sign >= 0.70 AND abs(mean_pearson_ic) >= 0.05
PB10_T6,PB,PB10,360.0,300,44,-0.2031826864311066,0.11665001770275116,0.9318181818181818,9.020326939239772e-15,-0.21057538657192645,0.10425288076590837,0.9545454545454546,6.005245568885776e-17,23039.0,85,"[1, 2, 3, 4, 5, 6, 7, 8, 9, 10, 11, 12, 13, 14, 15, 16, 17, 18, 19, 20, 21, 22, 23, 24, 25, 26, 27, 28, 29, 30, 31, 32, 33, 34, 35, 36, 37, 38, 39, 40, 41, 42, 43, 44, 45, 46, 47, 48, 49, 50, 51, 52, 53, 54, 55, 56, 57, 58, 59, 60, 61, 62, 63, 64, 80, 81, 82, 83, 84, 85]","[65, 66, 67, 68, 69, 70, 71, 72, 73, 74, 75, 76, 77, 78, 79]","[86, 87, 88, 89, 90, 91, 92, 93, 94, 95, 96, 97, 98, 99, 100, 101, 102, 103, 104, 105, 106, 107, 108]",True,2.2004207310514192e-13,True,1.159113041368735e-15,True,development pearson_fdr_reject AND pearson_pct_same_sign >= 0.70 AND abs(mean_pearson_ic) >= 0.05
PB10_T7,PB,PB10,900.0,300,44,-0.19935866104609615,0.11740690345235755,0.9318181818181818,2.066739350888948e-14,-0.20623574387776367,0.10615192632033275,0.9318181818181818,2.306419730391443e-16,23039.0,85,"[1, 2, 3, 4, 5, 6, 7, 8, 9, 10, 11, 12, 13, 14, 15, 16, 17, 18, 19, 20, 21, 22, 23, 24, 25, 26, 27, 28, 29, 30, 31, 32, 33, 34, 35, 36, 37, 38, 39, 40, 41, 42, 43, 44, 45, 46, 47, 48, 49, 50, 51, 52, 53, 54, 55, 56, 57, 58, 59, 60, 61, 62, 63, 64, 80, 81, 82, 83, 84, 85]","[65, 66, 67, 68, 69, 70, 71, 72, 73, 74, 75, 76, 77, 78, 79]","[86, 87, 88, 89, 90, 91, 92, 93, 94, 95, 96, 97, 98, 99, 100, 101, 102, 103, 104, 105, 106, 107, 108]",True,2.2184191765319472e-13,True,2.548723268849252e-15,True,development pearson_fdr_reject AND pearson_pct_same_sign >= 0.70 AND abs(mean_pearson_ic) >= 0.05
PB10_T8,PB,PB10,1800.0,300,44,-0.19385662197337697,0.11595292001263535,0.9318181818181818,3.4087257953151676e-14,-0.1977680754188099,0.1048661969430228,0.9545454545454546,6.366861647029818e-16,23039.0,85,"[1, 2, 3, 4, 5, 6, 7, 8, 9, 10, 11, 12, 13, 14, 15, 16, 17, 18, 19, 20, 21, 22, 23, 24, 25, 26, 27, 28, 29, 30, 31, 32, 33, 34, 35, 36, 37, 38, 39, 40, 41, 42, 43, 44, 45, 46, 47, 48, 49, 50, 51, 52, 53, 54, 55, 56, 57, 58, 59, 60, 61, 62, 63, 64, 80, 81, 82, 83, 84, 85]","[65, 66, 67, 68, 69, 70, 71, 72, 73, 74, 75, 76, 77, 78, 79]","[86, 87, 88, 89, 90, 91, 92, 93, 94, 95, 96, 97, 98, 99, 100, 101, 102, 103, 104, 105, 106, 107, 108]",True,2.336735639447203e-13,True,5.978874993236444e-15,True,development pearson_fdr_reject AND pearson_pct_same_sign >= 0.70 AND abs(mean_pearson_ic) >= 0.05
PB10_T9,PB,PB10,2700.0,300,44,-0.1907664731402119,0.10875362805351567,0.9545454545454546,7.160579058665905e-15,-0.19524794723112074,0.0983128299263207,0.9772727272727273,1.0809204311158613e-16,23039.0,85,"[1, 2, 3, 4, 5, 6, 7, 8, 9, 10, 11, 12, 13, 14, 15, 16, 17, 18, 19, 20, 21, 22, 23, 24, 25, 26, 27, 28, 29, 30, 31, 32, 33, 34, 35, 36, 37, 38, 39, 40, 41, 42, 43, 44, 45, 46, 47, 48, 49, 50, 51, 52, 53, 54, 55, 56, 57, 58, 59, 60, 61, 62, 63, 64, 80, 81, 82, 83, 84, 85]","[65, 66, 67, 68, 69, 70, 71, 72, 73, 74, 75, 76, 77, 78, 79]","[86, 87, 88, 89, 90, 91, 92, 93, 94, 95, 96, 97, 98, 99, 100, 101, 102, 103, 104, 105, 106, 107, 108]",True,2.2004207310514192e-13,True,1.481976225994167e-15,True,development pearson_fdr_reject AND pearson_pct_same_sign >= 0.70 AND abs(mean_pearson_ic) >= 0.05
PB11_T1,PB,PB11,15.0,300,44,-0.20405454078152643,0.11645402550906099,0.9318181818181818,7.417810662881314e-15,-0.2129045770583572,0.10257483056742715,0.9545454545454546,2.3124902565134395e-17,23039.0,85,"[1, 2, 3, 4, 5, 6, 7, 8, 9, 10, 11, 12, 13, 14, 15, 16, 17, 18, 19, 20, 21, 22, 23, 24, 25, 26, 27, 28, 29, 30, 31, 32, 33, 34, 35, 36, 37, 38, 39, 40, 41, 42, 43, 44, 45, 46, 47, 48, 49, 50, 51, 52, 53, 54, 55, 56, 57, 58, 59, 60, 61, 62, 63, 64, 80, 81, 82, 83, 84, 85]","[65, 66, 67, 68, 69, 70, 71, 72, 73, 74, 75, 76, 77, 78, 79]","[86, 87, 88, 89, 90, 91, 92, 93, 94, 95, 96, 97, 98, 99, 100, 101, 102, 103, 104, 105, 106, 107, 108]",True,2.2004207310514192e-13,True,7.554365499493036e-16,True,development pearson_fdr_reject AND pearson_pct_same_sign >= 0.70 AND abs(mean_pearson_ic) >= 0.05
PB11_T10,PB,PB11,4500.0,300,44,-0.17589671094614223,0.10520225475623263,0.9318181818181818,3.400239327111766e-14,-0.18430601678498879,0.09392313076421317,0.9545454545454546,1.6363335247821311e-16,23039.0,85,"[1, 2, 3, 4, 5, 6, 7, 8, 9, 10, 11, 12, 13, 14, 15, 16, 17, 18, 19, 20, 21, 22, 23, 24, 25, 26, 27, 28, 29, 30, 31, 32, 33, 34, 35, 36, 37, 38, 39, 40, 41, 42, 43, 44, 45, 46, 47, 48, 49, 50, 51, 52, 53, 54, 55, 56, 57, 58, 59, 60, 61, 62, 63, 64, 80, 81, 82, 83, 84, 85]","[65, 66, 67, 68, 69, 70, 71, 72, 73, 74, 75, 76, 77, 78, 79]","[86, 87, 88, 89, 90, 91, 92, 93, 94, 95, 96, 97, 98, 99, 100, 101, 102, 103, 104, 105, 106, 107, 108]",True,2.3355520626582803e-13,True,2.004798697915696e-15,True,development pearson_fdr_reject AND pearson_pct_same_sign >= 0.70 AND abs(mean_pearson_ic) >= 0.05
PB11_T11,PB,PB11,5400.0,300,44,-0.17473629780236438,0.10670476179191155,0.9545454545454546,6.606995393641547e-14,-0.18535376612679186,0.09398978494682751,0.9318181818181818,1.3788607473404045e-16,23039.0,85,"[1, 2, 3, 4, 5, 6, 7, 8, 9, 10, 11, 12, 13, 14, 15, 16, 17, 18, 19, 20, 21, 22, 23, 24, 25, 26, 27, 28, 29, 30, 31, 32, 33, 34, 35, 36, 37, 38, 39, 40, 41, 42, 43, 44, 45, 46, 47, 48, 49, 50, 51, 52, 53, 54, 55, 56, 57, 58, 59, 60, 61, 62, 63, 64, 80, 81, 82, 83, 84, 85]","[65, 66, 67, 68, 69, 70, 71, 72, 73, 74, 75, 76, 77, 78, 79]","[86, 87, 88, 89, 90, 91, 92, 93, 94, 95, 96, 97, 98, 99, 100, 101, 102, 103, 104, 105, 106, 107, 108]",True,3.7981978510867797e-13,True,1.764431067430036e-15,True,development pearson_fdr_reject AND pearson_pct_same_sign >= 0.70 AND abs(mean_pearson_ic) >= 0.05
PB11_T12,PB,PB11,10800.0,300,44,-0.16507716074393988,0.1033381611556681,0.9545454545454546,1.445465601508644e-13,-0.16563082962469655,0.09073330366067828,0.9545454545454546,1.9083649361089637e-15,23039.0,85,"[1, 2, 3, 4, 5, 6, 7, 8, 9, 10, 11, 12, 13, 14, 15, 16, 17, 18, 19, 20, 21, 22, 23, 24, 25, 26, 27, 28, 29, 30, 31, 32, 33, 34, 35, 36, 37, 38, 39, 40, 41, 42, 43, 44, 45, 46, 47, 48, 49, 50, 51, 52, 53, 54, 55, 56, 57, 58, 59, 60, 61, 62, 63, 64, 80, 81, 82, 83, 84, 85]","[65, 66, 67, 68, 69, 70, 71, 72, 73, 74, 75, 76, 77, 78, 79]","[86, 87, 88, 89, 90, 91, 92, 93, 94, 95, 96, 97, 98, 99, 100, 101, 102, 103, 104, 105, 106, 107, 108]",True,7.376785307551499e-13,True,1.5477466794029272e-14,True,development pearson_fdr_reject AND pearson_pct_same_sign >= 0.70 AND abs(mean_pearson_ic) >= 0.05
PB11_T2,PB,PB11,30.0,300,44,-0.2038467561548896,0.11637682225836436,0.9318181818181818,7.504957520273353e-15,-0.21252038003830578,0.10245847732230179,0.9318181818181818,2.3678090680279328e-17,23039.0,85,"[1, 2, 3, 4, 5, 6, 7, 8, 9, 10, 11, 12, 13, 14, 15, 16, 17, 18, 19, 20, 21, 22, 23, 24, 25, 26, 27, 28, 29, 30, 31, 32, 33, 34, 35, 36, 37, 38, 39, 40, 41, 42, 43, 44, 45, 46, 47, 48, 49, 50, 51, 52, 53, 54, 55, 56, 57, 58, 59, 60, 61, 62, 63, 64, 80, 81, 82, 83, 84, 85]","[65, 66, 67, 68, 69, 70, 71, 72, 73, 74, 75, 76, 77, 78, 79]","[86, 87, 88, 89, 90, 91, 92, 93, 94, 95, 96, 97, 98, 99, 100, 101, 102, 103, 104, 105, 106, 107, 108]",True,2.2004207310514192e-13,True,7.554365499493036e-16,True,development pearson_fdr_reject AND pearson_pct_same_sign >= 0.70 AND abs(mean_pearson_ic) >= 0.05
PB11_T3,PB,PB11,90.0,300,44,-0.20293492183114828,0.11601501714750559,0.9318181818181818,7.850060000827463e-15,-0.21111398019958758,0.10198856091770678,0.9318181818181818,2.5443515460903714e-17,23039.0,85,"[1, 2, 3, 4, 5, 6, 7, 8, 9, 10, 11, 12, 13, 14, 15, 16, 17, 18, 19, 20, 21, 22, 23, 24, 25, 26, 27, 28, 29, 30, 31, 32, 33, 34, 35, 36, 37, 38, 39, 40, 41, 42, 43, 44, 45, 46, 47, 48, 49, 50, 51, 52, 53, 54, 55, 56, 57, 58, 59, 60, 61, 62, 63, 64, 80, 81, 82, 83, 84, 85]","[65, 66, 67, 68, 69, 70, 71, 72, 73, 74, 75, 76, 77, 78, 79]","[86, 87, 88, 89, 90, 91, 92, 93, 94, 95, 96, 97, 98, 99, 100, 101, 102, 103, 104, 105, 106, 107, 108]",True,2.2004207310514192e-13,True,7.554365499493036e-16,True,development pearson_fdr_reject AND pearson_pct_same_sign >= 0.70 AND abs(mean_pearson_ic) >= 0.05
PB11_T4,PB,PB11,180.0,300,44,-0.20189776387680267,0.11551216336054757,0.9318181818181818,8.053592220624262e-15,-0.2092478884327533,0.10141186400617144,0.9318181818181818,2.848233262246627e-17,23039.0,85,"[1, 2, 3, 4, 5, 6, 7, 8, 9, 10, 11, 12, 13, 14, 15, 16, 17, 18, 19, 20, 21, 22, 23, 24, 25, 26, 27, 28, 29, 30, 31, 32, 33, 34, 35, 36, 37, 38, 39, 40, 41, 42, 43, 44, 45, 46, 47, 48, 49, 50, 51, 52, 53, 54, 55, 56, 57, 58, 59, 60, 61, 62, 63, 64, 80, 81, 82, 83, 84, 85]","[65, 66, 67, 68, 69, 70, 71, 72, 73, 74, 75, 76, 77, 78, 79]","[86, 87, 88, 89, 90, 91, 92, 93, 94, 95, 96, 97, 98, 99, 100, 101, 102, 103, 104, 105, 106, 107, 108]",True,2.2004207310514192e-13,True,7.688004625829762e-16,True,development pearson_fdr_reject AND pearson_pct_same_sign >= 0.70 AND abs(mean_pearson_ic) >= 0.05
PB11_T5,PB,PB11,270.0,300,44,-0.20099580621167423,0.11506510408762655,0.9318181818181818,8.213577196950852e-15,-0.2075360999403924,0.10111771981971968,0.9318181818181818,3.4320090703860876e-17,23039.0,85,"[1, 2, 3, 4, 5, 6, 7, 8, 9, 10, 11, 12, 13, 14, 15, 16, 17, 18, 19, 20, 21, 22, 23, 24, 25, 26, 27, 28, 29, 30, 31, 32, 33, 34, 35, 36, 37, 38, 39, 40, 41, 42, 43, 44, 45, 46, 47, 48, 49, 50, 51, 52, 53, 54, 55, 56, 57, 58, 59, 60, 61, 62, 63, 64, 80, 81, 82, 83, 84, 85]","[65, 66, 67, 68, 69, 70, 71, 72, 73, 74, 75, 76, 77, 78, 79]","[86, 87, 88, 89, 90, 91, 92, 93, 94, 95, 96, 97, 98, 99, 100, 101, 102, 103, 104, 105, 106, 107, 108]",True,2.2004207310514192e-13,True,8.128444908049706e-16,True,development pearson_fdr_reject AND pearson_pct_same_sign >= 0.70 AND abs(mean_pearson_ic) >= 0.05
PB11_T6,PB,PB11,360.0,300,44,-0.2001480669632964,0.1146657422061799,0.9318181818181818,8.418039177548012e-15,-0.20610336276872615,0.10075590758485362,0.9318181818181818,3.8587667440598456e-17,23039.0,85,"[1, 2, 3, 4, 5, 6, 7, 8, 9, 10, 11, 12, 13, 14, 15, 16, 17, 18, 19, 20, 21, 22, 23, 24, 25, 26, 27, 28, 29, 30, 31, 32, 33, 34, 35, 36, 37, 38, 39, 40, 41, 42, 43, 44, 45, 46, 47, 48, 49, 50, 51, 52, 53, 54, 55, 56, 57, 58, 59, 60, 61, 62, 63, 64, 80, 81, 82, 83, 84, 85]","[65, 66, 67, 68, 69, 70, 71, 72, 73, 74, 75, 76, 77, 78, 79]","[86, 87, 88, 89, 90, 91, 92, 93, 94, 95, 96, 97, 98, 99, 100, 101, 102, 103, 104, 105, 106, 107, 108]",True,2.2004207310514192e-13,True,8.51148510900175e-16,True,development pearson_fdr_reject AND pearson_pct_same_sign >= 0.70 AND abs(mean_pearson_ic) >= 0.05
PB11_T7,PB,PB11,900.0,300,44,-0.1942811047579677,0.11302102644515616,0.9318181818181818,1.3878072727123499e-14,-0.19838254122331567,0.1000408471731737,0.9318181818181818,1.138454624424442e-16,23039.0,85,"[1, 2, 3, 4, 5, 6, 7, 8, 9, 10, 11, 12, 13, 14, 15, 16, 17, 18, 19, 20, 21, 22, 23, 24, 25, 26, 27, 28, 29, 30, 31, 32, 33, 34, 35, 36, 37, 38, 39, 40, 41, 42, 43, 44, 45, 46, 47, 48, 49, 50, 51, 52, 53, 54, 55, 56, 57, 58, 59, 60, 61, 62, 63, 64, 80, 81, 82, 83, 84, 85]","[65, 66, 67, 68, 69, 70, 71, 72, 73, 74, 75, 76, 77, 78, 79]","[86, 87, 88, 89, 90, 91, 92, 93, 94, 95, 96, 97, 98, 99, 100, 101, 102, 103, 104, 105, 106, 107, 108]",True,2.2004207310514192e-13,True,1.5346520877683524e-15,True,development pearson_fdr_reject AND pearson_pct_same_sign >= 0.70 AND abs(mean_pearson_ic) >= 0.05
PB11_T8,PB,PB11,1800.0,300,44,-0.1858928298400699,0.10953402813070479,0.9318181818181818,2.1021220009527e-14,-0.19244533331059682,0.10054791857000132,0.9318181818181818,3.8513045185657396e-16,23039.0,85,"[1, 2, 3, 4, 5, 6, 7, 8, 9, 10, 11, 12, 13, 14, 15, 16, 17, 18, 19, 20, 21, 22, 23, 24, 25, 26, 27, 28, 29, 30, 31, 32, 33, 34, 35, 36, 37, 38, 39, 40, 41, 42, 43, 44, 45, 46, 47, 48, 49, 50, 51, 52, 53, 54, 55, 56, 57, 58, 59, 60, 61, 62, 63, 64, 80, 81, 82, 83, 84, 85]","[65, 66, 67, 68, 69, 70, 71, 72, 73, 74, 75, 76, 77, 78, 79]","[86, 87, 88, 89, 90, 91, 92, 93, 94, 95, 96, 97, 98, 99, 100, 101, 102, 103, 104, 105, 106, 107, 108]",True,2.2184191765319472e-13,True,3.995873006499889e-15,True,development pearson_fdr_reject AND pearson_pct_same_sign >= 0.70 AND abs(mean_pearson_ic) >= 0.05
PB11_T9,PB,PB11,2700.0,300,44,-0.1798269168183403,0.10739383293753853,0.9318181818181818,3.2424101537833945e-14,-0.18783849489023902,0.09729521157999198,0.9318181818181818,2.8644510770645253e-16,23039.0,85,"[1, 2, 3, 4, 5, 6, 7, 8, 9, 10, 11, 12, 13, 14, 15, 16, 17, 18, 19, 20, 21, 22, 23, 24, 25, 26, 27, 28, 29, 30, 31, 32, 33, 34, 35, 36, 37, 38, 39, 40, 41, 42, 43, 44, 45, 46, 47, 48, 49, 50, 51, 52, 53, 54, 55, 56, 57, 58, 59, 60, 61, 62, 63, 64, 80, 81, 82, 83, 84, 85]","[65, 66, 67, 68, 69, 70, 71, 72, 73, 74, 75, 76, 77, 78, 79]","[86, 87, 88, 89, 90, 91, 92, 93, 94, 95, 96, 97, 98, 99, 100, 101, 102, 103, 104, 105, 106, 107, 108]",True,2.3003135690598826e-13,True,3.0451318373101337e-15,True,development pearson_fdr_reject AND pearson_pct_same_sign >= 0.70 AND abs(mean_pearson_ic) >= 0.05
PB12_T12,PB,PB12,10800.0,300,44,-0.06549006596961321,0.12022470263026533,0.75,0.0007865260495392417,-0.06967036584673801,0.12418414062042377,0.75,0.0005704669904629403,19440.0,85,"[1, 2, 3, 4, 5, 6, 7, 8, 9, 10, 11, 12, 13, 14, 15, 16, 17, 18, 19, 20, 21, 22, 23, 24, 25, 26, 27, 28, 29, 30, 31, 32, 33, 34, 35, 36, 37, 38, 39, 40, 41, 42, 43, 44, 45, 46, 47, 48, 49, 50, 51, 52, 53, 54, 55, 56, 57, 58, 59, 60, 61, 62, 63, 64, 80, 81, 82, 83, 84, 85]","[65, 66, 67, 68, 69, 70, 71, 72, 73, 74, 75, 76, 77, 78, 79]","[86, 87, 88, 89, 90, 91, 92, 93, 94, 95, 96, 97, 98, 99, 100, 101, 102, 103, 104, 105, 106, 107, 108]",True,0.002054004158093865,True,0.0011539599065105016,True,development pearson_fdr_reject AND pearson_pct_same_sign >= 0.70 AND abs(mean_pearson_ic) >= 0.05
PB13_T12,PB,PB13,10800.0,300,44,-0.0683821611129415,0.11942117003093071,0.7727272727272727,0.00045291231864063317,-0.069961175773198,0.11907553744013673,0.75,0.0003355735903818065,23039.0,85,"[1, 2, 3, 4, 5, 6, 7, 8, 9, 10, 11, 12, 13, 14, 15, 16, 17, 18, 19, 20, 21, 22, 23, 24, 25, 26, 27, 28, 29, 30, 31, 32, 33, 34, 35, 36, 37, 38, 39, 40, 41, 42, 43, 44, 45, 46, 47, 48, 49, 50, 51, 52, 53, 54, 55, 56, 57, 58, 59, 60, 61, 62, 63, 64, 80, 81, 82, 83, 84, 85]","[65, 66, 67, 68, 69, 70, 71, 72, 73, 74, 75, 76, 77, 78, 79]","[86, 87, 88, 89, 90, 91, 92, 93, 94, 95, 96, 97, 98, 99, 100, 101, 102, 103, 104, 105, 106, 107, 108]",True,0.0012282669237860184,True,0.0007013954959280953,True,development pearson_fdr_reject AND pearson_pct_same_sign >= 0.70 AND abs(mean_pearson_ic) >= 0.05
PB14_T12,PB,PB14,10800.0,300,44,-0.06235447030098518,0.12859957632884295,0.7727272727272727,0.002467803641549629,-0.06942949861198368,0.13021841875801704,0.7727272727272727,0.0009852722177473518,19440.0,85,"[1, 2, 3, 4, 5, 6, 7, 8, 9, 10, 11, 12, 13, 14, 15, 16, 17, 18, 19, 20, 21, 22, 23, 24, 25, 26, 27, 28, 29, 30, 31, 32, 33, 34, 35, 36, 37, 38, 39, 40, 41, 42, 43, 44, 45, 46, 47, 48, 49, 50, 51, 52, 53, 54, 55, 56, 57, 58, 59, 60, 61, 62, 63, 64, 80, 81, 82, 83, 84, 85]","[65, 66, 67, 68, 69, 70, 71, 72, 73, 74, 75, 76, 77, 78, 79]","[86, 87, 88, 89, 90, 91, 92, 93, 94, 95, 96, 97, 98, 99, 100, 101, 102, 103, 104, 105, 106, 107, 108]",True,0.0058239491677281215,True,0.0019319611307134507,True,development pearson_fdr_reject AND pearson_pct_same_sign >= 0.70 AND abs(mean_pearson_ic) >= 0.05
PB1_T12,PB,PB1,10800.0,300,44,-0.06559073928703472,0.12009397620262309,0.75,0.0007647685774596023,-0.06967036587723863,0.12418414067522746,0.75,0.0005704669904853123,19440.0,85,"[1, 2, 3, 4, 5, 6, 7, 8, 9, 10, 11, 12, 13, 14, 15, 16, 17, 18, 19, 20, 21, 22, 23, 24, 25, 26, 27, 28, 29, 30, 31, 32, 33, 34, 35, 36, 37, 38, 39, 40, 41, 42, 43, 44, 45, 46, 47, 48, 49, 50, 51, 52, 53, 54, 55, 56, 57, 58, 59, 60, 61, 62, 63, 64, 80, 81, 82, 83, 84, 85]","[65, 66, 67, 68, 69, 70, 71, 72, 73, 74, 75, 76, 77, 78, 79]","[86, 87, 88, 89, 90, 91, 92, 93, 94, 95, 96, 97, 98, 99, 100, 101, 102, 103, 104, 105, 106, 107, 108]",True,0.002000208505013606,True,0.0011539599065105016,True,development pearson_fdr_reject AND pearson_pct_same_sign >= 0.70 AND abs(mean_pearson_ic) >= 0.05
PB4_T12,PB,PB4,10800.0,300,44,-0.06559073928703467,0.12009397620262319,0.75,0.000764768577459616,-0.0696703655850265,0.12418414054058165,0.75,0.0005704670102228472,19440.0,85,"[1, 2, 3, 4, 5, 6, 7, 8, 9, 10, 11, 12, 13, 14, 15, 16, 17, 18, 19, 20, 21, 22, 23, 24, 25, 26, 27, 28, 29, 30, 31, 32, 33, 34, 35, 36, 37, 38, 39, 40, 41, 42, 43, 44, 45, 46, 47, 48, 49, 50, 51, 52, 53, 54, 55, 56, 57, 58, 59, 60, 61, 62, 63, 64, 80, 81, 82, 83, 84, 85]","[65, 66, 67, 68, 69, 70, 71, 72, 73, 74, 75, 76, 77, 78, 79]","[86, 87, 88, 89, 90, 91, 92, 93, 94, 95, 96, 97, 98, 99, 100, 101, 102, 103, 104, 105, 106, 107, 108]",True,0.002000208505013606,True,0.0011539599065105016,True,development pearson_fdr_reject AND pearson_pct_same_sign >= 0.70 AND abs(mean_pearson_ic) >= 0.05
PB5_T12,PB,PB5,10800.0,300,44,-0.06549006596961304,0.12022470263026544,0.75,0.0007865260495392716,-0.06967036584673801,0.12418414062042377,0.75,0.0005704669904629403,19440.0,85,"[1, 2, 3, 4, 5, 6, 7, 8, 9, 10, 11, 12, 13, 14, 15, 16, 17, 18, 19, 20, 21, 22, 23, 24, 25, 26, 27, 28, 29, 30, 31, 32, 33, 34, 35, 36, 37, 38, 39, 40, 41, 42, 43, 44, 45, 46, 47, 48, 49, 50, 51, 52, 53, 54, 55, 56, 57, 58, 59, 60, 61, 62, 63, 64, 80, 81, 82, 83, 84, 85]","[65, 66, 67, 68, 69, 70, 71, 72, 73, 74, 75, 76, 77, 78, 79]","[86, 87, 88, 89, 90, 91, 92, 93, 94, 95, 96, 97, 98, 99, 100, 101, 102, 103, 104, 105, 106, 107, 108]",True,0.002054004158093865,True,0.0011539599065105016,True,development pearson_fdr_reject AND pearson_pct_same_sign >= 0.70 AND abs(mean_pearson_ic) >= 0.05
PB6_T10,PB,PB6,4500.0,300,44,-0.06033515540267747,0.14084206209290315,0.75,0.006835989823235157,-0.06494690147051013,0.13880159070641318,0.75,0.00337323656336733,18542.0,85,"[1, 2, 3, 4, 5, 6, 7, 8, 9, 10, 11, 12, 13, 14, 15, 16, 17, 18, 19, 20, 21, 22, 23, 24, 25, 26, 27, 28, 29, 30, 31, 32, 33, 34, 35, 36, 37, 38, 39, 40, 41, 42, 43, 44, 45, 46, 47, 48, 49, 50, 51, 52, 53, 54, 55, 56, 57, 58, 59, 60, 61, 62, 63, 64, 80, 81, 82, 83, 84, 85]","[65, 66, 67, 68, 69, 70, 71, 72, 73, 74, 75, 76, 77, 78, 79]","[86, 87, 88, 89, 90, 91, 92, 93, 94, 95, 96, 97, 98, 99, 100, 101, 102, 103, 104, 105, 106, 107, 108]",True,0.014392653771649888,True,0.005886127437592993,True,development pearson_fdr_reject AND pearson_pct_same_sign >= 0.70 AND abs(mean_pearson_ic) >= 0.05
PB6_T11,PB,PB6,5400.0,300,44,-0.06774863479669908,0.1349844833348986,0.7727272727272727,0.0017936847812707736,-0.0708478223289384,0.13123038196388534,0.7954545454545454,0.0008648781317361897,17642.0,85,"[1, 2, 3, 4, 5, 6, 7, 8, 9, 10, 11, 12, 13, 14, 15, 16, 17, 18, 19, 20, 21, 22, 23, 24, 25, 26, 27, 28, 29, 30, 31, 32, 33, 34, 35, 36, 37, 38, 39, 40, 41, 42, 43, 44, 45, 46, 47, 48, 49, 50, 51, 52, 53, 54, 55, 56, 57, 58, 59, 60, 61, 62, 63, 64, 80, 81, 82, 83, 84, 85]","[65, 66, 67, 68, 69, 70, 71, 72, 73, 74, 75, 76, 77, 78, 79]","[86, 87, 88, 89, 90, 91, 92, 93, 94, 95, 96, 97, 98, 99, 100, 101, 102, 103, 104, 105, 106, 107, 108]",True,0.004321604546227701,True,0.0017133910235943438,True,development pearson_fdr_reject AND pearson_pct_same_sign >= 0.70 AND abs(mean_pearson_ic) >= 0.05
PB6_T12,PB,PB6,10800.0,300,44,-0.1275971460280567,0.12419947543842995,0.8863636363636364,2.3882010340331017e-08,-0.1225621108213963,0.12282004139896503,0.8409090909090909,4.5907635667541824e-08,12242.0,85,"[1, 2, 3, 4, 5, 6, 7, 8, 9, 10, 11, 12, 13, 14, 15, 16, 17, 18, 19, 20, 21, 22, 23, 24, 25, 26, 27, 28, 29, 30, 31, 32, 33, 34, 35, 36, 37, 38, 39, 40, 41, 42, 43, 44, 45, 46, 47, 48, 49, 50, 51, 52, 53, 54, 55, 56, 57, 58, 59, 60, 61, 62, 63, 64, 80, 81, 82, 83, 84, 85]","[65, 66, 67, 68, 69, 70, 71, 72, 73, 74, 75, 76, 77, 78, 79]","[86, 87, 88, 89, 90, 91, 92, 93, 94, 95, 96, 97, 98, 99, 100, 101, 102, 103, 104, 105, 106, 107, 108]",True,9.007898005004767e-08,True,1.597289841201984e-07,True,development pearson_fdr_reject AND pearson_pct_same_sign >= 0.70 AND abs(mean_pearson_ic) >= 0.05
PB9_T1,PB,PB9,15.0,300,44,-0.20425518941739249,0.11651328771230963,0.9318181818181818,7.303190050531925e-15,-0.21329012495387145,0.1027015500147029,0.9545454545454546,2.2661486541625152e-17,23039.0,85,"[1, 2, 3, 4, 5, 6, 7, 8, 9, 10, 11, 12, 13, 14, 15, 16, 17, 18, 19, 20, 21, 22, 23, 24, 25, 26, 27, 28, 29, 30, 31, 32, 33, 34, 35, 36, 37, 38, 39, 40, 41, 42, 43, 44, 45, 46, 47, 48, 49, 50, 51, 52, 53, 54, 55, 56, 57, 58, 59, 60, 61, 62, 63, 64, 80, 81, 82, 83, 84, 85]","[65, 66, 67, 68, 69, 70, 71, 72, 73, 74, 75, 76, 77, 78, 79]","[86, 87, 88, 89, 90, 91, 92, 93, 94, 95, 96, 97, 98, 99, 100, 101, 102, 103, 104, 105, 106, 107, 108]",True,2.2004207310514192e-13,True,7.554365499493036e-16,True,development pearson_fdr_reject AND pearson_pct_same_sign >= 0.70 AND abs(mean_pearson_ic) >= 0.05
PB9_T10,PB,PB9,4500.0,300,44,-0.20425518941739249,0.11651328771230963,0.9318181818181818,7.303190050531925e-15,-0.21329012495387145,0.1027015500147029,0.9545454545454546,2.2661486541625152e-17,23039.0,85,"[1, 2, 3, 4, 5, 6, 7, 8, 9, 10, 11, 12, 13, 14, 15, 16, 17, 18, 19, 20, 21, 22, 23, 24, 25, 26, 27, 28, 29, 30, 31, 32, 33, 34, 35, 36, 37, 38, 39, 40, 41, 42, 43, 44, 45, 46, 47, 48, 49, 50, 51, 52, 53, 54, 55, 56, 57, 58, 59, 60, 61, 62, 63, 64, 80, 81, 82, 83, 84, 85]","[65, 66, 67, 68, 69, 70, 71, 72, 73, 74, 75, 76, 77, 78, 79]","[86, 87, 88, 89, 90, 91, 92, 93, 94, 95, 96, 97, 98, 99, 100, 101, 102, 103, 104, 105, 106, 107, 108]",True,2.2004207310514192e-13,True,7.554365499493036e-16,True,development pearson_fdr_reject AND pearson_pct_same_sign >= 0.70 AND abs(mean_pearson_ic) >= 0.05
PB9_T11,PB,PB9,5400.0,300,44,-0.20425518941739249,0.11651328771230963,0.9318181818181818,7.303190050531925e-15,-0.21329012495387145,0.1027015500147029,0.9545454545454546,2.2661486541625152e-17,23039.0,85,"[1, 2, 3, 4, 5, 6, 7, 8, 9, 10, 11, 12, 13, 14, 15, 16, 17, 18, 19, 20, 21, 22, 23, 24, 25, 26, 27, 28, 29, 30, 31, 32, 33, 34, 35, 36, 37, 38, 39, 40, 41, 42, 43, 44, 45, 46, 47, 48, 49, 50, 51, 52, 53, 54, 55, 56, 57, 58, 59, 60, 61, 62, 63, 64, 80, 81, 82, 83, 84, 85]","[65, 66, 67, 68, 69, 70, 71, 72, 73, 74, 75, 76, 77, 78, 79]","[86, 87, 88, 89, 90, 91, 92, 93, 94, 95, 96, 97, 98, 99, 100, 101, 102, 103, 104, 105, 106, 107, 108]",True,2.2004207310514192e-13,True,7.554365499493036e-16,True,development pearson_fdr_reject AND pearson_pct_same_sign >= 0.70 AND abs(mean_pearson_ic) >= 0.05
PB9_T12,PB,PB9,10800.0,300,44,-0.20425518941739249,0.11651328771230963,0.9318181818181818,7.303190050531925e-15,-0.21329012495387145,0.1027015500147029,0.9545454545454546,2.2661486541625152e-17,23039.0,85,"[1, 2, 3, 4, 5, 6, 7, 8, 9, 10, 11, 12, 13, 14, 15, 16, 17, 18, 19, 20, 21, 22, 23, 24, 25, 26, 27, 28, 29, 30, 31, 32, 33, 34, 35, 36, 37, 38, 39, 40, 41, 42, 43, 44, 45, 46, 47, 48, 49, 50, 51, 52, 53, 54, 55, 56, 57, 58, 59, 60, 61, 62, 63, 64, 80, 81, 82, 83, 84, 85]","[65, 66, 67, 68, 69, 70, 71, 72, 73, 74, 75, 76, 77, 78, 79]","[86, 87, 88, 89, 90, 91, 92, 93, 94, 95, 96, 97, 98, 99, 100, 101, 102, 103, 104, 105, 106, 107, 108]",True,2.2004207310514192e-13,True,7.554365499493036e-16,True,development pearson_fdr_reject AND pearson_pct_same_sign >= 0.70 AND abs(mean_pearson_ic) >= 0.05
PB9_T2,PB,PB9,30.0,300,44,-0.20425518941739249,0.11651328771230963,0.9318181818181818,7.303190050531925e-15,-0.21329012495387145,0.1027015500147029,0.9545454545454546,2.2661486541625152e-17,23039.0,85,"[1, 2, 3, 4, 5, 6, 7, 8, 9, 10, 11, 12, 13, 14, 15, 16, 17, 18, 19, 20, 21, 22, 23, 24, 25, 26, 27, 28, 29, 30, 31, 32, 33, 34, 35, 36, 37, 38, 39, 40, 41, 42, 43, 44, 45, 46, 47, 48, 49, 50, 51, 52, 53, 54, 55, 56, 57, 58, 59, 60, 61, 62, 63, 64, 80, 81, 82, 83, 84, 85]","[65, 66, 67, 68, 69, 70, 71, 72, 73, 74, 75, 76, 77, 78, 79]","[86, 87, 88, 89, 90, 91, 92, 93, 94, 95, 96, 97, 98, 99, 100, 101, 102, 103, 104, 105, 106, 107, 108]",True,2.2004207310514192e-13,True,7.554365499493036e-16,True,development pearson_fdr_reject AND pearson_pct_same_sign >= 0.70 AND abs(mean_pearson_ic) >= 0.05
PB9_T3,PB,PB9,90.0,300,44,-0.20425518941739249,0.11651328771230963,0.9318181818181818,7.303190050531925e-15,-0.21329012495387145,0.1027015500147029,0.9545454545454546,2.2661486541625152e-17,23039.0,85,"[1, 2, 3, 4, 5, 6, 7, 8, 9, 10, 11, 12, 13, 14, 15, 16, 17, 18, 19, 20, 21, 22, 23, 24, 25, 26, 27, 28, 29, 30, 31, 32, 33, 34, 35, 36, 37, 38, 39, 40, 41, 42, 43, 44, 45, 46, 47, 48, 49, 50, 51, 52, 53, 54, 55, 56, 57, 58, 59, 60, 61, 62, 63, 64, 80, 81, 82, 83, 84, 85]","[65, 66, 67, 68, 69, 70, 71, 72, 73, 74, 75, 76, 77, 78, 79]","[86, 87, 88, 89, 90, 91, 92, 93, 94, 95, 96, 97, 98, 99, 100, 101, 102, 103, 104, 105, 106, 107, 108]",True,2.2004207310514192e-13,True,7.554365499493036e-16,True,development pearson_fdr_reject AND pearson_pct_same_sign >= 0.70 AND abs(mean_pearson_ic) >= 0.05
PB9_T4,PB,PB9,180.0,300,44,-0.20425518941739249,0.11651328771230963,0.9318181818181818,7.303190050531925e-15,-0.21329012495387145,0.1027015500147029,0.9545454545454546,2.2661486541625152e-17,23039.0,85,"[1, 2, 3, 4, 5, 6, 7, 8, 9, 10, 11, 12, 13, 14, 15, 16, 17, 18, 19, 20, 21, 22, 23, 24, 25, 26, 27, 28, 29, 30, 31, 32, 33, 34, 35, 36, 37, 38, 39, 40, 41, 42, 43, 44, 45, 46, 47, 48, 49, 50, 51, 52, 53, 54, 55, 56, 57, 58, 59, 60, 61, 62, 63, 64, 80, 81, 82, 83, 84, 85]","[65, 66, 67, 68, 69, 70, 71, 72, 73, 74, 75, 76, 77, 78, 79]","[86, 87, 88, 89, 90, 91, 92, 93, 94, 95, 96, 97, 98, 99, 100, 101, 102, 103, 104, 105, 106, 107, 108]",True,2.2004207310514192e-13,True,7.554365499493036e-16,True,development pearson_fdr_reject AND pearson_pct_same_sign >= 0.70 AND abs(mean_pearson_ic) >= 0.05
PB9_T5,PB,PB9,270.0,300,44,-0.20425518941739249,0.11651328771230963,0.9318181818181818,7.303190050531925e-15,-0.21329012495387145,0.1027015500147029,0.9545454545454546,2.2661486541625152e-17,23039.0,85,"[1, 2, 3, 4, 5, 6, 7, 8, 9, 10, 11, 12, 13, 14, 15, 16, 17, 18, 19, 20, 21, 22, 23, 24, 25, 26, 27, 28, 29, 30, 31, 32, 33, 34, 35, 36, 37, 38, 39, 40, 41, 42, 43, 44, 45, 46, 47, 48, 49, 50, 51, 52, 53, 54, 55, 56, 57, 58, 59, 60, 61, 62, 63, 64, 80, 81, 82, 83, 84, 85]","[65, 66, 67, 68, 69, 70, 71, 72, 73, 74, 75, 76, 77, 78, 79]","[86, 87, 88, 89, 90, 91, 92, 93, 94, 95, 96, 97, 98, 99, 100, 101, 102, 103, 104, 105, 106, 107, 108]",True,2.2004207310514192e-13,True,7.554365499493036e-16,True,development pearson_fdr_reject AND pearson_pct_same_sign >= 0.70 AND abs(mean_pearson_ic) >= 0.05
PB9_T6,PB,PB9,360.0,300,44,-0.20425518941739249,0.11651328771230963,0.9318181818181818,7.303190050531925e-15,-0.21329012495387145,0.1027015500147029,0.9545454545454546,2.2661486541625152e-17,23039.0,85,"[1, 2, 3, 4, 5, 6, 7, 8, 9, 10, 11, 12, 13, 14, 15, 16, 17, 18, 19, 20, 21, 22, 23, 24, 25, 26, 27, 28, 29, 30, 31, 32, 33, 34, 35, 36, 37, 38, 39, 40, 41, 42, 43, 44, 45, 46, 47, 48, 49, 50, 51, 52, 53, 54, 55, 56, 57, 58, 59, 60, 61, 62, 63, 64, 80, 81, 82, 83, 84, 85]","[65, 66, 67, 68, 69, 70, 71, 72, 73, 74, 75, 76, 77, 78, 79]","[86, 87, 88, 89, 90, 91, 92, 93, 94, 95, 96, 97, 98, 99, 100, 101, 102, 103, 104, 105, 106, 107, 108]",True,2.2004207310514192e-13,True,7.554365499493036e-16,True,development pearson_fdr_reject AND pearson_pct_same_sign >= 0.70 AND abs(mean_pearson_ic) >= 0.05
PB9_T7,PB,PB9,900.0,300,44,-0.20425518941739249,0.11651328771230963,0.9318181818181818,7.303190050531925e-15,-0.21329012495387145,0.1027015500147029,0.9545454545454546,2.2661486541625152e-17,23039.0,85,"[1, 2, 3, 4, 5, 6, 7, 8, 9, 10, 11, 12, 13, 14, 15, 16, 17, 18, 19, 20, 21, 22, 23, 24, 25, 26, 27, 28, 29, 30, 31, 32, 33, 34, 35, 36, 37, 38, 39, 40, 41, 42, 43, 44, 45, 46, 47, 48, 49, 50, 51, 52, 53, 54, 55, 56, 57, 58, 59, 60, 61, 62, 63, 64, 80, 81, 82, 83, 84, 85]","[65, 66, 67, 68, 69, 70, 71, 72, 73, 74, 75, 76, 77, 78, 79]","[86, 87, 88, 89, 90, 91, 92, 93, 94, 95, 96, 97, 98, 99, 100, 101, 102, 103, 104, 105, 106, 107, 108]",True,2.2004207310514192e-13,True,7.554365499493036e-16,True,development pearson_fdr_reject AND pearson_pct_same_sign >= 0.70 AND abs(mean_pearson_ic) >= 0.05
PB9_T8,PB,PB9,1800.0,300,44,-0.20425518941739249,0.11651328771230963,0.9318181818181818,7.303190050531925e-15,-0.21329012495387145,0.1027015500147029,0.9545454545454546,2.2661486541625152e-17,23039.0,85,"[1, 2, 3, 4, 5, 6, 7, 8, 9, 10, 11, 12, 13, 14, 15, 16, 17, 18, 19, 20, 21, 22, 23, 24, 25, 26, 27, 28, 29, 30, 31, 32, 33, 34, 35, 36, 37, 38, 39, 40, 41, 42, 43, 44, 45, 46, 47, 48, 49, 50, 51, 52, 53, 54, 55, 56, 57, 58, 59, 60, 61, 62, 63, 64, 80, 81, 82, 83, 84, 85]","[65, 66, 67, 68, 69, 70, 71, 72, 73, 74, 75, 76, 77, 78, 79]","[86, 87, 88, 89, 90, 91, 92, 93, 94, 95, 96, 97, 98, 99, 100, 101, 102, 103, 104, 105, 106, 107, 108]",True,2.2004207310514192e-13,True,7.554365499493036e-16,True,development pearson_fdr_reject AND pearson_pct_same_sign >= 0.70 AND abs(mean_pearson_ic) >= 0.05
PB9_T9,PB,PB9,2700.0,300,44,-0.20425518941739249,0.11651328771230963,0.9318181818181818,7.303190050531925e-15,-0.21329012495387145,0.1027015500147029,0.9545454545454546,2.2661486541625152e-17,23039.0,85,"[1, 2, 3, 4, 5, 6, 7, 8, 9, 10, 11, 12, 13, 14, 15, 16, 17, 18, 19, 20, 21, 22, 23, 24, 25, 26, 27, 28, 29, 30, 31, 32, 33, 34, 35, 36, 37, 38, 39, 40, 41, 42, 43, 44, 45, 46, 47, 48, 49, 50, 51, 52, 53, 54, 55, 56, 57, 58, 59, 60, 61, 62, 63, 64, 80, 81, 82, 83, 84, 85]","[65, 66, 67, 68, 69, 70, 71, 72, 73, 74, 75, 76, 77, 78, 79]","[86, 87, 88, 89, 90, 91, 92, 93, 94, 95, 96, 97, 98, 99, 100, 101, 102, 103, 104, 105, 106, 107, 108]",True,2.2004207310514192e-13,True,7.554365499493036e-16,True,development pearson_fdr_reject AND pearson_pct_same_sign >= 0.70 AND abs(mean_pearson_ic) >= 0.05
PV3_B2_T1,PV,PV3_B2,5.0,300,44,-0.052471633335034976,0.06357566817721212,0.8409090909090909,2.1117892968311176e-06,-0.06528713928931253,0.07263964324494872,0.8636363636363636,4.1547576225075425e-07,23040.0,85,"[1, 2, 3, 4, 5, 6, 7, 8, 9, 10, 11, 12, 13, 14, 15, 16, 17, 18, 19, 20, 21, 22, 23, 24, 25, 26, 27, 28, 29, 30, 31, 32, 33, 34, 35, 36, 37, 38, 39, 40, 41, 42, 43, 44, 45, 46, 47, 48, 49, 50, 51, 52, 53, 54, 55, 56, 57, 58, 59, 60, 61, 62, 63, 64, 80, 81, 82, 83, 84, 85]","[65, 66, 67, 68, 69, 70, 71, 72, 73, 74, 75, 76, 77, 78, 79]","[86, 87, 88, 89, 90, 91, 92, 93, 94, 95, 96, 97, 98, 99, 100, 101, 102, 103, 104, 105, 106, 107, 108]",True,7.181330728889283e-06,True,1.2918229528196345e-06,True,development pearson_fdr_reject AND pearson_pct_same_sign >= 0.70 AND abs(mean_pearson_ic) >= 0.05
PV3_B3_T1,PV,PV3_B3,5.0,300,44,-0.07443285021659912,0.07182145088042827,0.8636363636363636,1.956324082528055e-08,-0.08405129561309678,0.08591094181930868,0.8636363636363636,7.086819164197957e-08,23040.0,85,"[1, 2, 3, 4, 5, 6, 7, 8, 9, 10, 11, 12, 13, 14, 15, 16, 17, 18, 19, 20, 21, 22, 23, 24, 25, 26, 27, 28, 29, 30, 31, 32, 33, 34, 35, 36, 37, 38, 39, 40, 41, 42, 43, 44, 45, 46, 47, 48, 49, 50, 51, 52, 53, 54, 55, 56, 57, 58, 59, 60, 61, 62, 63, 64, 80, 81, 82, 83, 84, 85]","[65, 66, 67, 68, 69, 70, 71, 72, 73, 74, 75, 76, 77, 78, 79]","[86, 87, 88, 89, 90, 91, 92, 93, 94, 95, 96, 97, 98, 99, 100, 101, 102, 103, 104, 105, 106, 107, 108]",True,7.411293536331612e-08,True,2.3841246555310558e-07,True,development pearson_fdr_reject AND pearson_pct_same_sign >= 0.70 AND abs(mean_pearson_ic) >= 0.05
PV3_B3_T2,PV,PV3_B3,10.0,300,44,-0.06391665705215871,0.06351449529606025,0.8636363636363636,3.8070856137736727e-08,-0.0809204521425708,0.08536841421683858,0.8636363636363636,1.3947021830671628e-07,23040.0,85,"[1, 2, 3, 4, 5, 6, 7, 8, 9, 10, 11, 12, 13, 14, 15, 16, 17, 18, 19, 20, 21, 22, 23, 24, 25, 26, 27, 28, 29, 30, 31, 32, 33, 34, 35, 36, 37, 38, 39, 40, 41, 42, 43, 44, 45, 46, 47, 48, 49, 50, 51, 52, 53, 54, 55, 56, 57, 58, 59, 60, 61, 62, 63, 64, 80, 81, 82, 83, 84, 85]","[65, 66, 67, 68, 69, 70, 71, 72, 73, 74, 75, 76, 77, 78, 79]","[86, 87, 88, 89, 90, 91, 92, 93, 94, 95, 96, 97, 98, 99, 100, 101, 102, 103, 104, 105, 106, 107, 108]",True,1.4098050156042913e-07,True,4.490863040537789e-07,True,development pearson_fdr_reject AND pearson_pct_same_sign >= 0.70 AND abs(mean_pearson_ic) >= 0.05
PV3_B3_T3,PV,PV3_B3,30.0,300,44,-0.05002352702104327,0.052643226699722566,0.8636363636363636,1.324001906765122e-07,-0.078854287827517,0.08565939010687666,0.8636363636363636,2.561213579527469e-07,23040.0,85,"[1, 2, 3, 4, 5, 6, 7, 8, 9, 10, 11, 12, 13, 14, 15, 16, 17, 18, 19, 20, 21, 22, 23, 24, 25, 26, 27, 28, 29, 30, 31, 32, 33, 34, 35, 36, 37, 38, 39, 40, 41, 42, 43, 44, 45, 46, 47, 48, 49, 50, 51, 52, 53, 54, 55, 56, 57, 58, 59, 60, 61, 62, 63, 64, 80, 81, 82, 83, 84, 85]","[65, 66, 67, 68, 69, 70, 71, 72, 73, 74, 75, 76, 77, 78, 79]","[86, 87, 88, 89, 90, 91, 92, 93, 94, 95, 96, 97, 98, 99, 100, 101, 102, 103, 104, 105, 106, 107, 108]",True,4.779965086597175e-07,True,8.08127207056384e-07,True,development pearson_fdr_reject AND pearson_pct_same_sign >= 0.70 AND abs(mean_pearson_ic) >= 0.05
PV3_B4_T1,PV,PV3_B4,5.0,300,44,-0.0857921879982635,0.06936422675736745,0.9090909090909091,2.439855889432639e-10,-0.0976471080182423,0.0874856138177325,0.9090909090909091,3.3653025331912473e-09,23040.0,85,"[1, 2, 3, 4, 5, 6, 7, 8, 9, 10, 11, 12, 13, 14, 15, 16, 17, 18, 19, 20, 21, 22, 23, 24, 25, 26, 27, 28, 29, 30, 31, 32, 33, 34, 35, 36, 37, 38, 39, 40, 41, 42, 43, 44, 45, 46, 47, 48, 49, 50, 51, 52, 53, 54, 55, 56, 57, 58, 59, 60, 61, 62, 63, 64, 80, 81, 82, 83, 84, 85]","[65, 66, 67, 68, 69, 70, 71, 72, 73, 74, 75, 76, 77, 78, 79]","[86, 87, 88, 89, 90, 91, 92, 93, 94, 95, 96, 97, 98, 99, 100, 101, 102, 103, 104, 105, 106, 107, 108]",True,9.722839790068936e-10,True,1.283346606200415e-08,True,development pearson_fdr_reject AND pearson_pct_same_sign >= 0.70 AND abs(mean_pearson_ic) >= 0.05
PV3_B4_T2,PV,PV3_B4,10.0,300,44,-0.07468228824153433,0.061561630450711044,0.9090909090909091,4.067297880720782e-10,-0.09544036365353388,0.08722721141544547,0.9090909090909091,5.4578083319024215e-09,23040.0,85,"[1, 2, 3, 4, 5, 6, 7, 8, 9, 10, 11, 12, 13, 14, 15, 16, 17, 18, 19, 20, 21, 22, 23, 24, 25, 26, 27, 28, 29, 30, 31, 32, 33, 34, 35, 36, 37, 38, 39, 40, 41, 42, 43, 44, 45, 46, 47, 48, 49, 50, 51, 52, 53, 54, 55, 56, 57, 58, 59, 60, 61, 62, 63, 64, 80, 81, 82, 83, 84, 85]","[65, 66, 67, 68, 69, 70, 71, 72, 73, 74, 75, 76, 77, 78, 79]","[86, 87, 88, 89, 90, 91, 92, 93, 94, 95, 96, 97, 98, 99, 100, 101, 102, 103, 104, 105, 106, 107, 108]",True,1.618953246300726e-09,True,2.0563498131649798e-08,True,development pearson_fdr_reject AND pearson_pct_same_sign >= 0.70 AND abs(mean_pearson_ic) >= 0.05
PV3_B4_T3,PV,PV3_B4,30.0,300,44,-0.059284727515029376,0.05035056797479862,0.9090909090909091,8.817074149889257e-10,-0.09419933694811335,0.08744564213358304,0.9090909090909091,7.925350731955199e-09,23040.0,85,"[1, 2, 3, 4, 5, 6, 7, 8, 9, 10, 11, 12, 13, 14, 15, 16, 17, 18, 19, 20, 21, 22, 23, 24, 25, 26, 27, 28, 29, 30, 31, 32, 33, 34, 35, 36, 37, 38, 39, 40, 41, 42, 43, 44, 45, 46, 47, 48, 49, 50, 51, 52, 53, 54, 55, 56, 57, 58, 59, 60, 61, 62, 63, 64, 80, 81, 82, 83, 84, 85]","[65, 66, 67, 68, 69, 70, 71, 72, 73, 74, 75, 76, 77, 78, 79]","[86, 87, 88, 89, 90, 91, 92, 93, 94, 95, 96, 97, 98, 99, 100, 101, 102, 103, 104, 105, 106, 107, 108]",True,3.4854680992983277e-09,True,2.912987955202682e-08,True,development pearson_fdr_reject AND pearson_pct_same_sign >= 0.70 AND abs(mean_pearson_ic) >= 0.05
PV3_B5_T1,PV,PV3_B5,5.0,300,44,-0.07476646072768983,0.06978584798107176,0.8863636363636364,9.020089520536325e-09,-0.0751318160383735,0.09344088095405759,0.8636363636363636,3.373543273039366e-06,23040.0,85,"[1, 2, 3, 4, 5, 6, 7, 8, 9, 10, 11, 12, 13, 14, 15, 16, 17, 18, 19, 20, 21, 22, 23, 24, 25, 26, 27, 28, 29, 30, 31, 32, 33, 34, 35, 36, 37, 38, 39, 40, 41, 42, 43, 44, 45, 46, 47, 48, 49, 50, 51, 52, 53, 54, 55, 56, 57, 58, 59, 60, 61, 62, 63, 64, 80, 81, 82, 83, 84, 85]","[65, 66, 67, 68, 69, 70, 71, 72, 73, 74, 75, 76, 77, 78, 79]","[86, 87, 88, 89, 90, 91, 92, 93, 94, 95, 96, 97, 98, 99, 100, 101, 102, 103, 104, 105, 106, 107, 108]",True,3.4588689559881244e-08,True,9.384534628301941e-06,True,development pearson_fdr_reject AND pearson_pct_same_sign >= 0.70 AND abs(mean_pearson_ic) >= 0.05
PV3_B5_T2,PV,PV3_B5,10.0,300,44,-0.06549149040420453,0.06143626814127231,0.8863636363636364,1.0154088597388652e-08,-0.07313019794527606,0.09286652326402255,0.8636363636363636,4.853243542912629e-06,23040.0,85,"[1, 2, 3, 4, 5, 6, 7, 8, 9, 10, 11, 12, 13, 14, 15, 16, 17, 18, 19, 20, 21, 22, 23, 24, 25, 26, 27, 28, 29, 30, 31, 32, 33, 34, 35, 36, 37, 38, 39, 40, 41, 42, 43, 44, 45, 46, 47, 48, 49, 50, 51, 52, 53, 54, 55, 56, 57, 58, 59, 60, 61, 62, 63, 64, 80, 81, 82, 83, 84, 85]","[65, 66, 67, 68, 69, 70, 71, 72, 73, 74, 75, 76, 77, 78, 79]","[86, 87, 88, 89, 90, 91, 92, 93, 94, 95, 96, 97, 98, 99, 100, 101, 102, 103, 104, 105, 106, 107, 108]",True,3.8850914843829224e-08,True,1.3286811759717223e-05,True,development pearson_fdr_reject AND pearson_pct_same_sign >= 0.70 AND abs(mean_pearson_ic) >= 0.05
PV3_B5_T3,PV,PV3_B5,30.0,300,44,-0.05273858590076048,0.04909999573132517,0.8863636363636364,8.491544737596199e-09,-0.07227950263062444,0.0925344045772286,0.8636363636363636,5.578817381618764e-06,23040.0,85,"[1, 2, 3, 4, 5, 6, 7, 8, 9, 10, 11, 12, 13, 14, 15, 16, 17, 18, 19, 20, 21, 22, 23, 24, 25, 26, 27, 28, 29, 30, 31, 32, 33, 34, 35, 36, 37, 38, 39, 40, 41, 42, 43, 44, 45, 46, 47, 48, 49, 50, 51, 52, 53, 54, 55, 56, 57, 58, 59, 60, 61, 62, 63, 64, 80, 81, 82, 83, 84, 85]","[65, 66, 67, 68, 69, 70, 71, 72, 73, 74, 75, 76, 77, 78, 79]","[86, 87, 88, 89, 90, 91, 92, 93, 94, 95, 96, 97, 98, 99, 100, 101, 102, 103, 104, 105, 106, 107, 108]",True,3.263435713948261e-08,True,1.4964917743395054e-05,True,development pearson_fdr_reject AND pearson_pct_same_sign >= 0.70 AND abs(mean_pearson_ic) >= 0.05
