feature,family,subfamily,nominal_window_seconds,horizon_seconds,days_scored,mean_pearson_ic,pearson_ic_std,pearson_pct_same_sign,pearson_t_pvalue,mean_spearman_ic,spearman_ic_std,spearman_pct_same_sign,spearman_t_pvalue,mean_pair_count,expected_development_days,available_development_days,missing_development_days,holdout_days,pearson_fdr_reject,pearson_fdr_qvalue,spearman_fdr_reject,spearman_fdr_qvalue,eligible_for_ml,screen_rule
BB11_T1,BB,BB11,5.0,300,54,-0.2016623222723655,0.1117393147782353,0.9444444444444444,1.803015812945589e-18,-0.21145427692346802,0.10132616367893078,0.9629629629629629,3.914789701451816e-21,23036.0,85,"[1, 2, 3, 4, 5, 6, 7, 8, 9, 10, 11, 12, 13, 14, 15, 16, 17, 18, 19, 20, 21, 22, 23, 24, 25, 26, 27, 28, 29, 30, 31, 32, 33, 34, 35, 36, 37, 38, 39, 40, 41, 42, 43, 44, 45, 46, 47, 48, 49, 50, 51, 52, 53, 54, 55, 56, 57, 58, 59, 60, 61, 62, 63, 64, 80, 81, 82, 83, 84, 85]","[65, 66, 67, 68, 69, 70, 71, 72, 73, 74, 75, 76, 77, 78, 79]","[86, 87, 88, 89, 90, 91, 92, 93, 94, 95, 96, 97, 98, 99, 100, 101, 102, 103, 104, 105, 106, 107, 108]",True,7.156624072339161e-17,True,1.3787729190426075e-19,True,development pearson_fdr_reject AND pearson_pct_same_sign >= 0.70 AND abs(mean_pearson_ic) >= 0.05
BB11_T10,BB,BB11,1500.0,300,54,-0.173321188631149,0.10771491423753066,0.9629629629629629,1.7451899356971877e-16,-0.18177227912418872,0.09812311517051601,0.9629629629629629,6.152172470640788e-19,21541.0,85,"[1, 2, 3, 4, 5, 6, 7, 8, 9, 10, 11, 12, 13, 14, 15, 16, 17, 18, 19, 20, 21, 22, 23, 24, 25, 26, 27, 28, 29, 30, 31, 32, 33, 34, 35, 36, 37, 38, 39, 40, 41, 42, 43, 44, 45, 46, 47, 48, 49, 50, 51, 52, 53, 54, 55, 56, 57, 58, 59, 60, 61, 62, 63, 64, 80, 81, 82, 83, 84, 85]","[65, 66, 67, 68, 69, 70, 71, 72, 73, 74, 75, 76, 77, 78, 79]","[86, 87, 88, 89, 90, 91, 92, 93, 94, 95, 96, 97, 98, 99, 100, 101, 102, 103, 104, 105, 106, 107, 108]",True,8.126187638590005e-16,True,4.830853610469074e-18,True,development pearson_fdr_reject AND pearson_pct_same_sign >= 0.70 AND abs(mean_pearson_ic) >= 0.05
BB11_T11,BB,BB11,1800.0,300,54,-0.170353406871407,0.11090309585797102,0.9444444444444444,1.0289013426619312e-15,-0.1759948210017369,0.09601335627296988,0.9444444444444444,9.520353686017415e-19,21241.0,85,"[1, 2, 3, 4, 5, 6, 7, 8, 9, 10, 11, 12, 13, 14, 15, 16, 17, 18, 19, 20, 21, 22, 23, 24, 25, 26, 27, 28, 29, 30, 31, 32, 33, 34, 35, 36, 37, 38, 39, 40, 41, 42, 43, 44, 45, 46, 47, 48, 49, 50, 51, 52, 53, 54, 55, 56, 57, 58, 59, 60, 61, 62, 63, 64, 80, 81, 82, 83, 84, 85]","[65, 66, 67, 68, 69, 70, 71, 72, 73, 74, 75, 76, 77, 78, 79]","[86, 87, 88, 89, 90, 91, 92, 93, 94, 95, 96, 97, 98, 99, 100, 101, 102, 103, 104, 105, 106, 107, 108]",True,4.293302100117116e-15,True,7.213338154646967e-18,True,development pearson_fdr_reject AND pearson_pct_same_sign >= 0.70 AND abs(mean_pearson_ic) >= 0.05
BB11_T12,BB,BB11,3600.0,300,54,-0.17271295663186703,0.10685147210932898,0.9629629629629629,1.4641300323468906e-16,-0.1736227666041838,0.09638182458820051,0.9814814814814815,1.945541344129599e-18,19441.0,85,"[1, 2, 3, 4, 5, 6, 7, 8, 9, 10, 11, 12, 13, 14, 15, 16, 17, 18, 19, 20, 21, 22, 23, 24, 25, 26, 27, 28, 29, 30, 31, 32, 33, 34, 35, 36, 37, 38, 39, 40, 41, 42, 43, 44, 45, 46, 47, 48, 49, 50, 51, 52, 53, 54, 55, 56, 57, 58, 59, 60, 61, 62, 63, 64, 80, 81, 82, 83, 84, 85]","[65, 66, 67, 68, 69, 70, 71, 72, 73, 74, 75, 76, 77, 78, 79]","[86, 87, 88, 89, 90, 91, 92, 93, 94, 95, 96, 97, 98, 99, 100, 101, 102, 103, 104, 105, 106, 107, 108]",True,7.073049160549268e-16,True,1.448673565510294e-17,True,development pearson_fdr_reject AND pearson_pct_same_sign >= 0.70 AND abs(mean_pearson_ic) >= 0.05
BB11_T2,BB,BB11,10.0,300,54,-0.20158356051134976,0.11166607301253506,0.9444444444444444,1.783551955600596e-18,-0.21127665062780776,0.10127597755915543,0.9629629629629629,3.973874884421036e-21,23031.0,85,"[1, 2, 3, 4, 5, 6, 7, 8, 9, 10, 11, 12, 13, 14, 15, 16, 17, 18, 19, 20, 21, 22, 23, 24, 25, 26, 27, 28, 29, 30, 31, 32, 33, 34, 35, 36, 37, 38, 39, 40, 41, 42, 43, 44, 45, 46, 47, 48, 49, 50, 51, 52, 53, 54, 55, 56, 57, 58, 59, 60, 61, 62, 63, 64, 80, 81, 82, 83, 84, 85]","[65, 66, 67, 68, 69, 70, 71, 72, 73, 74, 75, 76, 77, 78, 79]","[86, 87, 88, 89, 90, 91, 92, 93, 94, 95, 96, 97, 98, 99, 100, 101, 102, 103, 104, 105, 106, 107, 108]",True,7.156624072339161e-17,True,1.3787729190426075e-19,True,development pearson_fdr_reject AND pearson_pct_same_sign >= 0.70 AND abs(mean_pearson_ic) >= 0.05
BB11_T3,BB,BB11,30.0,300,54,-0.2014511051535698,0.11147080385392015,0.9444444444444444,1.7054632136857012e-18,-0.21058310923957488,0.10117655685606725,0.9629629629629629,4.392185293116259e-21,23011.0,85,"[1, 2, 3, 4, 5, 6, 7, 8, 9, 10, 11, 12, 13, 14, 15, 16, 17, 18, 19, 20, 21, 22, 23, 24, 25, 26, 27, 28, 29, 30, 31, 32, 33, 34, 35, 36, 37, 38, 39, 40, 41, 42, 43, 44, 45, 46, 47, 48, 49, 50, 51, 52, 53, 54, 55, 56, 57, 58, 59, 60, 61, 62, 63, 64, 80, 81, 82, 83, 84, 85]","[65, 66, 67, 68, 69, 70, 71, 72, 73, 74, 75, 76, 77, 78, 79]","[86, 87, 88, 89, 90, 91, 92, 93, 94, 95, 96, 97, 98, 99, 100, 101, 102, 103, 104, 105, 106, 107, 108]",True,7.156624072339161e-17,True,1.3787729190426075e-19,True,development pearson_fdr_reject AND pearson_pct_same_sign >= 0.70 AND abs(mean_pearson_ic) >= 0.05
BB11_T4,BB,BB11,60.0,300,54,-0.201461976847561,0.11133178570620308,0.9444444444444444,1.6168484911603871e-18,-0.20986989183652144,0.10123460812356405,0.9629629629629629,5.216279219684179e-21,22981.0,85,"[1, 2, 3, 4, 5, 6, 7, 8, 9, 10, 11, 12, 13, 14, 15, 16, 17, 18, 19, 20, 21, 22, 23, 24, 25, 26, 27, 28, 29, 30, 31, 32, 33, 34, 35, 36, 37, 38, 39, 40, 41, 42, 43, 44, 45, 46, 47, 48, 49, 50, 51, 52, 53, 54, 55, 56, 57, 58, 59, 60, 61, 62, 63, 64, 80, 81, 82, 83, 84, 85]","[65, 66, 67, 68, 69, 70, 71, 72, 73, 74, 75, 76, 77, 78, 79]","[86, 87, 88, 89, 90, 91, 92, 93, 94, 95, 96, 97, 98, 99, 100, 101, 102, 103, 104, 105, 106, 107, 108]",True,7.156624072339161e-17,True,1.3787729190426075e-19,True,development pearson_fdr_reject AND pearson_pct_same_sign >= 0.70 AND abs(mean_pearson_ic) >= 0.05
BB11_T5,BB,BB11,90.0,300,54,-0.20150851304321088,0.11140310200526851,0.9444444444444444,1.644213073395743e-18,-0.2096020364690666,0.1014736033872198,0.9629629629629629,6.105376898543335e-21,22951.0,85,"[1, 2, 3, 4, 5, 6, 7, 8, 9, 10, 11, 12, 13, 14, 15, 16, 17, 18, 19, 20, 21, 22, 23, 24, 25, 26, 27, 28, 29, 30, 31, 32, 33, 34, 35, 36, 37, 38, 39, 40, 41, 42, 43, 44, 45, 46, 47, 48, 49, 50, 51, 52, 53, 54, 55, 56, 57, 58, 59, 60, 61, 62, 63, 64, 80, 81, 82, 83, 84, 85]","[65, 66, 67, 68, 69, 70, 71, 72, 73, 74, 75, 76, 77, 78, 79]","[86, 87, 88, 89, 90, 91, 92, 93, 94, 95, 96, 97, 98, 99, 100, 101, 102, 103, 104, 105, 106, 107, 108]",True,7.156624072339161e-17,True,1.4349712370385866e-19,True,development pearson_fdr_reject AND pearson_pct_same_sign >= 0.70 AND abs(mean_pearson_ic) >= 0.05
BB11_T6,BB,BB11,120.0,300,54,-0.20114486455811736,0.11142621420225907,0.9444444444444444,1.7856209044623043e-18,-0.20900475906184243,0.10167228433785364,0.9629629629629629,7.51639765354248e-21,22921.0,85,"[1, 2, 3, 4, 5, 6, 7, 8, 9, 10, 11, 12, 13, 14, 15, 16, 17, 18, 19, 20, 21, 22, 23, 24, 25, 26, 27, 28, 29, 30, 31, 32, 33, 34, 35, 36, 37, 38, 39, 40, 41, 42, 43, 44, 45, 46, 47, 48, 49, 50, 51, 52, 53, 54, 55, 56, 57, 58, 59, 60, 61, 62, 63, 64, 80, 81, 82, 83, 84, 85]","[65, 66, 67, 68, 69, 70, 71, 72, 73, 74, 75, 76, 77, 78, 79]","[86, 87, 88, 89, 90, 91, 92, 93, 94, 95, 96, 97, 98, 99, 100, 101, 102, 103, 104, 105, 106, 107, 108]",True,7.156624072339161e-17,True,1.5762215343687374e-19,True,development pearson_fdr_reject AND pearson_pct_same_sign >= 0.70 AND abs(mean_pearson_ic) >= 0.05
BB11_T7,BB,BB11,300.0,300,54,-0.19759515417880152,0.11397038087778455,0.9444444444444444,9.190450631575715e-18,-0.2039534278173925,0.1038952750066327,0.9629629629629629,5.409135453113956e-20,22741.0,85,"[1, 2, 3, 4, 5, 6, 7, 8, 9, 10, 11, 12, 13, 14, 15, 16, 17, 18, 19, 20, 21, 22, 23, 24, 25, 26, 27, 28, 29, 30, 31, 32, 33, 34, 35, 36, 37, 38, 39, 40, 41, 42, 43, 44, 45, 46, 47, 48, 49, 50, 51, 52, 53, 54, 55, 56, 57, 58, 59, 60, 61, 62, 63, 64, 80, 81, 82, 83, 84, 85]","[65, 66, 67, 68, 69, 70, 71, 72, 73, 74, 75, 76, 77, 78, 79]","[86, 87, 88, 89, 90, 91, 92, 93, 94, 95, 96, 97, 98, 99, 100, 101, 102, 103, 104, 105, 106, 107, 108]",True,9.40118355866381e-17,True,5.914102212186303e-19,True,development pearson_fdr_reject AND pearson_pct_same_sign >= 0.70 AND abs(mean_pearson_ic) >= 0.05
BB11_T8,BB,BB11,600.0,300,54,-0.18966757256695121,0.1111733263650535,0.9444444444444444,1.7507933467809138e-17,-0.19454062921782292,0.10138418145566293,0.9814814814814815,1.4161678509011379e-19,22441.0,85,"[1, 2, 3, 4, 5, 6, 7, 8, 9, 10, 11, 12, 13, 14, 15, 16, 17, 18, 19, 20, 21, 22, 23, 24, 25, 26, 27, 28, 29, 30, 31, 32, 33, 34, 35, 36, 37, 38, 39, 40, 41, 42, 43, 44, 45, 46, 47, 48, 49, 50, 51, 52, 53, 54, 55, 56, 57, 58, 59, 60, 61, 62, 63, 64, 80, 81, 82, 83, 84, 85]","[65, 66, 67, 68, 69, 70, 71, 72, 73, 74, 75, 76, 77, 78, 79]","[86, 87, 88, 89, 90, 91, 92, 93, 94, 95, 96, 97, 98, 99, 100, 101, 102, 103, 104, 105, 106, 107, 108]",True,1.1930948743842322e-16,True,1.3295815013215845e-18,True,development pearson_fdr_reject AND pearson_pct_same_sign >= 0.70 AND abs(mean_pearson_ic) >= 0.05
BB11_T9,BB,BB11,900.0,300,54,-0.18447011042195985,0.10984075976151296,0.9629629629629629,3.269806060774676e-17,-0.18944170853897974,0.09736908608097215,0.9629629629629629,7.897946029753995e-20,22141.0,85,"[1, 2, 3, 4, 5, 6, 7, 8, 9, 10, 11, 12, 13, 14, 15, 16, 17, 18, 19, 20, 21, 22, 23, 24, 25, 26, 27, 28, 29, 30, 31, 32, 33, 34, 35, 36, 37, 38, 39, 40, 41, 42, 43, 44, 45, 46, 47, 48, 49, 50, 51, 52, 53, 54, 55, 56, 57, 58, 59, 60, 61, 62, 63, 64, 80, 81, 82, 83, 84, 85]","[65, 66, 67, 68, 69, 70, 71, 72, 73, 74, 75, 76, 77, 78, 79]","[86, 87, 88, 89, 90, 91, 92, 93, 94, 95, 96, 97, 98, 99, 100, 101, 102, 103, 104, 105, 106, 107, 108]",True,1.905089365931957e-16,True,8.121251051428587e-19,True,development pearson_fdr_reject AND pearson_pct_same_sign >= 0.70 AND abs(mean_pearson_ic) >= 0.05
BB12_T1,BB,BB12,5.0,300,54,-0.20152131797452408,0.11161607279121877,0.9444444444444444,1.7734239474036548e-18,-0.2111552451219934,0.10110950044150124,0.9629629629629629,3.79337020017621e-21,23036.0,85,"[1, 2, 3, 4, 5, 6, 7, 8, 9, 10, 11, 12, 13, 14, 15, 16, 17, 18, 19, 20, 21, 22, 23, 24, 25, 26, 27, 28, 29, 30, 31, 32, 33, 34, 35, 36, 37, 38, 39, 40, 41, 42, 43, 44, 45, 46, 47, 48, 49, 50, 51, 52, 53, 54, 55, 56, 57, 58, 59, 60, 61, 62, 63, 64, 80, 81, 82, 83, 84, 85]","[65, 66, 67, 68, 69, 70, 71, 72, 73, 74, 75, 76, 77, 78, 79]","[86, 87, 88, 89, 90, 91, 92, 93, 94, 95, 96, 97, 98, 99, 100, 101, 102, 103, 104, 105, 106, 107, 108]",True,7.156624072339161e-17,True,1.3787729190426075e-19,True,development pearson_fdr_reject AND pearson_pct_same_sign >= 0.70 AND abs(mean_pearson_ic) >= 0.05
BB12_T10,BB,BB12,1500.0,300,54,-0.1702341435760106,0.10369876734673605,0.9444444444444444,8.0079900864057e-17,-0.18064481054089326,0.09291022417521612,0.9444444444444444,8.126091399816783e-20,21541.0,85,"[1, 2, 3, 4, 5, 6, 7, 8, 9, 10, 11, 12, 13, 14, 15, 16, 17, 18, 19, 20, 21, 22, 23, 24, 25, 26, 27, 28, 29, 30, 31, 32, 33, 34, 35, 36, 37, 38, 39, 40, 41, 42, 43, 44, 45, 46, 47, 48, 49, 50, 51, 52, 53, 54, 55, 56, 57, 58, 59, 60, 61, 62, 63, 64, 80, 81, 82, 83, 84, 85]","[65, 66, 67, 68, 69, 70, 71, 72, 73, 74, 75, 76, 77, 78, 79]","[86, 87, 88, 89, 90, 91, 92, 93, 94, 95, 96, 97, 98, 99, 100, 101, 102, 103, 104, 105, 106, 107, 108]",True,4.0687655512546605e-16,True,8.331052162126702e-19,True,development pearson_fdr_reject AND pearson_pct_same_sign >= 0.70 AND abs(mean_pearson_ic) >= 0.05
BB12_T11,BB,BB12,1800.0,300,54,-0.1685902841486762,0.10655299096707094,0.9444444444444444,3.33705633204303e-16,-0.17958801688118844,0.09351309918438819,0.9444444444444444,1.3670174740470704e-19,21241.0,85,"[1, 2, 3, 4, 5, 6, 7, 8, 9, 10, 11, 12, 13, 14, 15, 16, 17, 18, 19, 20, 21, 22, 23, 24, 25, 26, 27, 28, 29, 30, 31, 32, 33, 34, 35, 36, 37, 38, 39, 40, 41, 42, 43, 44, 45, 46, 47, 48, 49, 50, 51, 52, 53, 54, 55, 56, 57, 58, 59, 60, 61, 62, 63, 64, 80, 81, 82, 83, 84, 85]","[65, 66, 67, 68, 69, 70, 71, 72, 73, 74, 75, 76, 77, 78, 79]","[86, 87, 88, 89, 90, 91, 92, 93, 94, 95, 96, 97, 98, 99, 100, 101, 102, 103, 104, 105, 106, 107, 108]",True,1.4706032687766158e-15,True,1.2939850336527748e-18,True,development pearson_fdr_reject AND pearson_pct_same_sign >= 0.70 AND abs(mean_pearson_ic) >= 0.05
BB12_T12,BB,BB12,3600.0,300,54,-0.16819724334121966,0.10781136292986121,0.9444444444444444,5.712357565442803e-16,-0.16829346120414515,0.09569379917183109,0.9629629629629629,5.168330170971716e-18,19441.0,85,"[1, 2, 3, 4, 5, 6, 7, 8, 9, 10, 11, 12, 13, 14, 15, 16, 17, 18, 19, 20, 21, 22, 23, 24, 25, 26, 27, 28, 29, 30, 31, 32, 33, 34, 35, 36, 37, 38, 39, 40, 41, 42, 43, 44, 45, 46, 47, 48, 49, 50, 51, 52, 53, 54, 55, 56, 57, 58, 59, 60, 61, 62, 63, 64, 80, 81, 82, 83, 84, 85]","[65, 66, 67, 68, 69, 70, 71, 72, 73, 74, 75, 76, 77, 78, 79]","[86, 87, 88, 89, 90, 91, 92, 93, 94, 95, 96, 97, 98, 99, 100, 101, 102, 103, 104, 105, 106, 107, 108]",True,2.4763105882816666e-15,True,3.3883454915953085e-17,True,development pearson_fdr_reject AND pearson_pct_same_sign >= 0.70 AND abs(mean_pearson_ic) >= 0.05
BB12_T2,BB,BB12,10.0,300,54,-0.20129035802096967,0.11141644876206683,0.9444444444444444,1.7272996769276818e-18,-0.21072833986500364,0.10087532819561379,0.9629629629629629,3.745082407134091e-21,23031.0,85,"[1, 2, 3, 4, 5, 6, 7, 8, 9, 10, 11, 12, 13, 14, 15, 16, 17, 18, 19, 20, 21, 22, 23, 24, 25, 26, 27, 28, 29, 30, 31, 32, 33, 34, 35, 36, 37, 38, 39, 40, 41, 42, 43, 44, 45, 46, 47, 48, 49, 50, 51, 52, 53, 54, 55, 56, 57, 58, 59, 60, 61, 62, 63, 64, 80, 81, 82, 83, 84, 85]","[65, 66, 67, 68, 69, 70, 71, 72, 73, 74, 75, 76, 77, 78, 79]","[86, 87, 88, 89, 90, 91, 92, 93, 94, 95, 96, 97, 98, 99, 100, 101, 102, 103, 104, 105, 106, 107, 108]",True,7.156624072339161e-17,True,1.3787729190426075e-19,True,development pearson_fdr_reject AND pearson_pct_same_sign >= 0.70 AND abs(mean_pearson_ic) >= 0.05
BB12_T3,BB,BB12,30.0,300,54,-0.20031423341871094,0.11066453149226674,0.9444444444444444,1.5972102830326902e-18,-0.2092262636806277,0.10002003287947094,0.9629629629629629,3.529961759187022e-21,23011.0,85,"[1, 2, 3, 4, 5, 6, 7, 8, 9, 10, 11, 12, 13, 14, 15, 16, 17, 18, 19, 20, 21, 22, 23, 24, 25, 26, 27, 28, 29, 30, 31, 32, 33, 34, 35, 36, 37, 38, 39, 40, 41, 42, 43, 44, 45, 46, 47, 48, 49, 50, 51, 52, 53, 54, 55, 56, 57, 58, 59, 60, 61, 62, 63, 64, 80, 81, 82, 83, 84, 85]","[65, 66, 67, 68, 69, 70, 71, 72, 73, 74, 75, 76, 77, 78, 79]","[86, 87, 88, 89, 90, 91, 92, 93, 94, 95, 96, 97, 98, 99, 100, 101, 102, 103, 104, 105, 106, 107, 108]",True,7.156624072339161e-17,True,1.3787729190426075e-19,True,development pearson_fdr_reject AND pearson_pct_same_sign >= 0.70 AND abs(mean_pearson_ic) >= 0.05
BB12_T4,BB,BB12,60.0,300,54,-0.19911656054524388,0.10980248612885878,0.9444444444444444,1.4821102764313547e-18,-0.20726868650414534,0.09901381531825836,0.9629629629629629,3.4225582007430544e-21,22981.0,85,"[1, 2, 3, 4, 5, 6, 7, 8, 9, 10, 11, 12, 13, 14, 15, 16, 17, 18, 19, 20, 21, 22, 23, 24, 25, 26, 27, 28, 29, 30, 31, 32, 33, 34, 35, 36, 37, 38, 39, 40, 41, 42, 43, 44, 45, 46, 47, 48, 49, 50, 51, 52, 53, 54, 55, 56, 57, 58, 59, 60, 61, 62, 63, 64, 80, 81, 82, 83, 84, 85]","[65, 66, 67, 68, 69, 70, 71, 72, 73, 74, 75, 76, 77, 78, 79]","[86, 87, 88, 89, 90, 91, 92, 93, 94, 95, 96, 97, 98, 99, 100, 101, 102, 103, 104, 105, 106, 107, 108]",True,7.156624072339161e-17,True,1.3787729190426075e-19,True,development pearson_fdr_reject AND pearson_pct_same_sign >= 0.70 AND abs(mean_pearson_ic) >= 0.05
BB12_T5,BB,BB12,90.0,300,54,-0.19803042744809807,0.1090848277647732,0.9444444444444444,1.41739669019116e-18,-0.20552133331959213,0.09816775431184262,0.9629629629629629,3.405417210782369e-21,22951.0,85,"[1, 2, 3, 4, 5, 6, 7, 8, 9, 10, 11, 12, 13, 14, 15, 16, 17, 18, 19, 20, 21, 22, 23, 24, 25, 26, 27, 28, 29, 30, 31, 32, 33, 34, 35, 36, 37, 38, 39, 40, 41, 42, 43, 44, 45, 46, 47, 48, 49, 50, 51, 52, 53, 54, 55, 56, 57, 58, 59, 60, 61, 62, 63, 64, 80, 81, 82, 83, 84, 85]","[65, 66, 67, 68, 69, 70, 71, 72, 73, 74, 75, 76, 77, 78, 79]","[86, 87, 88, 89, 90, 91, 92, 93, 94, 95, 96, 97, 98, 99, 100, 101, 102, 103, 104, 105, 106, 107, 108]",True,7.156624072339161e-17,True,1.3787729190426075e-19,True,development pearson_fdr_reject AND pearson_pct_same_sign >= 0.70 AND abs(mean_pearson_ic) >= 0.05
BB12_T6,BB,BB12,120.0,300,54,-0.19679488472734227,0.10846023142939211,0.9444444444444444,1.4477687857960858e-18,-0.20373111088790605,0.09734931016393848,0.9444444444444444,3.461640091871812e-21,22921.0,85,"[1, 2, 3, 4, 5, 6, 7, 8, 9, 10, 11, 12, 13, 14, 15, 16, 17, 18, 19, 20, 21, 22, 23, 24, 25, 26, 27, 28, 29, 30, 31, 32, 33, 34, 35, 36, 37, 38, 39, 40, 41, 42, 43, 44, 45, 46, 47, 48, 49, 50, 51, 52, 53, 54, 55, 56, 57, 58, 59, 60, 61, 62, 63, 64, 80, 81, 82, 83, 84, 85]","[65, 66, 67, 68, 69, 70, 71, 72, 73, 74, 75, 76, 77, 78, 79]","[86, 87, 88, 89, 90, 91, 92, 93, 94, 95, 96, 97, 98, 99, 100, 101, 102, 103, 104, 105, 106, 107, 108]",True,7.156624072339161e-17,True,1.3787729190426075e-19,True,development pearson_fdr_reject AND pearson_pct_same_sign >= 0.70 AND abs(mean_pearson_ic) >= 0.05
BB12_T7,BB,BB12,300.0,300,54,-0.18992757709452712,0.10837355228605616,0.9444444444444444,5.9532077719529055e-18,-0.19439759035688892,0.09572714736317006,0.9444444444444444,1.2714790123616565e-20,22741.0,85,"[1, 2, 3, 4, 5, 6, 7, 8, 9, 10, 11, 12, 13, 14, 15, 16, 17, 18, 19, 20, 21, 22, 23, 24, 25, 26, 27, 28, 29, 30, 31, 32, 33, 34, 35, 36, 37, 38, 39, 40, 41, 42, 43, 44, 45, 46, 47, 48, 49, 50, 51, 52, 53, 54, 55, 56, 57, 58, 59, 60, 61, 62, 63, 64, 80, 81, 82, 83, 84, 85]","[65, 66, 67, 68, 69, 70, 71, 72, 73, 74, 75, 76, 77, 78, 79]","[86, 87, 88, 89, 90, 91, 92, 93, 94, 95, 96, 97, 98, 99, 100, 101, 102, 103, 104, 105, 106, 107, 108]",True,8.784185536553094e-17,True,2.1122659702751248e-19,True,development pearson_fdr_reject AND pearson_pct_same_sign >= 0.70 AND abs(mean_pearson_ic) >= 0.05
BB12_T8,BB,BB12,600.0,300,54,-0.1799024334222024,0.10452884130032551,0.9444444444444444,1.2332383431745585e-17,-0.18815349717772298,0.09485861970289576,0.9444444444444444,3.481491005200706e-20,22441.0,85,"[1, 2, 3, 4, 5, 6, 7, 8, 9, 10, 11, 12, 13, 14, 15, 16, 17, 18, 19, 20, 21, 22, 23, 24, 25, 26, 27, 28, 29, 30, 31, 32, 33, 34, 35, 36, 37, 38, 39, 40, 41, 42, 43, 44, 45, 46, 47, 48, 49, 50, 51, 52, 53, 54, 55, 56, 57, 58, 59, 60, 61, 62, 63, 64, 80, 81, 82, 83, 84, 85]","[65, 66, 67, 68, 69, 70, 71, 72, 73, 74, 75, 76, 77, 78, 79]","[86, 87, 88, 89, 90, 91, 92, 93, 94, 95, 96, 97, 98, 99, 100, 101, 102, 103, 104, 105, 106, 107, 108]",True,1.038137851555274e-16,True,4.1911328999890035e-19,True,development pearson_fdr_reject AND pearson_pct_same_sign >= 0.70 AND abs(mean_pearson_ic) >= 0.05
BB12_T9,BB,BB12,900.0,300,54,-0.173208131477848,0.10906878045410369,0.9444444444444444,2.8968129914623785e-16,-0.18177599984486137,0.0946911082622199,0.9444444444444444,1.390726915434581e-19,22141.0,85,"[1, 2, 3, 4, 5, 6, 7, 8, 9, 10, 11, 12, 13, 14, 15, 16, 17, 18, 19, 20, 21, 22, 23, 24, 25, 26, 27, 28, 29, 30, 31, 32, 33, 34, 35, 36, 37, 38, 39, 40, 41, 42, 43, 44, 45, 46, 47, 48, 49, 50, 51, 52, 53, 54, 55, 56, 57, 58, 59, 60, 61, 62, 63, 64, 80, 81, 82, 83, 84, 85]","[65, 66, 67, 68, 69, 70, 71, 72, 73, 74, 75, 76, 77, 78, 79]","[86, 87, 88, 89, 90, 91, 92, 93, 94, 95, 96, 97, 98, 99, 100, 101, 102, 103, 104, 105, 106, 107, 108]",True,1.2998037513639632e-15,True,1.3092538127592582e-18,True,development pearson_fdr_reject AND pearson_pct_same_sign >= 0.70 AND abs(mean_pearson_ic) >= 0.05
BB13_T1,BB,BB13,5.0,300,54,-0.20167124181591056,0.11171793634915585,0.9444444444444444,1.785706122430019e-18,-0.21149185754250227,0.10124360310341592,0.9629629629629629,3.749552960871754e-21,23036.0,85,"[1, 2, 3, 4, 5, 6, 7, 8, 9, 10, 11, 12, 13, 14, 15, 16, 17, 18, 19, 20, 21, 22, 23, 24, 25, 26, 27, 28, 29, 30, 31, 32, 33, 34, 35, 36, 37, 38, 39, 40, 41, 42, 43, 44, 45, 46, 47, 48, 49, 50, 51, 52, 53, 54, 55, 56, 57, 58, 59, 60, 61, 62, 63, 64, 80, 81, 82, 83, 84, 85]","[65, 66, 67, 68, 69, 70, 71, 72, 73, 74, 75, 76, 77, 78, 79]","[86, 87, 88, 89, 90, 91, 92, 93, 94, 95, 96, 97, 98, 99, 100, 101, 102, 103, 104, 105, 106, 107, 108]",True,7.156624072339161e-17,True,1.3787729190426075e-19,True,development pearson_fdr_reject AND pearson_pct_same_sign >= 0.70 AND abs(mean_pearson_ic) >= 0.05
BB13_T10,BB,BB13,1500.0,300,54,-0.18564725292204715,0.11126307056600337,0.9444444444444444,4.227719041430241e-17,-0.20068708192178583,0.10153327915847674,0.9444444444444444,4.042755530720831e-20,21541.0,85,"[1, 2, 3, 4, 5, 6, 7, 8, 9, 10, 11, 12, 13, 14, 15, 16, 17, 18, 19, 20, 21, 22, 23, 24, 25, 26, 27, 28, 29, 30, 31, 32, 33, 34, 35, 36, 37, 38, 39, 40, 41, 42, 43, 44, 45, 46, 47, 48, 49, 50, 51, 52, 53, 54, 55, 56, 57, 58, 59, 60, 61, 62, 63, 64, 80, 81, 82, 83, 84, 85]","[65, 66, 67, 68, 69, 70, 71, 72, 73, 74, 75, 76, 77, 78, 79]","[86, 87, 88, 89, 90, 91, 92, 93, 94, 95, 96, 97, 98, 99, 100, 101, 102, 103, 104, 105, 106, 107, 108]",True,2.36738562206507e-16,True,4.671478380816211e-19,True,development pearson_fdr_reject AND pearson_pct_same_sign >= 0.70 AND abs(mean_pearson_ic) >= 0.05
BB13_T11,BB,BB13,1800.0,300,54,-0.1851060365869193,0.114356924337966,0.9444444444444444,1.3860118544304216e-16,-0.19905751610802402,0.10173133806657281,0.9629629629629629,6.208433840823124e-20,21241.0,85,"[1, 2, 3, 4, 5, 6, 7, 8, 9, 10, 11, 12, 13, 14, 15, 16, 17, 18, 19, 20, 21, 22, 23, 24, 25, 26, 27, 28, 29, 30, 31, 32, 33, 34, 35, 36, 37, 38, 39, 40, 41, 42, 43, 44, 45, 46, 47, 48, 49, 50, 51, 52, 53, 54, 55, 56, 57, 58, 59, 60, 61, 62, 63, 64, 80, 81, 82, 83, 84, 85]","[65, 66, 67, 68, 69, 70, 71, 72, 73, 74, 75, 76, 77, 78, 79]","[86, 87, 88, 89, 90, 91, 92, 93, 94, 95, 96, 97, 98, 99, 100, 101, 102, 103, 104, 105, 106, 107, 108]",True,6.754119826596765e-16,True,6.57979721473739e-19,True,development pearson_fdr_reject AND pearson_pct_same_sign >= 0.70 AND abs(mean_pearson_ic) >= 0.05
BB13_T12,BB,BB13,3600.0,300,54,-0.18972257716834073,0.10730002830173516,0.9629629629629629,4.156438482495404e-18,-0.19720102187605196,0.101922308340763,0.9629629629629629,9.988467180452082e-20,19441.0,85,"[1, 2, 3, 4, 5, 6, 7, 8, 9, 10, 11, 12, 13, 14, 15, 16, 17, 18, 19, 20, 21, 22, 23, 24, 25, 26, 27, 28, 29, 30, 31, 32, 33, 34, 35, 36, 37, 38, 39, 40, 41, 42, 43, 44, 45, 46, 47, 48, 49, 50, 51, 52, 53, 54, 55, 56, 57, 58, 59, 60, 61, 62, 63, 64, 80, 81, 82, 83, 84, 85]","[65, 66, 67, 68, 69, 70, 71, 72, 73, 74, 75, 76, 77, 78, 79]","[86, 87, 88, 89, 90, 91, 92, 93, 94, 95, 96, 97, 98, 99, 100, 101, 102, 103, 104, 105, 106, 107, 108]",True,8.784185536553094e-17,True,9.806091554430687e-19,True,development pearson_fdr_reject AND pearson_pct_same_sign >= 0.70 AND abs(mean_pearson_ic) >= 0.05
BB13_T2,BB,BB13,10.0,300,54,-0.20157095448053022,0.11161204426488078,0.9444444444444444,1.7530315108483114e-18,-0.21133438758914636,0.10113966042464116,0.9629629629629629,3.703839664849952e-21,23031.0,85,"[1, 2, 3, 4, 5, 6, 7, 8, 9, 10, 11, 12, 13, 14, 15, 16, 17, 18, 19, 20, 21, 22, 23, 24, 25, 26, 27, 28, 29, 30, 31, 32, 33, 34, 35, 36, 37, 38, 39, 40, 41, 42, 43, 44, 45, 46, 47, 48, 49, 50, 51, 52, 53, 54, 55, 56, 57, 58, 59, 60, 61, 62, 63, 64, 80, 81, 82, 83, 84, 85]","[65, 66, 67, 68, 69, 70, 71, 72, 73, 74, 75, 76, 77, 78, 79]","[86, 87, 88, 89, 90, 91, 92, 93, 94, 95, 96, 97, 98, 99, 100, 101, 102, 103, 104, 105, 106, 107, 108]",True,7.156624072339161e-17,True,1.3787729190426075e-19,True,development pearson_fdr_reject AND pearson_pct_same_sign >= 0.70 AND abs(mean_pearson_ic) >= 0.05
BB13_T3,BB,BB13,30.0,300,54,-0.20121439102843375,0.11126494431495351,0.9444444444444444,1.6590887260763326e-18,-0.2107460282671511,0.10081445665480371,0.9629629629629629,3.63485735414651e-21,23011.0,85,"[1, 2, 3, 4, 5, 6, 7, 8, 9, 10, 11, 12, 13, 14, 15, 16, 17, 18, 19, 20, 21, 22, 23, 24, 25, 26, 27, 28, 29, 30, 31, 32, 33, 34, 35, 36, 37, 38, 39, 40, 41, 42, 43, 44, 45, 46, 47, 48, 49, 50, 51, 52, 53, 54, 55, 56, 57, 58, 59, 60, 61, 62, 63, 64, 80, 81, 82, 83, 84, 85]","[65, 66, 67, 68, 69, 70, 71, 72, 73, 74, 75, 76, 77, 78, 79]","[86, 87, 88, 89, 90, 91, 92, 93, 94, 95, 96, 97, 98, 99, 100, 101, 102, 103, 104, 105, 106, 107, 108]",True,7.156624072339161e-17,True,1.3787729190426075e-19,True,development pearson_fdr_reject AND pearson_pct_same_sign >= 0.70 AND abs(mean_pearson_ic) >= 0.05
BB13_T4,BB,BB13,60.0,300,54,-0.20086229392647545,0.11099902266873667,0.9444444444444444,1.6160325549654113e-18,-0.21018590836672923,0.10058644266771456,0.9629629629629629,3.6981124029697184e-21,22981.0,85,"[1, 2, 3, 4, 5, 6, 7, 8, 9, 10, 11, 12, 13, 14, 15, 16, 17, 18, 19, 20, 21, 22, 23, 24, 25, 26, 27, 28, 29, 30, 31, 32, 33, 34, 35, 36, 37, 38, 39, 40, 41, 42, 43, 44, 45, 46, 47, 48, 49, 50, 51, 52, 53, 54, 55, 56, 57, 58, 59, 60, 61, 62, 63, 64, 80, 81, 82, 83, 84, 85]","[65, 66, 67, 68, 69, 70, 71, 72, 73, 74, 75, 76, 77, 78, 79]","[86, 87, 88, 89, 90, 91, 92, 93, 94, 95, 96, 97, 98, 99, 100, 101, 102, 103, 104, 105, 106, 107, 108]",True,7.156624072339161e-17,True,1.3787729190426075e-19,True,development pearson_fdr_reject AND pearson_pct_same_sign >= 0.70 AND abs(mean_pearson_ic) >= 0.05
BB13_T5,BB,BB13,90.0,300,54,-0.20041629993815532,0.11084013032727108,0.9444444444444444,1.669245241341661e-18,-0.20962716419233057,0.10042562555830772,0.9629629629629629,3.8726825779232546e-21,22951.0,85,"[1, 2, 3, 4, 5, 6, 7, 8, 9, 10, 11, 12, 13, 14, 15, 16, 17, 18, 19, 20, 21, 22, 23, 24, 25, 26, 27, 28, 29, 30, 31, 32, 33, 34, 35, 36, 37, 38, 39, 40, 41, 42, 43, 44, 45, 46, 47, 48, 49, 50, 51, 52, 53, 54, 55, 56, 57, 58, 59, 60, 61, 62, 63, 64, 80, 81, 82, 83, 84, 85]","[65, 66, 67, 68, 69, 70, 71, 72, 73, 74, 75, 76, 77, 78, 79]","[86, 87, 88, 89, 90, 91, 92, 93, 94, 95, 96, 97, 98, 99, 100, 101, 102, 103, 104, 105, 106, 107, 108]",True,7.156624072339161e-17,True,1.3787729190426075e-19,True,development pearson_fdr_reject AND pearson_pct_same_sign >= 0.70 AND abs(mean_pearson_ic) >= 0.05
BB13_T6,BB,BB13,120.0,300,54,-0.19967817003757665,0.11067206424912976,0.9444444444444444,1.8245937359472625e-18,-0.20884972589757406,0.10032111108742645,0.9629629629629629,4.3494191447407515e-21,22921.0,85,"[1, 2, 3, 4, 5, 6, 7, 8, 9, 10, 11, 12, 13, 14, 15, 16, 17, 18, 19, 20, 21, 22, 23, 24, 25, 26, 27, 28, 29, 30, 31, 32, 33, 34, 35, 36, 37, 38, 39, 40, 41, 42, 43, 44, 45, 46, 47, 48, 49, 50, 51, 52, 53, 54, 55, 56, 57, 58, 59, 60, 61, 62, 63, 64, 80, 81, 82, 83, 84, 85]","[65, 66, 67, 68, 69, 70, 71, 72, 73, 74, 75, 76, 77, 78, 79]","[86, 87, 88, 89, 90, 91, 92, 93, 94, 95, 96, 97, 98, 99, 100, 101, 102, 103, 104, 105, 106, 107, 108]",True,7.156624072339161e-17,True,1.3787729190426075e-19,True,development pearson_fdr_reject AND pearson_pct_same_sign >= 0.70 AND abs(mean_pearson_ic) >= 0.05
BB13_T7,BB,BB13,300.0,300,54,-0.19674758291818423,0.11243298578179274,0.9444444444444444,6.3235496263703386e-18,-0.20563859717305333,0.10174005394404052,0.9629629629629629,1.556230022861923e-20,22741.0,85,"[1, 2, 3, 4, 5, 6, 7, 8, 9, 10, 11, 12, 13, 14, 15, 16, 17, 18, 19, 20, 21, 22, 23, 24, 25, 26, 27, 28, 29, 30, 31, 32, 33, 34, 35, 36, 37, 38, 39, 40, 41, 42, 43, 44, 45, 46, 47, 48, 49, 50, 51, 52, 53, 54, 55, 56, 57, 58, 59, 60, 61, 62, 63, 64, 80, 81, 82, 83, 84, 85]","[65, 66, 67, 68, 69, 70, 71, 72, 73, 74, 75, 76, 77, 78, 79]","[86, 87, 88, 89, 90, 91, 92, 93, 94, 95, 96, 97, 98, 99, 100, 101, 102, 103, 104, 105, 106, 107, 108]",True,8.784185536553094e-17,True,2.400345861155332e-19,True,development pearson_fdr_reject AND pearson_pct_same_sign >= 0.70 AND abs(mean_pearson_ic) >= 0.05
BB13_T8,BB,BB13,600.0,300,54,-0.1922438555134858,0.11033547860948416,0.9444444444444444,7.528489723919346e-18,-0.20248642546979426,0.09968964816581835,0.9444444444444444,1.260188807526755e-20,22441.0,85,"[1, 2, 3, 4, 5, 6, 7, 8, 9, 10, 11, 12, 13, 14, 15, 16, 17, 18, 19, 20, 21, 22, 23, 24, 25, 26, 27, 28, 29, 30, 31, 32, 33, 34, 35, 36, 37, 38, 39, 40, 41, 42, 43, 44, 45, 46, 47, 48, 49, 50, 51, 52, 53, 54, 55, 56, 57, 58, 59, 60, 61, 62, 63, 64, 80, 81, 82, 83, 84, 85]","[65, 66, 67, 68, 69, 70, 71, 72, 73, 74, 75, 76, 77, 78, 79]","[86, 87, 88, 89, 90, 91, 92, 93, 94, 95, 96, 97, 98, 99, 100, 101, 102, 103, 104, 105, 106, 107, 108]",True,9.094731467182288e-17,True,2.1122659702751248e-19,True,development pearson_fdr_reject AND pearson_pct_same_sign >= 0.70 AND abs(mean_pearson_ic) >= 0.05
BB13_T9,BB,BB13,900.0,300,54,-0.1895657704562666,0.11400948961834971,0.9444444444444444,4.8521656023842966e-17,-0.1999403811766308,0.10015182736496597,0.9444444444444444,2.6427016351782268e-20,22141.0,85,"[1, 2, 3, 4, 5, 6, 7, 8, 9, 10, 11, 12, 13, 14, 15, 16, 17, 18, 19, 20, 21, 22, 23, 24, 25, 26, 27, 28, 29, 30, 31, 32, 33, 34, 35, 36, 37, 38, 39, 40, 41, 42, 43, 44, 45, 46, 47, 48, 49, 50, 51, 52, 53, 54, 55, 56, 57, 58, 59, 60, 61, 62, 63, 64, 80, 81, 82, 83, 84, 85]","[65, 66, 67, 68, 69, 70, 71, 72, 73, 74, 75, 76, 77, 78, 79]","[86, 87, 88, 89, 90, 91, 92, 93, 94, 95, 96, 97, 98, 99, 100, 101, 102, 103, 104, 105, 106, 107, 108]",True,2.6172223396847195e-16,True,3.406915727440587e-19,True,development pearson_fdr_reject AND pearson_pct_same_sign >= 0.70 AND abs(mean_pearson_ic) >= 0.05
BB14_T1,BB,BB14,5.0,300,54,-0.20175273437267854,0.11177327464839386,0.9444444444444444,1.792388772590143e-18,-0.2115580521896323,0.10135008979591768,0.9629629629629629,3.871749944010517e-21,23035.0,85,"[1, 2, 3, 4, 5, 6, 7, 8, 9, 10, 11, 12, 13, 14, 15, 16, 17, 18, 19, 20, 21, 22, 23, 24, 25, 26, 27, 28, 29, 30, 31, 32, 33, 34, 35, 36, 37, 38, 39, 40, 41, 42, 43, 44, 45, 46, 47, 48, 49, 50, 51, 52, 53, 54, 55, 56, 57, 58, 59, 60, 61, 62, 63, 64, 80, 81, 82, 83, 84, 85]","[65, 66, 67, 68, 69, 70, 71, 72, 73, 74, 75, 76, 77, 78, 79]","[86, 87, 88, 89, 90, 91, 92, 93, 94, 95, 96, 97, 98, 99, 100, 101, 102, 103, 104, 105, 106, 107, 108]",True,7.156624072339161e-17,True,1.3787729190426075e-19,True,development pearson_fdr_reject AND pearson_pct_same_sign >= 0.70 AND abs(mean_pearson_ic) >= 0.05
BB14_T10,BB,BB14,1500.0,300,54,-0.18577219658445715,0.11123850248364112,0.9444444444444444,4.0813001098768375e-17,-0.2009616588274405,0.10172702546059365,0.9444444444444444,4.1365603060869636e-20,21540.0,85,"[1, 2, 3, 4, 5, 6, 7, 8, 9, 10, 11, 12, 13, 14, 15, 16, 17, 18, 19, 20, 21, 22, 23, 24, 25, 26, 27, 28, 29, 30, 31, 32, 33, 34, 35, 36, 37, 38, 39, 40, 41, 42, 43, 44, 45, 46, 47, 48, 49, 50, 51, 52, 53, 54, 55, 56, 57, 58, 59, 60, 61, 62, 63, 64, 80, 81, 82, 83, 84, 85]","[65, 66, 67, 68, 69, 70, 71, 72, 73, 74, 75, 76, 77, 78, 79]","[86, 87, 88, 89, 90, 91, 92, 93, 94, 95, 96, 97, 98, 99, 100, 101, 102, 103, 104, 105, 106, 107, 108]",True,2.3040673005922346e-16,True,4.76393861917682e-19,True,development pearson_fdr_reject AND pearson_pct_same_sign >= 0.70 AND abs(mean_pearson_ic) >= 0.05
BB14_T11,BB,BB14,1800.0,300,54,-0.18518474174170604,0.11435058899611746,0.9444444444444444,1.3603975167244836e-16,-0.1993552653633712,0.10193689951469967,0.9629629629629629,6.34781173561071e-20,21240.0,85,"[1, 2, 3, 4, 5, 6, 7, 8, 9, 10, 11, 12, 13, 14, 15, 16, 17, 18, 19, 20, 21, 22, 23, 24, 25, 26, 27, 28, 29, 30, 31, 32, 33, 34, 35, 36, 37, 38, 39, 40, 41, 42, 43, 44, 45, 46, 47, 48, 49, 50, 51, 52, 53, 54, 55, 56, 57, 58, 59, 60, 61, 62, 63, 64, 80, 81, 82, 83, 84, 85]","[65, 66, 67, 68, 69, 70, 71, 72, 73, 74, 75, 76, 77, 78, 79]","[86, 87, 88, 89, 90, 91, 92, 93, 94, 95, 96, 97, 98, 99, 100, 101, 102, 103, 104, 105, 106, 107, 108]",True,6.666912652883817e-16,True,6.706938699246178e-19,True,development pearson_fdr_reject AND pearson_pct_same_sign >= 0.70 AND abs(mean_pearson_ic) >= 0.05
BB14_T12,BB,BB14,3600.0,300,54,-0.18971091827133685,0.1072802133025629,0.9629629629629629,4.135712319096891e-18,-0.1975697358391343,0.10195187456553371,0.9629629629629629,9.344963477012283e-20,19440.0,85,"[1, 2, 3, 4, 5, 6, 7, 8, 9, 10, 11, 12, 13, 14, 15, 16, 17, 18, 19, 20, 21, 22, 23, 24, 25, 26, 27, 28, 29, 30, 31, 32, 33, 34, 35, 36, 37, 38, 39, 40, 41, 42, 43, 44, 45, 46, 47, 48, 49, 50, 51, 52, 53, 54, 55, 56, 57, 58, 59, 60, 61, 62, 63, 64, 80, 81, 82, 83, 84, 85]","[65, 66, 67, 68, 69, 70, 71, 72, 73, 74, 75, 76, 77, 78, 79]","[86, 87, 88, 89, 90, 91, 92, 93, 94, 95, 96, 97, 98, 99, 100, 101, 102, 103, 104, 105, 106, 107, 108]",True,8.784185536553094e-17,True,9.331459194531051e-19,True,development pearson_fdr_reject AND pearson_pct_same_sign >= 0.70 AND abs(mean_pearson_ic) >= 0.05
BB14_T2,BB,BB14,10.0,300,54,-0.20167730287565602,0.11168502144776236,0.9444444444444444,1.7621148032051403e-18,-0.21145778308448038,0.1012527629330041,0.9629629629629629,3.79075960809137e-21,23030.0,85,"[1, 2, 3, 4, 5, 6, 7, 8, 9, 10, 11, 12, 13, 14, 15, 16, 17, 18, 19, 20, 21, 22, 23, 24, 25, 26, 27, 28, 29, 30, 31, 32, 33, 34, 35, 36, 37, 38, 39, 40, 41, 42, 43, 44, 45, 46, 47, 48, 49, 50, 51, 52, 53, 54, 55, 56, 57, 58, 59, 60, 61, 62, 63, 64, 80, 81, 82, 83, 84, 85]","[65, 66, 67, 68, 69, 70, 71, 72, 73, 74, 75, 76, 77, 78, 79]","[86, 87, 88, 89, 90, 91, 92, 93, 94, 95, 96, 97, 98, 99, 100, 101, 102, 103, 104, 105, 106, 107, 108]",True,7.156624072339161e-17,True,1.3787729190426075e-19,True,development pearson_fdr_reject AND pearson_pct_same_sign >= 0.70 AND abs(mean_pearson_ic) >= 0.05
BB14_T3,BB,BB14,30.0,300,54,-0.20136950315384716,0.11137507536067813,0.9444444444444444,1.674028807114709e-18,-0.21094064110715885,0.1009648498265831,0.9629629629629629,3.7256243891651434e-21,23010.0,85,"[1, 2, 3, 4, 5, 6, 7, 8, 9, 10, 11, 12, 13, 14, 15, 16, 17, 18, 19, 20, 21, 22, 23, 24, 25, 26, 27, 28, 29, 30, 31, 32, 33, 34, 35, 36, 37, 38, 39, 40, 41, 42, 43, 44, 45, 46, 47, 48, 49, 50, 51, 52, 53, 54, 55, 56, 57, 58, 59, 60, 61, 62, 63, 64, 80, 81, 82, 83, 84, 85]","[65, 66, 67, 68, 69, 70, 71, 72, 73, 74, 75, 76, 77, 78, 79]","[86, 87, 88, 89, 90, 91, 92, 93, 94, 95, 96, 97, 98, 99, 100, 101, 102, 103, 104, 105, 106, 107, 108]",True,7.156624072339161e-17,True,1.3787729190426075e-19,True,development pearson_fdr_reject AND pearson_pct_same_sign >= 0.70 AND abs(mean_pearson_ic) >= 0.05
BB14_T4,BB,BB14,60.0,300,54,-0.201050415177489,0.11114211278208688,0.9444444444444444,1.6395312830258804e-18,-0.21040231130206027,0.10077412788489921,0.9629629629629629,3.8347414486814194e-21,22980.0,85,"[1, 2, 3, 4, 5, 6, 7, 8, 9, 10, 11, 12, 13, 14, 15, 16, 17, 18, 19, 20, 21, 22, 23, 24, 25, 26, 27, 28, 29, 30, 31, 32, 33, 34, 35, 36, 37, 38, 39, 40, 41, 42, 43, 44, 45, 46, 47, 48, 49, 50, 51, 52, 53, 54, 55, 56, 57, 58, 59, 60, 61, 62, 63, 64, 80, 81, 82, 83, 84, 85]","[65, 66, 67, 68, 69, 70, 71, 72, 73, 74, 75, 76, 77, 78, 79]","[86, 87, 88, 89, 90, 91, 92, 93, 94, 95, 96, 97, 98, 99, 100, 101, 102, 103, 104, 105, 106, 107, 108]",True,7.156624072339161e-17,True,1.3787729190426075e-19,True,development pearson_fdr_reject AND pearson_pct_same_sign >= 0.70 AND abs(mean_pearson_ic) >= 0.05
BB14_T5,BB,BB14,90.0,300,54,-0.2006176005710053,0.11098866212044906,0.9444444444444444,1.6923364858007621e-18,-0.20985768522430123,0.10061736844633831,0.9629629629629629,4.01105164690934e-21,22950.0,85,"[1, 2, 3, 4, 5, 6, 7, 8, 9, 10, 11, 12, 13, 14, 15, 16, 17, 18, 19, 20, 21, 22, 23, 24, 25, 26, 27, 28, 29, 30, 31, 32, 33, 34, 35, 36, 37, 38, 39, 40, 41, 42, 43, 44, 45, 46, 47, 48, 49, 50, 51, 52, 53, 54, 55, 56, 57, 58, 59, 60, 61, 62, 63, 64, 80, 81, 82, 83, 84, 85]","[65, 66, 67, 68, 69, 70, 71, 72, 73, 74, 75, 76, 77, 78, 79]","[86, 87, 88, 89, 90, 91, 92, 93, 94, 95, 96, 97, 98, 99, 100, 101, 102, 103, 104, 105, 106, 107, 108]",True,7.156624072339161e-17,True,1.3787729190426075e-19,True,development pearson_fdr_reject AND pearson_pct_same_sign >= 0.70 AND abs(mean_pearson_ic) >= 0.05
BB14_T6,BB,BB14,120.0,300,54,-0.19988433876387995,0.11083856343926546,0.9444444444444444,1.8601425822518244e-18,-0.20908618573918764,0.1005331222491325,0.9629629629629629,4.53822989609578e-21,22920.0,85,"[1, 2, 3, 4, 5, 6, 7, 8, 9, 10, 11, 12, 13, 14, 15, 16, 17, 18, 19, 20, 21, 22, 23, 24, 25, 26, 27, 28, 29, 30, 31, 32, 33, 34, 35, 36, 37, 38, 39, 40, 41, 42, 43, 44, 45, 46, 47, 48, 49, 50, 51, 52, 53, 54, 55, 56, 57, 58, 59, 60, 61, 62, 63, 64, 80, 81, 82, 83, 84, 85]","[65, 66, 67, 68, 69, 70, 71, 72, 73, 74, 75, 76, 77, 78, 79]","[86, 87, 88, 89, 90, 91, 92, 93, 94, 95, 96, 97, 98, 99, 100, 101, 102, 103, 104, 105, 106, 107, 108]",True,7.156624072339161e-17,True,1.3787729190426075e-19,True,development pearson_fdr_reject AND pearson_pct_same_sign >= 0.70 AND abs(mean_pearson_ic) >= 0.05
BB14_T7,BB,BB14,300.0,300,54,-0.19696409266525114,0.11255297215056691,0.9444444444444444,6.315073582263576e-18,-0.20591782265190642,0.10201927751734097,0.9629629629629629,1.651429486730197e-20,22740.0,85,"[1, 2, 3, 4, 5, 6, 7, 8, 9, 10, 11, 12, 13, 14, 15, 16, 17, 18, 19, 20, 21, 22, 23, 24, 25, 26, 27, 28, 29, 30, 31, 32, 33, 34, 35, 36, 37, 38, 39, 40, 41, 42, 43, 44, 45, 46, 47, 48, 49, 50, 51, 52, 53, 54, 55, 56, 57, 58, 59, 60, 61, 62, 63, 64, 80, 81, 82, 83, 84, 85]","[65, 66, 67, 68, 69, 70, 71, 72, 73, 74, 75, 76, 77, 78, 79]","[86, 87, 88, 89, 90, 91, 92, 93, 94, 95, 96, 97, 98, 99, 100, 101, 102, 103, 104, 105, 106, 107, 108]",True,8.784185536553094e-17,True,2.4492137845311175e-19,True,development pearson_fdr_reject AND pearson_pct_same_sign >= 0.70 AND abs(mean_pearson_ic) >= 0.05
BB14_T8,BB,BB14,600.0,300,54,-0.19245322944079493,0.11033165442185977,0.9444444444444444,7.19535847192501e-18,-0.2026627846971223,0.09981439071645296,0.9444444444444444,1.2809436514980904e-20,22440.0,85,"[1, 2, 3, 4, 5, 6, 7, 8, 9, 10, 11, 12, 13, 14, 15, 16, 17, 18, 19, 20, 21, 22, 23, 24, 25, 26, 27, 28, 29, 30, 31, 32, 33, 34, 35, 36, 37, 38, 39, 40, 41, 42, 43, 44, 45, 46, 47, 48, 49, 50, 51, 52, 53, 54, 55, 56, 57, 58, 59, 60, 61, 62, 63, 64, 80, 81, 82, 83, 84, 85]","[65, 66, 67, 68, 69, 70, 71, 72, 73, 74, 75, 76, 77, 78, 79]","[86, 87, 88, 89, 90, 91, 92, 93, 94, 95, 96, 97, 98, 99, 100, 101, 102, 103, 104, 105, 106, 107, 108]",True,8.840335803166208e-17,True,2.1122659702751248e-19,True,development pearson_fdr_reject AND pearson_pct_same_sign >= 0.70 AND abs(mean_pearson_ic) >= 0.05
BB14_T9,BB,BB14,900.0,300,54,-0.1897001652669806,0.11389849154489007,0.9444444444444444,4.541043839795113e-17,-0.200015733882245,0.10002407172014217,0.9444444444444444,2.46245663049617e-20,22140.0,85,"[1, 2, 3, 4, 5, 6, 7, 8, 9, 10, 11, 12, 13, 14, 15, 16, 17, 18, 19, 20, 21, 22, 23, 24, 25, 26, 27, 28, 29, 30, 31, 32, 33, 34, 35, 36, 37, 38, 39, 40, 41, 42, 43, 44, 45, 46, 47, 48, 49, 50, 51, 52, 53, 54, 55, 56, 57, 58, 59, 60, 61, 62, 63, 64, 80, 81, 82, 83, 84, 85]","[65, 66, 67, 68, 69, 70, 71, 72, 73, 74, 75, 76, 77, 78, 79]","[86, 87, 88, 89, 90, 91, 92, 93, 94, 95, 96, 97, 98, 99, 100, 101, 102, 103, 104, 105, 106, 107, 108]",True,2.514311933732711e-16,True,3.290518091047943e-19,True,development pearson_fdr_reject AND pearson_pct_same_sign >= 0.70 AND abs(mean_pearson_ic) >= 0.05
BB15_T1,BB,BB15,5.0,300,54,-0.20150173810004704,0.11158743521282531,0.9444444444444444,1.7618807894800616e-18,-0.21116231584255932,0.10107534845335651,0.9629629629629629,3.732670955738159e-21,23035.0,85,"[1, 2, 3, 4, 5, 6, 7, 8, 9, 10, 11, 12, 13, 14, 15, 16, 17, 18, 19, 20, 21, 22, 23, 24, 25, 26, 27, 28, 29, 30, 31, 32, 33, 34, 35, 36, 37, 38, 39, 40, 41, 42, 43, 44, 45, 46, 47, 48, 49, 50, 51, 52, 53, 54, 55, 56, 57, 58, 59, 60, 61, 62, 63, 64, 80, 81, 82, 83, 84, 85]","[65, 66, 67, 68, 69, 70, 71, 72, 73, 74, 75, 76, 77, 78, 79]","[86, 87, 88, 89, 90, 91, 92, 93, 94, 95, 96, 97, 98, 99, 100, 101, 102, 103, 104, 105, 106, 107, 108]",True,7.156624072339161e-17,True,1.3787729190426075e-19,True,development pearson_fdr_reject AND pearson_pct_same_sign >= 0.70 AND abs(mean_pearson_ic) >= 0.05
BB15_T10,BB,BB15,1500.0,300,54,-0.18555236326215419,0.1113129365693851,0.9444444444444444,4.390678522537132e-17,-0.2003723307358321,0.10135111790019452,0.9444444444444444,4.004043656684841e-20,21540.0,85,"[1, 2, 3, 4, 5, 6, 7, 8, 9, 10, 11, 12, 13, 14, 15, 16, 17, 18, 19, 20, 21, 22, 23, 24, 25, 26, 27, 28, 29, 30, 31, 32, 33, 34, 35, 36, 37, 38, 39, 40, 41, 42, 43, 44, 45, 46, 47, 48, 49, 50, 51, 52, 53, 54, 55, 56, 57, 58, 59, 60, 61, 62, 63, 64, 80, 81, 82, 83, 84, 85]","[65, 66, 67, 68, 69, 70, 71, 72, 73, 74, 75, 76, 77, 78, 79]","[86, 87, 88, 89, 90, 91, 92, 93, 94, 95, 96, 97, 98, 99, 100, 101, 102, 103, 104, 105, 106, 107, 108]",True,2.446741015381579e-16,True,4.657902637658628e-19,True,development pearson_fdr_reject AND pearson_pct_same_sign >= 0.70 AND abs(mean_pearson_ic) >= 0.05
BB15_T11,BB,BB15,1800.0,300,54,-0.18499354526224798,0.11437840072838254,0.9444444444444444,1.429477672717512e-16,-0.19876436347929805,0.10157122132078435,0.9629629629629629,6.181818619068679e-20,21240.0,85,"[1, 2, 3, 4, 5, 6, 7, 8, 9, 10, 11, 12, 13, 14, 15, 16, 17, 18, 19, 20, 21, 22, 23, 24, 25, 26, 27, 28, 29, 30, 31, 32, 33, 34, 35, 36, 37, 38, 39, 40, 41, 42, 43, 44, 45, 46, 47, 48, 49, 50, 51, 52, 53, 54, 55, 56, 57, 58, 59, 60, 61, 62, 63, 64, 80, 81, 82, 83, 84, 85]","[65, 66, 67, 68, 69, 70, 71, 72, 73, 74, 75, 76, 77, 78, 79]","[86, 87, 88, 89, 90, 91, 92, 93, 94, 95, 96, 97, 98, 99, 100, 101, 102, 103, 104, 105, 106, 107, 108]",True,6.926851836239838e-16,True,6.57979721473739e-19,True,development pearson_fdr_reject AND pearson_pct_same_sign >= 0.70 AND abs(mean_pearson_ic) >= 0.05
BB15_T12,BB,BB15,3600.0,300,54,-0.18962197159179048,0.10729957086391316,0.9629629629629629,4.2460927082549856e-18,-0.19681386559967567,0.10193369168700309,0.9629629629629629,1.0902754732810318e-19,19440.0,85,"[1, 2, 3, 4, 5, 6, 7, 8, 9, 10, 11, 12, 13, 14, 15, 16, 17, 18, 19, 20, 21, 22, 23, 24, 25, 26, 27, 28, 29, 30, 31, 32, 33, 34, 35, 36, 37, 38, 39, 40, 41, 42, 43, 44, 45, 46, 47, 48, 49, 50, 51, 52, 53, 54, 55, 56, 57, 58, 59, 60, 61, 62, 63, 64, 80, 81, 82, 83, 84, 85]","[65, 66, 67, 68, 69, 70, 71, 72, 73, 74, 75, 76, 77, 78, 79]","[86, 87, 88, 89, 90, 91, 92, 93, 94, 95, 96, 97, 98, 99, 100, 101, 102, 103, 104, 105, 106, 107, 108]",True,8.784185536553094e-17,True,1.0551545546739397e-18,True,development pearson_fdr_reject AND pearson_pct_same_sign >= 0.70 AND abs(mean_pearson_ic) >= 0.05
BB15_T2,BB,BB15,10.0,300,54,-0.2014078002084347,0.11148720601822494,0.9444444444444444,1.7309543340510697e-18,-0.2110733084240394,0.10098362581465824,0.9629629629629629,3.654632906870966e-21,23030.0,85,"[1, 2, 3, 4, 5, 6, 7, 8, 9, 10, 11, 12, 13, 14, 15, 16, 17, 18, 19, 20, 21, 22, 23, 24, 25, 26, 27, 28, 29, 30, 31, 32, 33, 34, 35, 36, 37, 38, 39, 40, 41, 42, 43, 44, 45, 46, 47, 48, 49, 50, 51, 52, 53, 54, 55, 56, 57, 58, 59, 60, 61, 62, 63, 64, 80, 81, 82, 83, 84, 85]","[65, 66, 67, 68, 69, 70, 71, 72, 73, 74, 75, 76, 77, 78, 79]","[86, 87, 88, 89, 90, 91, 92, 93, 94, 95, 96, 97, 98, 99, 100, 101, 102, 103, 104, 105, 106, 107, 108]",True,7.156624072339161e-17,True,1.3787729190426075e-19,True,development pearson_fdr_reject AND pearson_pct_same_sign >= 0.70 AND abs(mean_pearson_ic) >= 0.05
BB15_T3,BB,BB15,30.0,300,54,-0.2010251222546227,0.11112530718419122,0.9444444444444444,1.6378245897079485e-18,-0.21050727577515452,0.1006559666757602,0.9629629629629629,3.5660444357212926e-21,23010.0,85,"[1, 2, 3, 4, 5, 6, 7, 8, 9, 10, 11, 12, 13, 14, 15, 16, 17, 18, 19, 20, 21, 22, 23, 24, 25, 26, 27, 28, 29, 30, 31, 32, 33, 34, 35, 36, 37, 38, 39, 40, 41, 42, 43, 44, 45, 46, 47, 48, 49, 50, 51, 52, 53, 54, 55, 56, 57, 58, 59, 60, 61, 62, 63, 64, 80, 81, 82, 83, 84, 85]","[65, 66, 67, 68, 69, 70, 71, 72, 73, 74, 75, 76, 77, 78, 79]","[86, 87, 88, 89, 90, 91, 92, 93, 94, 95, 96, 97, 98, 99, 100, 101, 102, 103, 104, 105, 106, 107, 108]",True,7.156624072339161e-17,True,1.3787729190426075e-19,True,development pearson_fdr_reject AND pearson_pct_same_sign >= 0.70 AND abs(mean_pearson_ic) >= 0.05
BB15_T4,BB,BB15,60.0,300,54,-0.2006451228758243,0.1108577533723171,0.9444444444444444,1.603378334632928e-18,-0.20991841834061575,0.10040858524682933,0.9629629629629629,3.619210829900868e-21,22980.0,85,"[1, 2, 3, 4, 5, 6, 7, 8, 9, 10, 11, 12, 13, 14, 15, 16, 17, 18, 19, 20, 21, 22, 23, 24, 25, 26, 27, 28, 29, 30, 31, 32, 33, 34, 35, 36, 37, 38, 39, 40, 41, 42, 43, 44, 45, 46, 47, 48, 49, 50, 51, 52, 53, 54, 55, 56, 57, 58, 59, 60, 61, 62, 63, 64, 80, 81, 82, 83, 84, 85]","[65, 66, 67, 68, 69, 70, 71, 72, 73, 74, 75, 76, 77, 78, 79]","[86, 87, 88, 89, 90, 91, 92, 93, 94, 95, 96, 97, 98, 99, 100, 101, 102, 103, 104, 105, 106, 107, 108]",True,7.156624072339161e-17,True,1.3787729190426075e-19,True,development pearson_fdr_reject AND pearson_pct_same_sign >= 0.70 AND abs(mean_pearson_ic) >= 0.05
BB15_T5,BB,BB15,90.0,300,54,-0.2001741856680506,0.11067690333734372,0.9444444444444444,1.6512178854857929e-18,-0.20936608581577337,0.10022810715524148,0.9629629629629629,3.75302546754984e-21,22950.0,85,"[1, 2, 3, 4, 5, 6, 7, 8, 9, 10, 11, 12, 13, 14, 15, 16, 17, 18, 19, 20, 21, 22, 23, 24, 25, 26, 27, 28, 29, 30, 31, 32, 33, 34, 35, 36, 37, 38, 39, 40, 41, 42, 43, 44, 45, 46, 47, 48, 49, 50, 51, 52, 53, 54, 55, 56, 57, 58, 59, 60, 61, 62, 63, 64, 80, 81, 82, 83, 84, 85]","[65, 66, 67, 68, 69, 70, 71, 72, 73, 74, 75, 76, 77, 78, 79]","[86, 87, 88, 89, 90, 91, 92, 93, 94, 95, 96, 97, 98, 99, 100, 101, 102, 103, 104, 105, 106, 107, 108]",True,7.156624072339161e-17,True,1.3787729190426075e-19,True,development pearson_fdr_reject AND pearson_pct_same_sign >= 0.70 AND abs(mean_pearson_ic) >= 0.05
BB15_T6,BB,BB15,120.0,300,54,-0.19943426324087443,0.11051413169439986,0.9444444444444444,1.8092831059424125e-18,-0.20860367038768354,0.1001449274095979,0.9629629629629629,4.241517248336688e-21,22920.0,85,"[1, 2, 3, 4, 5, 6, 7, 8, 9, 10, 11, 12, 13, 14, 15, 16, 17, 18, 19, 20, 21, 22, 23, 24, 25, 26, 27, 28, 29, 30, 31, 32, 33, 34, 35, 36, 37, 38, 39, 40, 41, 42, 43, 44, 45, 46, 47, 48, 49, 50, 51, 52, 53, 54, 55, 56, 57, 58, 59, 60, 61, 62, 63, 64, 80, 81, 82, 83, 84, 85]","[65, 66, 67, 68, 69, 70, 71, 72, 73, 74, 75, 76, 77, 78, 79]","[86, 87, 88, 89, 90, 91, 92, 93, 94, 95, 96, 97, 98, 99, 100, 101, 102, 103, 104, 105, 106, 107, 108]",True,7.156624072339161e-17,True,1.3787729190426075e-19,True,development pearson_fdr_reject AND pearson_pct_same_sign >= 0.70 AND abs(mean_pearson_ic) >= 0.05
BB15_T7,BB,BB15,300.0,300,54,-0.19652684505551277,0.11233610310836771,0.9444444444444444,6.390392583432085e-18,-0.20536635448381235,0.10145871182979449,0.9444444444444444,1.46266345697753e-20,22740.0,85,"[1, 2, 3, 4, 5, 6, 7, 8, 9, 10, 11, 12, 13, 14, 15, 16, 17, 18, 19, 20, 21, 22, 23, 24, 25, 26, 27, 28, 29, 30, 31, 32, 33, 34, 35, 36, 37, 38, 39, 40, 41, 42, 43, 44, 45, 46, 47, 48, 49, 50, 51, 52, 53, 54, 55, 56, 57, 58, 59, 60, 61, 62, 63, 64, 80, 81, 82, 83, 84, 85]","[65, 66, 67, 68, 69, 70, 71, 72, 73, 74, 75, 76, 77, 78, 79]","[86, 87, 88, 89, 90, 91, 92, 93, 94, 95, 96, 97, 98, 99, 100, 101, 102, 103, 104, 105, 106, 107, 108]",True,8.784185536553094e-17,True,2.339584372156188e-19,True,development pearson_fdr_reject AND pearson_pct_same_sign >= 0.70 AND abs(mean_pearson_ic) >= 0.05
BB15_T8,BB,BB15,600.0,300,54,-0.19201910135026717,0.11033650920833946,0.9444444444444444,7.894620587251901e-18,-0.20222820389440732,0.09958785928453857,0.9444444444444444,1.2740535340945859e-20,22440.0,85,"[1, 2, 3, 4, 5, 6, 7, 8, 9, 10, 11, 12, 13, 14, 15, 16, 17, 18, 19, 20, 21, 22, 23, 24, 25, 26, 27, 28, 29, 30, 31, 32, 33, 34, 35, 36, 37, 38, 39, 40, 41, 42, 43, 44, 45, 46, 47, 48, 49, 50, 51, 52, 53, 54, 55, 56, 57, 58, 59, 60, 61, 62, 63, 64, 80, 81, 82, 83, 84, 85]","[65, 66, 67, 68, 69, 70, 71, 72, 73, 74, 75, 76, 77, 78, 79]","[86, 87, 88, 89, 90, 91, 92, 93, 94, 95, 96, 97, 98, 99, 100, 101, 102, 103, 104, 105, 106, 107, 108]",True,9.27282404543955e-17,True,2.1122659702751248e-19,True,development pearson_fdr_reject AND pearson_pct_same_sign >= 0.70 AND abs(mean_pearson_ic) >= 0.05
BB15_T9,BB,BB15,900.0,300,54,-0.18939849051016935,0.11415216540234963,0.9444444444444444,5.277014918115361e-17,-0.19980862502180752,0.10019100344791902,0.9444444444444444,2.763938286353745e-20,22140.0,85,"[1, 2, 3, 4, 5, 6, 7, 8, 9, 10, 11, 12, 13, 14, 15, 16, 17, 18, 19, 20, 21, 22, 23, 24, 25, 26, 27, 28, 29, 30, 31, 32, 33, 34, 35, 36, 37, 38, 39, 40, 41, 42, 43, 44, 45, 46, 47, 48, 49, 50, 51, 52, 53, 54, 55, 56, 57, 58, 59, 60, 61, 62, 63, 64, 80, 81, 82, 83, 84, 85]","[65, 66, 67, 68, 69, 70, 71, 72, 73, 74, 75, 76, 77, 78, 79]","[86, 87, 88, 89, 90, 91, 92, 93, 94, 95, 96, 97, 98, 99, 100, 101, 102, 103, 104, 105, 106, 107, 108]",True,2.8266800840447397e-16,True,3.4851849559679522e-19,True,development pearson_fdr_reject AND pearson_pct_same_sign >= 0.70 AND abs(mean_pearson_ic) >= 0.05
BB16,BB,BB16,,300,54,-0.19435654735093652,0.10781404275915486,0.9629629629629629,1.889123406747025e-18,-0.1696683153977913,0.09127267340686239,0.9629629629629629,5.329574956387461e-19,23040.0,85,"[1, 2, 3, 4, 5, 6, 7, 8, 9, 10, 11, 12, 13, 14, 15, 16, 17, 18, 19, 20, 21, 22, 23, 24, 25, 26, 27, 28, 29, 30, 31, 32, 33, 34, 35, 36, 37, 38, 39, 40, 41, 42, 43, 44, 45, 46, 47, 48, 49, 50, 51, 52, 53, 54, 55, 56, 57, 58, 59, 60, 61, 62, 63, 64, 80, 81, 82, 83, 84, 85]","[65, 66, 67, 68, 69, 70, 71, 72, 73, 74, 75, 76, 77, 78, 79]","[86, 87, 88, 89, 90, 91, 92, 93, 94, 95, 96, 97, 98, 99, 100, 101, 102, 103, 104, 105, 106, 107, 108]",True,7.172441066275793e-17,True,4.3326309351338065e-18,True,development pearson_fdr_reject AND pearson_pct_same_sign >= 0.70 AND abs(mean_pearson_ic) >= 0.05
BB17,BB,BB17,,300,54,-0.19248621086680406,0.10707469240439008,0.9629629629629629,2.117357515930085e-18,-0.18192275320533224,0.0856709015502028,0.9814814814814815,1.834098806913197e-21,23040.0,85,"[1, 2, 3, 4, 5, 6, 7, 8, 9, 10, 11, 12, 13, 14, 15, 16, 17, 18, 19, 20, 21, 22, 23, 24, 25, 26, 27, 28, 29, 30, 31, 32, 33, 34, 35, 36, 37, 38, 39, 40, 41, 42, 43, 44, 45, 46, 47, 48, 49, 50, 51, 52, 53, 54, 55, 56, 57, 58, 59, 60, 61, 62, 63, 64, 80, 81, 82, 83, 84, 85]","[65, 66, 67, 68, 69, 70, 71, 72, 73, 74, 75, 76, 77, 78, 79]","[86, 87, 88, 89, 90, 91, 92, 93, 94, 95, 96, 97, 98, 99, 100, 101, 102, 103, 104, 105, 106, 107, 108]",True,7.782415125040898e-17,True,1.3787729190426075e-19,True,development pearson_fdr_reject AND pearson_pct_same_sign >= 0.70 AND abs(mean_pearson_ic) >= 0.05
BB18,BB,BB18,,300,54,-0.17904601547773338,0.12143633057732965,0.9444444444444444,4.734803437550695e-15,-0.16351658747425216,0.09022024859451913,0.9629629629629629,1.5157304357230627e-18,23040.0,85,"[1, 2, 3, 4, 5, 6, 7, 8, 9, 10, 11, 12, 13, 14, 15, 16, 17, 18, 19, 20, 21, 22, 23, 24, 25, 26, 27, 28, 29, 30, 31, 32, 33, 34, 35, 36, 37, 38, 39, 40, 41, 42, 43, 44, 45, 46, 47, 48, 49, 50, 51, 52, 53, 54, 55, 56, 57, 58, 59, 60, 61, 62, 63, 64, 80, 81, 82, 83, 84, 85]","[65, 66, 67, 68, 69, 70, 71, 72, 73, 74, 75, 76, 77, 78, 79]","[86, 87, 88, 89, 90, 91, 92, 93, 94, 95, 96, 97, 98, 99, 100, 101, 102, 103, 104, 105, 106, 107, 108]",True,1.9336579050517318e-14,True,1.1310688240654819e-17,True,development pearson_fdr_reject AND pearson_pct_same_sign >= 0.70 AND abs(mean_pearson_ic) >= 0.05
BB19,BB,BB19,,300,54,-0.1368860169566849,0.11270844643279353,0.9074074074074074,3.843792543996509e-12,-0.13128768592986675,0.12322970460888817,0.7962962962962963,2.1001966620668265e-10,23040.0,85,"[1, 2, 3, 4, 5, 6, 7, 8, 9, 10, 11, 12, 13, 14, 15, 16, 17, 18, 19, 20, 21, 22, 23, 24, 25, 26, 27, 28, 29, 30, 31, 32, 33, 34, 35, 36, 37, 38, 39, 40, 41, 42, 43, 44, 45, 46, 47, 48, 49, 50, 51, 52, 53, 54, 55, 56, 57, 58, 59, 60, 61, 62, 63, 64, 80, 81, 82, 83, 84, 85]","[65, 66, 67, 68, 69, 70, 71, 72, 73, 74, 75, 76, 77, 78, 79]","[86, 87, 88, 89, 90, 91, 92, 93, 94, 95, 96, 97, 98, 99, 100, 101, 102, 103, 104, 105, 106, 107, 108]",True,1.529988852477873e-11,True,7.480597389114315e-10,True,development pearson_fdr_reject AND pearson_pct_same_sign >= 0.70 AND abs(mean_pearson_ic) >= 0.05
BB1_T1,BB,BB1,5.0,300,54,-0.20165942260054745,0.11176208772808763,0.9444444444444444,1.819194235567177e-18,-0.2114222737383875,0.101285734600815,0.9629629629629629,3.872898219732322e-21,23040.0,85,"[1, 2, 3, 4, 5, 6, 7, 8, 9, 10, 11, 12, 13, 14, 15, 16, 17, 18, 19, 20, 21, 22, 23, 24, 25, 26, 27, 28, 29, 30, 31, 32, 33, 34, 35, 36, 37, 38, 39, 40, 41, 42, 43, 44, 45, 46, 47, 48, 49, 50, 51, 52, 53, 54, 55, 56, 57, 58, 59, 60, 61, 62, 63, 64, 80, 81, 82, 83, 84, 85]","[65, 66, 67, 68, 69, 70, 71, 72, 73, 74, 75, 76, 77, 78, 79]","[86, 87, 88, 89, 90, 91, 92, 93, 94, 95, 96, 97, 98, 99, 100, 101, 102, 103, 104, 105, 106, 107, 108]",True,7.156624072339161e-17,True,1.3787729190426075e-19,True,development pearson_fdr_reject AND pearson_pct_same_sign >= 0.70 AND abs(mean_pearson_ic) >= 0.05
BB1_T10,BB,BB1,1500.0,300,54,-0.18231201663842847,0.10193700768519837,0.9629629629629629,2.6110442539064113e-18,-0.18884903581584034,0.09180943377201901,0.9629629629629629,7.31441853655753e-21,23040.0,85,"[1, 2, 3, 4, 5, 6, 7, 8, 9, 10, 11, 12, 13, 14, 15, 16, 17, 18, 19, 20, 21, 22, 23, 24, 25, 26, 27, 28, 29, 30, 31, 32, 33, 34, 35, 36, 37, 38, 39, 40, 41, 42, 43, 44, 45, 46, 47, 48, 49, 50, 51, 52, 53, 54, 55, 56, 57, 58, 59, 60, 61, 62, 63, 64, 80, 81, 82, 83, 84, 85]","[65, 66, 67, 68, 69, 70, 71, 72, 73, 74, 75, 76, 77, 78, 79]","[86, 87, 88, 89, 90, 91, 92, 93, 94, 95, 96, 97, 98, 99, 100, 101, 102, 103, 104, 105, 106, 107, 108]",True,8.784185536553094e-17,True,1.5762215343687374e-19,True,development pearson_fdr_reject AND pearson_pct_same_sign >= 0.70 AND abs(mean_pearson_ic) >= 0.05
BB1_T11,BB,BB1,1800.0,300,54,-0.18067567475124785,0.10178879487014865,0.9629629629629629,3.552137248331631e-18,-0.18734055118779794,0.09016672954655078,0.9629629629629629,4.737665675267175e-21,23040.0,85,"[1, 2, 3, 4, 5, 6, 7, 8, 9, 10, 11, 12, 13, 14, 15, 16, 17, 18, 19, 20, 21, 22, 23, 24, 25, 26, 27, 28, 29, 30, 31, 32, 33, 34, 35, 36, 37, 38, 39, 40, 41, 42, 43, 44, 45, 46, 47, 48, 49, 50, 51, 52, 53, 54, 55, 56, 57, 58, 59, 60, 61, 62, 63, 64, 80, 81, 82, 83, 84, 85]","[65, 66, 67, 68, 69, 70, 71, 72, 73, 74, 75, 76, 77, 78, 79]","[86, 87, 88, 89, 90, 91, 92, 93, 94, 95, 96, 97, 98, 99, 100, 101, 102, 103, 104, 105, 106, 107, 108]",True,8.784185536553094e-17,True,1.3787729190426075e-19,True,development pearson_fdr_reject AND pearson_pct_same_sign >= 0.70 AND abs(mean_pearson_ic) >= 0.05
BB1_T12,BB,BB1,3600.0,300,54,-0.1748879228708241,0.10089713848346862,0.9629629629629629,9.278736884238377e-18,-0.17857416859870354,0.0862634925058132,0.9629629629629629,5.55427981738955e-21,23040.0,85,"[1, 2, 3, 4, 5, 6, 7, 8, 9, 10, 11, 12, 13, 14, 15, 16, 17, 18, 19, 20, 21, 22, 23, 24, 25, 26, 27, 28, 29, 30, 31, 32, 33, 34, 35, 36, 37, 38, 39, 40, 41, 42, 43, 44, 45, 46, 47, 48, 49, 50, 51, 52, 53, 54, 55, 56, 57, 58, 59, 60, 61, 62, 63, 64, 80, 81, 82, 83, 84, 85]","[65, 66, 67, 68, 69, 70, 71, 72, 73, 74, 75, 76, 77, 78, 79]","[86, 87, 88, 89, 90, 91, 92, 93, 94, 95, 96, 97, 98, 99, 100, 101, 102, 103, 104, 105, 106, 107, 108]",True,9.40118355866381e-17,True,1.3993869020002288e-19,True,development pearson_fdr_reject AND pearson_pct_same_sign >= 0.70 AND abs(mean_pearson_ic) >= 0.05
BB1_T2,BB,BB1,10.0,300,54,-0.20154001295404184,0.11170730547939334,0.9444444444444444,1.826809134605931e-18,-0.21116695584587286,0.10124047447152175,0.9629629629629629,4.003093859646224e-21,23040.0,85,"[1, 2, 3, 4, 5, 6, 7, 8, 9, 10, 11, 12, 13, 14, 15, 16, 17, 18, 19, 20, 21, 22, 23, 24, 25, 26, 27, 28, 29, 30, 31, 32, 33, 34, 35, 36, 37, 38, 39, 40, 41, 42, 43, 44, 45, 46, 47, 48, 49, 50, 51, 52, 53, 54, 55, 56, 57, 58, 59, 60, 61, 62, 63, 64, 80, 81, 82, 83, 84, 85]","[65, 66, 67, 68, 69, 70, 71, 72, 73, 74, 75, 76, 77, 78, 79]","[86, 87, 88, 89, 90, 91, 92, 93, 94, 95, 96, 97, 98, 99, 100, 101, 102, 103, 104, 105, 106, 107, 108]",True,7.156624072339161e-17,True,1.3787729190426075e-19,True,development pearson_fdr_reject AND pearson_pct_same_sign >= 0.70 AND abs(mean_pearson_ic) >= 0.05
BB1_T3,BB,BB1,30.0,300,54,-0.20111077490186233,0.11148513178596539,0.9444444444444444,1.837399560271558e-18,-0.2103072532520699,0.1010658208620828,0.9629629629629629,4.433488469545436e-21,23040.0,85,"[1, 2, 3, 4, 5, 6, 7, 8, 9, 10, 11, 12, 13, 14, 15, 16, 17, 18, 19, 20, 21, 22, 23, 24, 25, 26, 27, 28, 29, 30, 31, 32, 33, 34, 35, 36, 37, 38, 39, 40, 41, 42, 43, 44, 45, 46, 47, 48, 49, 50, 51, 52, 53, 54, 55, 56, 57, 58, 59, 60, 61, 62, 63, 64, 80, 81, 82, 83, 84, 85]","[65, 66, 67, 68, 69, 70, 71, 72, 73, 74, 75, 76, 77, 78, 79]","[86, 87, 88, 89, 90, 91, 92, 93, 94, 95, 96, 97, 98, 99, 100, 101, 102, 103, 104, 105, 106, 107, 108]",True,7.156624072339161e-17,True,1.3787729190426075e-19,True,development pearson_fdr_reject AND pearson_pct_same_sign >= 0.70 AND abs(mean_pearson_ic) >= 0.05
BB1_T4,BB,BB1,60.0,300,54,-0.2005966125715027,0.11115491933073512,0.9444444444444444,1.807075395327846e-18,-0.20918345093139332,0.10078589220166774,0.9444444444444444,4.959235477037441e-21,23040.0,85,"[1, 2, 3, 4, 5, 6, 7, 8, 9, 10, 11, 12, 13, 14, 15, 16, 17, 18, 19, 20, 21, 22, 23, 24, 25, 26, 27, 28, 29, 30, 31, 32, 33, 34, 35, 36, 37, 38, 39, 40, 41, 42, 43, 44, 45, 46, 47, 48, 49, 50, 51, 52, 53, 54, 55, 56, 57, 58, 59, 60, 61, 62, 63, 64, 80, 81, 82, 83, 84, 85]","[65, 66, 67, 68, 69, 70, 71, 72, 73, 74, 75, 76, 77, 78, 79]","[86, 87, 88, 89, 90, 91, 92, 93, 94, 95, 96, 97, 98, 99, 100, 101, 102, 103, 104, 105, 106, 107, 108]",True,7.156624072339161e-17,True,1.3787729190426075e-19,True,development pearson_fdr_reject AND pearson_pct_same_sign >= 0.70 AND abs(mean_pearson_ic) >= 0.05
BB1_T5,BB,BB1,90.0,300,54,-0.20025459205120288,0.11079624912546429,0.9444444444444444,1.6976123375335954e-18,-0.20824000568064294,0.10046785783518052,0.9444444444444444,5.260228748400657e-21,23040.0,85,"[1, 2, 3, 4, 5, 6, 7, 8, 9, 10, 11, 12, 13, 14, 15, 16, 17, 18, 19, 20, 21, 22, 23, 24, 25, 26, 27, 28, 29, 30, 31, 32, 33, 34, 35, 36, 37, 38, 39, 40, 41, 42, 43, 44, 45, 46, 47, 48, 49, 50, 51, 52, 53, 54, 55, 56, 57, 58, 59, 60, 61, 62, 63, 64, 80, 81, 82, 83, 84, 85]","[65, 66, 67, 68, 69, 70, 71, 72, 73, 74, 75, 76, 77, 78, 79]","[86, 87, 88, 89, 90, 91, 92, 93, 94, 95, 96, 97, 98, 99, 100, 101, 102, 103, 104, 105, 106, 107, 108]",True,7.156624072339161e-17,True,1.3787729190426075e-19,True,development pearson_fdr_reject AND pearson_pct_same_sign >= 0.70 AND abs(mean_pearson_ic) >= 0.05
BB1_T6,BB,BB1,120.0,300,54,-0.19997400918589853,0.11051631171130177,0.9444444444444444,1.6209357403784545e-18,-0.20744598681521625,0.10022559607626004,0.9444444444444444,5.590509179255959e-21,23040.0,85,"[1, 2, 3, 4, 5, 6, 7, 8, 9, 10, 11, 12, 13, 14, 15, 16, 17, 18, 19, 20, 21, 22, 23, 24, 25, 26, 27, 28, 29, 30, 31, 32, 33, 34, 35, 36, 37, 38, 39, 40, 41, 42, 43, 44, 45, 46, 47, 48, 49, 50, 51, 52, 53, 54, 55, 56, 57, 58, 59, 60, 61, 62, 63, 64, 80, 81, 82, 83, 84, 85]","[65, 66, 67, 68, 69, 70, 71, 72, 73, 74, 75, 76, 77, 78, 79]","[86, 87, 88, 89, 90, 91, 92, 93, 94, 95, 96, 97, 98, 99, 100, 101, 102, 103, 104, 105, 106, 107, 108]",True,7.156624072339161e-17,True,1.3993869020002288e-19,True,development pearson_fdr_reject AND pearson_pct_same_sign >= 0.70 AND abs(mean_pearson_ic) >= 0.05
BB1_T7,BB,BB1,300.0,300,54,-0.19746384352660673,0.10994980705307332,0.9444444444444444,2.2026463190531114e-18,-0.20236552570436342,0.10037431649504182,0.9444444444444444,1.7346328237266194e-20,23040.0,85,"[1, 2, 3, 4, 5, 6, 7, 8, 9, 10, 11, 12, 13, 14, 15, 16, 17, 18, 19, 20, 21, 22, 23, 24, 25, 26, 27, 28, 29, 30, 31, 32, 33, 34, 35, 36, 37, 38, 39, 40, 41, 42, 43, 44, 45, 46, 47, 48, 49, 50, 51, 52, 53, 54, 55, 56, 57, 58, 59, 60, 61, 62, 63, 64, 80, 81, 82, 83, 84, 85]","[65, 66, 67, 68, 69, 70, 71, 72, 73, 74, 75, 76, 77, 78, 79]","[86, 87, 88, 89, 90, 91, 92, 93, 94, 95, 96, 97, 98, 99, 100, 101, 102, 103, 104, 105, 106, 107, 108]",True,8.010676876135262e-17,True,2.477173946163925e-19,True,development pearson_fdr_reject AND pearson_pct_same_sign >= 0.70 AND abs(mean_pearson_ic) >= 0.05
BB1_T8,BB,BB1,600.0,300,54,-0.19200673086848533,0.10853998336725759,0.9444444444444444,4.076639484964352e-18,-0.1950676529732512,0.10131239405696194,0.9444444444444444,1.2266889083083622e-19,23040.0,85,"[1, 2, 3, 4, 5, 6, 7, 8, 9, 10, 11, 12, 13, 14, 15, 16, 17, 18, 19, 20, 21, 22, 23, 24, 25, 26, 27, 28, 29, 30, 31, 32, 33, 34, 35, 36, 37, 38, 39, 40, 41, 42, 43, 44, 45, 46, 47, 48, 49, 50, 51, 52, 53, 54, 55, 56, 57, 58, 59, 60, 61, 62, 63, 64, 80, 81, 82, 83, 84, 85]","[65, 66, 67, 68, 69, 70, 71, 72, 73, 74, 75, 76, 77, 78, 79]","[86, 87, 88, 89, 90, 91, 92, 93, 94, 95, 96, 97, 98, 99, 100, 101, 102, 103, 104, 105, 106, 107, 108]",True,8.784185536553094e-17,True,1.1700634298799756e-18,True,development pearson_fdr_reject AND pearson_pct_same_sign >= 0.70 AND abs(mean_pearson_ic) >= 0.05
BB1_T9,BB,BB1,900.0,300,54,-0.1884345764607858,0.10615368040444752,0.9444444444444444,3.5435630870606575e-18,-0.1925403331851046,0.0994065317915885,0.9444444444444444,9.545462258989467e-20,23040.0,85,"[1, 2, 3, 4, 5, 6, 7, 8, 9, 10, 11, 12, 13, 14, 15, 16, 17, 18, 19, 20, 21, 22, 23, 24, 25, 26, 27, 28, 29, 30, 31, 32, 33, 34, 35, 36, 37, 38, 39, 40, 41, 42, 43, 44, 45, 46, 47, 48, 49, 50, 51, 52, 53, 54, 55, 56, 57, 58, 59, 60, 61, 62, 63, 64, 80, 81, 82, 83, 84, 85]","[65, 66, 67, 68, 69, 70, 71, 72, 73, 74, 75, 76, 77, 78, 79]","[86, 87, 88, 89, 90, 91, 92, 93, 94, 95, 96, 97, 98, 99, 100, 101, 102, 103, 104, 105, 106, 107, 108]",True,8.784185536553094e-17,True,9.504199453835334e-19,True,development pearson_fdr_reject AND pearson_pct_same_sign >= 0.70 AND abs(mean_pearson_ic) >= 0.05
BB20,BB,BB20,,300,54,-0.1222995787691085,0.1432088219507552,0.8333333333333334,6.576667918595986e-08,-0.09078103897311329,0.11020369381255417,0.7962962962962963,1.4888762488252123e-07,23040.0,85,"[1, 2, 3, 4, 5, 6, 7, 8, 9, 10, 11, 12, 13, 14, 15, 16, 17, 18, 19, 20, 21, 22, 23, 24, 25, 26, 27, 28, 29, 30, 31, 32, 33, 34, 35, 36, 37, 38, 39, 40, 41, 42, 43, 44, 45, 46, 47, 48, 49, 50, 51, 52, 53, 54, 55, 56, 57, 58, 59, 60, 61, 62, 63, 64, 80, 81, 82, 83, 84, 85]","[65, 66, 67, 68, 69, 70, 71, 72, 73, 74, 75, 76, 77, 78, 79]","[86, 87, 88, 89, 90, 91, 92, 93, 94, 95, 96, 97, 98, 99, 100, 101, 102, 103, 104, 105, 106, 107, 108]",True,2.304501790948188e-07,True,4.0890838153347446e-07,True,development pearson_fdr_reject AND pearson_pct_same_sign >= 0.70 AND abs(mean_pearson_ic) >= 0.05
BB21,BB,BB21,,300,54,-0.09043099755537806,0.1371159562988246,0.7222222222222222,1.1371874569382992e-05,-0.08208049613121429,0.15287378456436976,0.6481481481481481,0.00023562974022444682,23040.0,85,"[1, 2, 3, 4, 5, 6, 7, 8, 9, 10, 11, 12, 13, 14, 15, 16, 17, 18, 19, 20, 21, 22, 23, 24, 25, 26, 27, 28, 29, 30, 31, 32, 33, 34, 35, 36, 37, 38, 39, 40, 41, 42, 43, 44, 45, 46, 47, 48, 49, 50, 51, 52, 53, 54, 55, 56, 57, 58, 59, 60, 61, 62, 63, 64, 80, 81, 82, 83, 84, 85]","[65, 66, 67, 68, 69, 70, 71, 72, 73, 74, 75, 76, 77, 78, 79]","[86, 87, 88, 89, 90, 91, 92, 93, 94, 95, 96, 97, 98, 99, 100, 101, 102, 103, 104, 105, 106, 107, 108]",True,3.304442946780339e-05,True,0.000453538023663211,True,development pearson_fdr_reject AND pearson_pct_same_sign >= 0.70 AND abs(mean_pearson_ic) >= 0.05
BB26,BB,BB26,,300,54,-0.1411924862663288,0.1063568777780749,0.9074074074074074,1.986082327856568e-13,-0.15404523935620298,0.0980546584093147,0.9444444444444444,4.3801080591093146e-16,23040.0,85,"[1, 2, 3, 4, 5, 6, 7, 8, 9, 10, 11, 12, 13, 14, 15, 16, 17, 18, 19, 20, 21, 22, 23, 24, 25, 26, 27, 28, 29, 30, 31, 32, 33, 34, 35, 36, 37, 38, 39, 40, 41, 42, 43, 44, 45, 46, 47, 48, 49, 50, 51, 52, 53, 54, 55, 56, 57, 58, 59, 60, 61, 62, 63, 64, 80, 81, 82, 83, 84, 85]","[65, 66, 67, 68, 69, 70, 71, 72, 73, 74, 75, 76, 77, 78, 79]","[86, 87, 88, 89, 90, 91, 92, 93, 94, 95, 96, 97, 98, 99, 100, 101, 102, 103, 104, 105, 106, 107, 108]",True,7.969703185533615e-13,True,2.338991243311079e-15,True,development pearson_fdr_reject AND pearson_pct_same_sign >= 0.70 AND abs(mean_pearson_ic) >= 0.05
BB3_T12,BB,BB3,3600.0,300,54,-0.05699372457850297,0.11499463133402381,0.7407407407407407,0.0006152774000571902,-0.05752274944688273,0.11189679168983858,0.7777777777777778,0.00040251830545480927,23040.0,85,"[1, 2, 3, 4, 5, 6, 7, 8, 9, 10, 11, 12, 13, 14, 15, 16, 17, 18, 19, 20, 21, 22, 23, 24, 25, 26, 27, 28, 29, 30, 31, 32, 33, 34, 35, 36, 37, 38, 39, 40, 41, 42, 43, 44, 45, 46, 47, 48, 49, 50, 51, 52, 53, 54, 55, 56, 57, 58, 59, 60, 61, 62, 63, 64, 80, 81, 82, 83, 84, 85]","[65, 66, 67, 68, 69, 70, 71, 72, 73, 74, 75, 76, 77, 78, 79]","[86, 87, 88, 89, 90, 91, 92, 93, 94, 95, 96, 97, 98, 99, 100, 101, 102, 103, 104, 105, 106, 107, 108]",True,0.0013723585650081292,True,0.0007452844294460697,True,development pearson_fdr_reject AND pearson_pct_same_sign >= 0.70 AND abs(mean_pearson_ic) >= 0.05
BB4_T1,BB,BB4,5.0,300,54,-0.20163073797730144,0.11169335963445956,0.9444444444444444,1.7843060815203563e-18,-0.21138238842987836,0.10122599736695762,0.9629629629629629,3.8059775814357926e-21,23036.0,85,"[1, 2, 3, 4, 5, 6, 7, 8, 9, 10, 11, 12, 13, 14, 15, 16, 17, 18, 19, 20, 21, 22, 23, 24, 25, 26, 27, 28, 29, 30, 31, 32, 33, 34, 35, 36, 37, 38, 39, 40, 41, 42, 43, 44, 45, 46, 47, 48, 49, 50, 51, 52, 53, 54, 55, 56, 57, 58, 59, 60, 61, 62, 63, 64, 80, 81, 82, 83, 84, 85]","[65, 66, 67, 68, 69, 70, 71, 72, 73, 74, 75, 76, 77, 78, 79]","[86, 87, 88, 89, 90, 91, 92, 93, 94, 95, 96, 97, 98, 99, 100, 101, 102, 103, 104, 105, 106, 107, 108]",True,7.156624072339161e-17,True,1.3787729190426075e-19,True,development pearson_fdr_reject AND pearson_pct_same_sign >= 0.70 AND abs(mean_pearson_ic) >= 0.05
BB4_T10,BB,BB4,1500.0,300,54,-0.17571912742022264,0.10773045460569108,0.9444444444444444,1.0292992365167012e-16,-0.1856402137405333,0.097286279906179,0.9444444444444444,1.7895168862230314e-19,21541.0,85,"[1, 2, 3, 4, 5, 6, 7, 8, 9, 10, 11, 12, 13, 14, 15, 16, 17, 18, 19, 20, 21, 22, 23, 24, 25, 26, 27, 28, 29, 30, 31, 32, 33, 34, 35, 36, 37, 38, 39, 40, 41, 42, 43, 44, 45, 46, 47, 48, 49, 50, 51, 52, 53, 54, 55, 56, 57, 58, 59, 60, 61, 62, 63, 64, 80, 81, 82, 83, 84, 85]","[65, 66, 67, 68, 69, 70, 71, 72, 73, 74, 75, 76, 77, 78, 79]","[86, 87, 88, 89, 90, 91, 92, 93, 94, 95, 96, 97, 98, 99, 100, 101, 102, 103, 104, 105, 106, 107, 108]",True,5.153954872703193e-16,True,1.6185290162043387e-18,True,development pearson_fdr_reject AND pearson_pct_same_sign >= 0.70 AND abs(mean_pearson_ic) >= 0.05
BB4_T11,BB,BB4,1800.0,300,54,-0.1747554534519716,0.11132836636584385,0.9444444444444444,4.519029573830478e-16,-0.18310129461328126,0.09712131350207241,0.9629629629629629,2.965853788072339e-19,21241.0,85,"[1, 2, 3, 4, 5, 6, 7, 8, 9, 10, 11, 12, 13, 14, 15, 16, 17, 18, 19, 20, 21, 22, 23, 24, 25, 26, 27, 28, 29, 30, 31, 32, 33, 34, 35, 36, 37, 38, 39, 40, 41, 42, 43, 44, 45, 46, 47, 48, 49, 50, 51, 52, 53, 54, 55, 56, 57, 58, 59, 60, 61, 62, 63, 64, 80, 81, 82, 83, 84, 85]","[65, 66, 67, 68, 69, 70, 71, 72, 73, 74, 75, 76, 77, 78, 79]","[86, 87, 88, 89, 90, 91, 92, 93, 94, 95, 96, 97, 98, 99, 100, 101, 102, 103, 104, 105, 106, 107, 108]",True,1.9664039266478968e-15,True,2.5255680394629352e-18,True,development pearson_fdr_reject AND pearson_pct_same_sign >= 0.70 AND abs(mean_pearson_ic) >= 0.05
BB4_T12,BB,BB4,3600.0,300,54,-0.17524604607936764,0.10082766555649711,0.9629629629629629,8.312603613111336e-18,-0.17650985870905928,0.09216325227968422,0.9629629629629629,1.5344583609790513e-19,19441.0,85,"[1, 2, 3, 4, 5, 6, 7, 8, 9, 10, 11, 12, 13, 14, 15, 16, 17, 18, 19, 20, 21, 22, 23, 24, 25, 26, 27, 28, 29, 30, 31, 32, 33, 34, 35, 36, 37, 38, 39, 40, 41, 42, 43, 44, 45, 46, 47, 48, 49, 50, 51, 52, 53, 54, 55, 56, 57, 58, 59, 60, 61, 62, 63, 64, 80, 81, 82, 83, 84, 85]","[65, 66, 67, 68, 69, 70, 71, 72, 73, 74, 75, 76, 77, 78, 79]","[86, 87, 88, 89, 90, 91, 92, 93, 94, 95, 96, 97, 98, 99, 100, 101, 102, 103, 104, 105, 106, 107, 108]",True,9.27680208087015e-17,True,1.417527710476637e-18,True,development pearson_fdr_reject AND pearson_pct_same_sign >= 0.70 AND abs(mean_pearson_ic) >= 0.05
BB4_T2,BB,BB4,10.0,300,54,-0.20149891802548456,0.11155991368516704,0.9444444444444444,1.7451690308093458e-18,-0.2111193798539048,0.1010993922812255,0.9629629629629629,3.804904119440431e-21,23031.0,85,"[1, 2, 3, 4, 5, 6, 7, 8, 9, 10, 11, 12, 13, 14, 15, 16, 17, 18, 19, 20, 21, 22, 23, 24, 25, 26, 27, 28, 29, 30, 31, 32, 33, 34, 35, 36, 37, 38, 39, 40, 41, 42, 43, 44, 45, 46, 47, 48, 49, 50, 51, 52, 53, 54, 55, 56, 57, 58, 59, 60, 61, 62, 63, 64, 80, 81, 82, 83, 84, 85]","[65, 66, 67, 68, 69, 70, 71, 72, 73, 74, 75, 76, 77, 78, 79]","[86, 87, 88, 89, 90, 91, 92, 93, 94, 95, 96, 97, 98, 99, 100, 101, 102, 103, 104, 105, 106, 107, 108]",True,7.156624072339161e-17,True,1.3787729190426075e-19,True,development pearson_fdr_reject AND pearson_pct_same_sign >= 0.70 AND abs(mean_pearson_ic) >= 0.05
BB4_T3,BB,BB4,30.0,300,54,-0.2009879810344811,0.1111385888136448,0.9444444444444444,1.6583802326492665e-18,-0.21016221042004887,0.1007484758004594,0.9629629629629629,3.985380649231079e-21,23011.0,85,"[1, 2, 3, 4, 5, 6, 7, 8, 9, 10, 11, 12, 13, 14, 15, 16, 17, 18, 19, 20, 21, 22, 23, 24, 25, 26, 27, 28, 29, 30, 31, 32, 33, 34, 35, 36, 37, 38, 39, 40, 41, 42, 43, 44, 45, 46, 47, 48, 49, 50, 51, 52, 53, 54, 55, 56, 57, 58, 59, 60, 61, 62, 63, 64, 80, 81, 82, 83, 84, 85]","[65, 66, 67, 68, 69, 70, 71, 72, 73, 74, 75, 76, 77, 78, 79]","[86, 87, 88, 89, 90, 91, 92, 93, 94, 95, 96, 97, 98, 99, 100, 101, 102, 103, 104, 105, 106, 107, 108]",True,7.156624072339161e-17,True,1.3787729190426075e-19,True,development pearson_fdr_reject AND pearson_pct_same_sign >= 0.70 AND abs(mean_pearson_ic) >= 0.05
BB4_T4,BB,BB4,60.0,300,54,-0.2004341886691413,0.11077442248472927,0.9444444444444444,1.6232115628423208e-18,-0.2089782980355361,0.10042395238918948,0.9629629629629629,4.42732148643392e-21,22981.0,85,"[1, 2, 3, 4, 5, 6, 7, 8, 9, 10, 11, 12, 13, 14, 15, 16, 17, 18, 19, 20, 21, 22, 23, 24, 25, 26, 27, 28, 29, 30, 31, 32, 33, 34, 35, 36, 37, 38, 39, 40, 41, 42, 43, 44, 45, 46, 47, 48, 49, 50, 51, 52, 53, 54, 55, 56, 57, 58, 59, 60, 61, 62, 63, 64, 80, 81, 82, 83, 84, 85]","[65, 66, 67, 68, 69, 70, 71, 72, 73, 74, 75, 76, 77, 78, 79]","[86, 87, 88, 89, 90, 91, 92, 93, 94, 95, 96, 97, 98, 99, 100, 101, 102, 103, 104, 105, 106, 107, 108]",True,7.156624072339161e-17,True,1.3787729190426075e-19,True,development pearson_fdr_reject AND pearson_pct_same_sign >= 0.70 AND abs(mean_pearson_ic) >= 0.05
BB4_T5,BB,BB4,90.0,300,54,-0.1999047512239024,0.1105162147726202,0.9444444444444444,1.6440578723974244e-18,-0.2079255145562009,0.10013814149385415,0.9629629629629629,4.870606015564046e-21,22951.0,85,"[1, 2, 3, 4, 5, 6, 7, 8, 9, 10, 11, 12, 13, 14, 15, 16, 17, 18, 19, 20, 21, 22, 23, 24, 25, 26, 27, 28, 29, 30, 31, 32, 33, 34, 35, 36, 37, 38, 39, 40, 41, 42, 43, 44, 45, 46, 47, 48, 49, 50, 51, 52, 53, 54, 55, 56, 57, 58, 59, 60, 61, 62, 63, 64, 80, 81, 82, 83, 84, 85]","[65, 66, 67, 68, 69, 70, 71, 72, 73, 74, 75, 76, 77, 78, 79]","[86, 87, 88, 89, 90, 91, 92, 93, 94, 95, 96, 97, 98, 99, 100, 101, 102, 103, 104, 105, 106, 107, 108]",True,7.156624072339161e-17,True,1.3787729190426075e-19,True,development pearson_fdr_reject AND pearson_pct_same_sign >= 0.70 AND abs(mean_pearson_ic) >= 0.05
BB4_T6,BB,BB4,120.0,300,54,-0.19918789396132855,0.11028826041120116,0.9444444444444444,1.7502619962606925e-18,-0.20679170613069664,0.09999346997853,0.9629629629629629,5.797614771318873e-21,22921.0,85,"[1, 2, 3, 4, 5, 6, 7, 8, 9, 10, 11, 12, 13, 14, 15, 16, 17, 18, 19, 20, 21, 22, 23, 24, 25, 26, 27, 28, 29, 30, 31, 32, 33, 34, 35, 36, 37, 38, 39, 40, 41, 42, 43, 44, 45, 46, 47, 48, 49, 50, 51, 52, 53, 54, 55, 56, 57, 58, 59, 60, 61, 62, 63, 64, 80, 81, 82, 83, 84, 85]","[65, 66, 67, 68, 69, 70, 71, 72, 73, 74, 75, 76, 77, 78, 79]","[86, 87, 88, 89, 90, 91, 92, 93, 94, 95, 96, 97, 98, 99, 100, 101, 102, 103, 104, 105, 106, 107, 108]",True,7.156624072339161e-17,True,1.400752380063406e-19,True,development pearson_fdr_reject AND pearson_pct_same_sign >= 0.70 AND abs(mean_pearson_ic) >= 0.05
BB4_T7,BB,BB4,300.0,300,54,-0.19522514733302995,0.11251950990078244,0.9444444444444444,8.919241450036598e-18,-0.20070682455129005,0.10163870525360186,0.9444444444444444,4.20759954769433e-20,22741.0,85,"[1, 2, 3, 4, 5, 6, 7, 8, 9, 10, 11, 12, 13, 14, 15, 16, 17, 18, 19, 20, 21, 22, 23, 24, 25, 26, 27, 28, 29, 30, 31, 32, 33, 34, 35, 36, 37, 38, 39, 40, 41, 42, 43, 44, 45, 46, 47, 48, 49, 50, 51, 52, 53, 54, 55, 56, 57, 58, 59, 60, 61, 62, 63, 64, 80, 81, 82, 83, 84, 85]","[65, 66, 67, 68, 69, 70, 71, 72, 73, 74, 75, 76, 77, 78, 79]","[86, 87, 88, 89, 90, 91, 92, 93, 94, 95, 96, 97, 98, 99, 100, 101, 102, 103, 104, 105, 106, 107, 108]",True,9.395115612767208e-17,True,4.797774401743865e-19,True,development pearson_fdr_reject AND pearson_pct_same_sign >= 0.70 AND abs(mean_pearson_ic) >= 0.05
BB4_T8,BB,BB4,600.0,300,54,-0.18810963187699162,0.11011053217754165,0.9444444444444444,1.6584914684363306e-17,-0.19386890585012986,0.09988559307431927,0.9444444444444444,8.746960143997245e-20,22441.0,85,"[1, 2, 3, 4, 5, 6, 7, 8, 9, 10, 11, 12, 13, 14, 15, 16, 17, 18, 19, 20, 21, 22, 23, 24, 25, 26, 27, 28, 29, 30, 31, 32, 33, 34, 35, 36, 37, 38, 39, 40, 41, 42, 43, 44, 45, 46, 47, 48, 49, 50, 51, 52, 53, 54, 55, 56, 57, 58, 59, 60, 61, 62, 63, 64, 80, 81, 82, 83, 84, 85]","[65, 66, 67, 68, 69, 70, 71, 72, 73, 74, 75, 76, 77, 78, 79]","[86, 87, 88, 89, 90, 91, 92, 93, 94, 95, 96, 97, 98, 99, 100, 101, 102, 103, 104, 105, 106, 107, 108]",True,1.1650947654844273e-16,True,8.840741019319101e-19,True,development pearson_fdr_reject AND pearson_pct_same_sign >= 0.70 AND abs(mean_pearson_ic) >= 0.05
BB4_T9,BB,BB4,900.0,300,54,-0.18302777330277756,0.1125544803602666,0.9444444444444444,1.1592896400972647e-16,-0.1889597910783633,0.09878330783628979,0.9444444444444444,1.6144363648159434e-19,22141.0,85,"[1, 2, 3, 4, 5, 6, 7, 8, 9, 10, 11, 12, 13, 14, 15, 16, 17, 18, 19, 20, 21, 22, 23, 24, 25, 26, 27, 28, 29, 30, 31, 32, 33, 34, 35, 36, 37, 38, 39, 40, 41, 42, 43, 44, 45, 46, 47, 48, 49, 50, 51, 52, 53, 54, 55, 56, 57, 58, 59, 60, 61, 62, 63, 64, 80, 81, 82, 83, 84, 85]","[65, 66, 67, 68, 69, 70, 71, 72, 73, 74, 75, 76, 77, 78, 79]","[86, 87, 88, 89, 90, 91, 92, 93, 94, 95, 96, 97, 98, 99, 100, 101, 102, 103, 104, 105, 106, 107, 108]",True,5.730108306918526e-16,True,1.4834780958614585e-18,True,development pearson_fdr_reject AND pearson_pct_same_sign >= 0.70 AND abs(mean_pearson_ic) >= 0.05
BB5_T1,BB,BB5,5.0,300,54,-0.20167124181591056,0.11171793634915585,0.9444444444444444,1.785706122430019e-18,-0.21149185754250227,0.10124360310341592,0.9629629629629629,3.749552960871754e-21,23036.0,85,"[1, 2, 3, 4, 5, 6, 7, 8, 9, 10, 11, 12, 13, 14, 15, 16, 17, 18, 19, 20, 21, 22, 23, 24, 25, 26, 27, 28, 29, 30, 31, 32, 33, 34, 35, 36, 37, 38, 39, 40, 41, 42, 43, 44, 45, 46, 47, 48, 49, 50, 51, 52, 53, 54, 55, 56, 57, 58, 59, 60, 61, 62, 63, 64, 80, 81, 82, 83, 84, 85]","[65, 66, 67, 68, 69, 70, 71, 72, 73, 74, 75, 76, 77, 78, 79]","[86, 87, 88, 89, 90, 91, 92, 93, 94, 95, 96, 97, 98, 99, 100, 101, 102, 103, 104, 105, 106, 107, 108]",True,7.156624072339161e-17,True,1.3787729190426075e-19,True,development pearson_fdr_reject AND pearson_pct_same_sign >= 0.70 AND abs(mean_pearson_ic) >= 0.05
BB5_T10,BB,BB5,1500.0,300,54,-0.18564725292204715,0.11126307056600337,0.9444444444444444,4.227719041430241e-17,-0.20068708192178583,0.10153327915847674,0.9444444444444444,4.042755530720831e-20,21541.0,85,"[1, 2, 3, 4, 5, 6, 7, 8, 9, 10, 11, 12, 13, 14, 15, 16, 17, 18, 19, 20, 21, 22, 23, 24, 25, 26, 27, 28, 29, 30, 31, 32, 33, 34, 35, 36, 37, 38, 39, 40, 41, 42, 43, 44, 45, 46, 47, 48, 49, 50, 51, 52, 53, 54, 55, 56, 57, 58, 59, 60, 61, 62, 63, 64, 80, 81, 82, 83, 84, 85]","[65, 66, 67, 68, 69, 70, 71, 72, 73, 74, 75, 76, 77, 78, 79]","[86, 87, 88, 89, 90, 91, 92, 93, 94, 95, 96, 97, 98, 99, 100, 101, 102, 103, 104, 105, 106, 107, 108]",True,2.36738562206507e-16,True,4.671478380816211e-19,True,development pearson_fdr_reject AND pearson_pct_same_sign >= 0.70 AND abs(mean_pearson_ic) >= 0.05
BB5_T11,BB,BB5,1800.0,300,54,-0.1851060365869193,0.114356924337966,0.9444444444444444,1.3860118544304216e-16,-0.19905751610802402,0.10173133806657281,0.9629629629629629,6.208433840823124e-20,21241.0,85,"[1, 2, 3, 4, 5, 6, 7, 8, 9, 10, 11, 12, 13, 14, 15, 16, 17, 18, 19, 20, 21, 22, 23, 24, 25, 26, 27, 28, 29, 30, 31, 32, 33, 34, 35, 36, 37, 38, 39, 40, 41, 42, 43, 44, 45, 46, 47, 48, 49, 50, 51, 52, 53, 54, 55, 56, 57, 58, 59, 60, 61, 62, 63, 64, 80, 81, 82, 83, 84, 85]","[65, 66, 67, 68, 69, 70, 71, 72, 73, 74, 75, 76, 77, 78, 79]","[86, 87, 88, 89, 90, 91, 92, 93, 94, 95, 96, 97, 98, 99, 100, 101, 102, 103, 104, 105, 106, 107, 108]",True,6.754119826596765e-16,True,6.57979721473739e-19,True,development pearson_fdr_reject AND pearson_pct_same_sign >= 0.70 AND abs(mean_pearson_ic) >= 0.05
BB5_T12,BB,BB5,3600.0,300,54,-0.18972257716834073,0.10730002830173516,0.9629629629629629,4.156438482495404e-18,-0.19720102187605196,0.101922308340763,0.9629629629629629,9.988467180452082e-20,19441.0,85,"[1, 2, 3, 4, 5, 6, 7, 8, 9, 10, 11, 12, 13, 14, 15, 16, 17, 18, 19, 20, 21, 22, 23, 24, 25, 26, 27, 28, 29, 30, 31, 32, 33, 34, 35, 36, 37, 38, 39, 40, 41, 42, 43, 44, 45, 46, 47, 48, 49, 50, 51, 52, 53, 54, 55, 56, 57, 58, 59, 60, 61, 62, 63, 64, 80, 81, 82, 83, 84, 85]","[65, 66, 67, 68, 69, 70, 71, 72, 73, 74, 75, 76, 77, 78, 79]","[86, 87, 88, 89, 90, 91, 92, 93, 94, 95, 96, 97, 98, 99, 100, 101, 102, 103, 104, 105, 106, 107, 108]",True,8.784185536553094e-17,True,9.806091554430687e-19,True,development pearson_fdr_reject AND pearson_pct_same_sign >= 0.70 AND abs(mean_pearson_ic) >= 0.05
BB5_T2,BB,BB5,10.0,300,54,-0.20157095448053022,0.11161204426488078,0.9444444444444444,1.7530315108483114e-18,-0.21133438758914636,0.10113966042464116,0.9629629629629629,3.703839664849952e-21,23031.0,85,"[1, 2, 3, 4, 5, 6, 7, 8, 9, 10, 11, 12, 13, 14, 15, 16, 17, 18, 19, 20, 21, 22, 23, 24, 25, 26, 27, 28, 29, 30, 31, 32, 33, 34, 35, 36, 37, 38, 39, 40, 41, 42, 43, 44, 45, 46, 47, 48, 49, 50, 51, 52, 53, 54, 55, 56, 57, 58, 59, 60, 61, 62, 63, 64, 80, 81, 82, 83, 84, 85]","[65, 66, 67, 68, 69, 70, 71, 72, 73, 74, 75, 76, 77, 78, 79]","[86, 87, 88, 89, 90, 91, 92, 93, 94, 95, 96, 97, 98, 99, 100, 101, 102, 103, 104, 105, 106, 107, 108]",True,7.156624072339161e-17,True,1.3787729190426075e-19,True,development pearson_fdr_reject AND pearson_pct_same_sign >= 0.70 AND abs(mean_pearson_ic) >= 0.05
BB5_T3,BB,BB5,30.0,300,54,-0.20121439102843375,0.11126494431495351,0.9444444444444444,1.6590887260763326e-18,-0.2107460282671511,0.10081445665480371,0.9629629629629629,3.63485735414651e-21,23011.0,85,"[1, 2, 3, 4, 5, 6, 7, 8, 9, 10, 11, 12, 13, 14, 15, 16, 17, 18, 19, 20, 21, 22, 23, 24, 25, 26, 27, 28, 29, 30, 31, 32, 33, 34, 35, 36, 37, 38, 39, 40, 41, 42, 43, 44, 45, 46, 47, 48, 49, 50, 51, 52, 53, 54, 55, 56, 57, 58, 59, 60, 61, 62, 63, 64, 80, 81, 82, 83, 84, 85]","[65, 66, 67, 68, 69, 70, 71, 72, 73, 74, 75, 76, 77, 78, 79]","[86, 87, 88, 89, 90, 91, 92, 93, 94, 95, 96, 97, 98, 99, 100, 101, 102, 103, 104, 105, 106, 107, 108]",True,7.156624072339161e-17,True,1.3787729190426075e-19,True,development pearson_fdr_reject AND pearson_pct_same_sign >= 0.70 AND abs(mean_pearson_ic) >= 0.05
BB5_T4,BB,BB5,60.0,300,54,-0.20086229392647545,0.11099902266873667,0.9444444444444444,1.6160325549654113e-18,-0.21018590836672923,0.10058644266771456,0.9629629629629629,3.6981124029697184e-21,22981.0,85,"[1, 2, 3, 4, 5, 6, 7, 8, 9, 10, 11, 12, 13, 14, 15, 16, 17, 18, 19, 20, 21, 22, 23, 24, 25, 26, 27, 28, 29, 30, 31, 32, 33, 34, 35, 36, 37, 38, 39, 40, 41, 42, 43, 44, 45, 46, 47, 48, 49, 50, 51, 52, 53, 54, 55, 56, 57, 58, 59, 60, 61, 62, 63, 64, 80, 81, 82, 83, 84, 85]","[65, 66, 67, 68, 69, 70, 71, 72, 73, 74, 75, 76, 77, 78, 79]","[86, 87, 88, 89, 90, 91, 92, 93, 94, 95, 96, 97, 98, 99, 100, 101, 102, 103, 104, 105, 106, 107, 108]",True,7.156624072339161e-17,True,1.3787729190426075e-19,True,development pearson_fdr_reject AND pearson_pct_same_sign >= 0.70 AND abs(mean_pearson_ic) >= 0.05
BB5_T5,BB,BB5,90.0,300,54,-0.20041629993815532,0.11084013032727108,0.9444444444444444,1.669245241341661e-18,-0.20962716419233057,0.10042562555830772,0.9629629629629629,3.8726825779232546e-21,22951.0,85,"[1, 2, 3, 4, 5, 6, 7, 8, 9, 10, 11, 12, 13, 14, 15, 16, 17, 18, 19, 20, 21, 22, 23, 24, 25, 26, 27, 28, 29, 30, 31, 32, 33, 34, 35, 36, 37, 38, 39, 40, 41, 42, 43, 44, 45, 46, 47, 48, 49, 50, 51, 52, 53, 54, 55, 56, 57, 58, 59, 60, 61, 62, 63, 64, 80, 81, 82, 83, 84, 85]","[65, 66, 67, 68, 69, 70, 71, 72, 73, 74, 75, 76, 77, 78, 79]","[86, 87, 88, 89, 90, 91, 92, 93, 94, 95, 96, 97, 98, 99, 100, 101, 102, 103, 104, 105, 106, 107, 108]",True,7.156624072339161e-17,True,1.3787729190426075e-19,True,development pearson_fdr_reject AND pearson_pct_same_sign >= 0.70 AND abs(mean_pearson_ic) >= 0.05
BB5_T6,BB,BB5,120.0,300,54,-0.19967817003757665,0.11067206424912976,0.9444444444444444,1.8245937359472625e-18,-0.20884972589757406,0.10032111108742645,0.9629629629629629,4.3494191447407515e-21,22921.0,85,"[1, 2, 3, 4, 5, 6, 7, 8, 9, 10, 11, 12, 13, 14, 15, 16, 17, 18, 19, 20, 21, 22, 23, 24, 25, 26, 27, 28, 29, 30, 31, 32, 33, 34, 35, 36, 37, 38, 39, 40, 41, 42, 43, 44, 45, 46, 47, 48, 49, 50, 51, 52, 53, 54, 55, 56, 57, 58, 59, 60, 61, 62, 63, 64, 80, 81, 82, 83, 84, 85]","[65, 66, 67, 68, 69, 70, 71, 72, 73, 74, 75, 76, 77, 78, 79]","[86, 87, 88, 89, 90, 91, 92, 93, 94, 95, 96, 97, 98, 99, 100, 101, 102, 103, 104, 105, 106, 107, 108]",True,7.156624072339161e-17,True,1.3787729190426075e-19,True,development pearson_fdr_reject AND pearson_pct_same_sign >= 0.70 AND abs(mean_pearson_ic) >= 0.05
BB5_T7,BB,BB5,300.0,300,54,-0.19674758291818423,0.11243298578179274,0.9444444444444444,6.3235496263703386e-18,-0.20563859717305333,0.10174005394404052,0.9629629629629629,1.556230022861923e-20,22741.0,85,"[1, 2, 3, 4, 5, 6, 7, 8, 9, 10, 11, 12, 13, 14, 15, 16, 17, 18, 19, 20, 21, 22, 23, 24, 25, 26, 27, 28, 29, 30, 31, 32, 33, 34, 35, 36, 37, 38, 39, 40, 41, 42, 43, 44, 45, 46, 47, 48, 49, 50, 51, 52, 53, 54, 55, 56, 57, 58, 59, 60, 61, 62, 63, 64, 80, 81, 82, 83, 84, 85]","[65, 66, 67, 68, 69, 70, 71, 72, 73, 74, 75, 76, 77, 78, 79]","[86, 87, 88, 89, 90, 91, 92, 93, 94, 95, 96, 97, 98, 99, 100, 101, 102, 103, 104, 105, 106, 107, 108]",True,8.784185536553094e-17,True,2.400345861155332e-19,True,development pearson_fdr_reject AND pearson_pct_same_sign >= 0.70 AND abs(mean_pearson_ic) >= 0.05
BB5_T8,BB,BB5,600.0,300,54,-0.1922438555134858,0.11033547860948416,0.9444444444444444,7.528489723919346e-18,-0.20248642546979426,0.09968964816581835,0.9444444444444444,1.260188807526755e-20,22441.0,85,"[1, 2, 3, 4, 5, 6, 7, 8, 9, 10, 11, 12, 13, 14, 15, 16, 17, 18, 19, 20, 21, 22, 23, 24, 25, 26, 27, 28, 29, 30, 31, 32, 33, 34, 35, 36, 37, 38, 39, 40, 41, 42, 43, 44, 45, 46, 47, 48, 49, 50, 51, 52, 53, 54, 55, 56, 57, 58, 59, 60, 61, 62, 63, 64, 80, 81, 82, 83, 84, 85]","[65, 66, 67, 68, 69, 70, 71, 72, 73, 74, 75, 76, 77, 78, 79]","[86, 87, 88, 89, 90, 91, 92, 93, 94, 95, 96, 97, 98, 99, 100, 101, 102, 103, 104, 105, 106, 107, 108]",True,9.094731467182288e-17,True,2.1122659702751248e-19,True,development pearson_fdr_reject AND pearson_pct_same_sign >= 0.70 AND abs(mean_pearson_ic) >= 0.05
BB5_T9,BB,BB5,900.0,300,54,-0.1895657704562666,0.11400948961834971,0.9444444444444444,4.8521656023842966e-17,-0.1999403811766308,0.10015182736496597,0.9444444444444444,2.6427016351782268e-20,22141.0,85,"[1, 2, 3, 4, 5, 6, 7, 8, 9, 10, 11, 12, 13, 14, 15, 16, 17, 18, 19, 20, 21, 22, 23, 24, 25, 26, 27, 28, 29, 30, 31, 32, 33, 34, 35, 36, 37, 38, 39, 40, 41, 42, 43, 44, 45, 46, 47, 48, 49, 50, 51, 52, 53, 54, 55, 56, 57, 58, 59, 60, 61, 62, 63, 64, 80, 81, 82, 83, 84, 85]","[65, 66, 67, 68, 69, 70, 71, 72, 73, 74, 75, 76, 77, 78, 79]","[86, 87, 88, 89, 90, 91, 92, 93, 94, 95, 96, 97, 98, 99, 100, 101, 102, 103, 104, 105, 106, 107, 108]",True,2.6172223396847195e-16,True,3.406915727440587e-19,True,development pearson_fdr_reject AND pearson_pct_same_sign >= 0.70 AND abs(mean_pearson_ic) >= 0.05
BB6_T1,BB,BB6,5.0,300,54,-0.20163073797730144,0.11169335963445956,0.9444444444444444,1.7843060815203563e-18,-0.21138238842987836,0.10122599736695762,0.9629629629629629,3.8059775814357926e-21,23036.0,85,"[1, 2, 3, 4, 5, 6, 7, 8, 9, 10, 11, 12, 13, 14, 15, 16, 17, 18, 19, 20, 21, 22, 23, 24, 25, 26, 27, 28, 29, 30, 31, 32, 33, 34, 35, 36, 37, 38, 39, 40, 41, 42, 43, 44, 45, 46, 47, 48, 49, 50, 51, 52, 53, 54, 55, 56, 57, 58, 59, 60, 61, 62, 63, 64, 80, 81, 82, 83, 84, 85]","[65, 66, 67, 68, 69, 70, 71, 72, 73, 74, 75, 76, 77, 78, 79]","[86, 87, 88, 89, 90, 91, 92, 93, 94, 95, 96, 97, 98, 99, 100, 101, 102, 103, 104, 105, 106, 107, 108]",True,7.156624072339161e-17,True,1.3787729190426075e-19,True,development pearson_fdr_reject AND pearson_pct_same_sign >= 0.70 AND abs(mean_pearson_ic) >= 0.05
BB6_T10,BB,BB6,1500.0,300,54,-0.17571912742022264,0.10773045460569108,0.9444444444444444,1.0292992365167012e-16,-0.1856402137405333,0.097286279906179,0.9444444444444444,1.7895168862230314e-19,21541.0,85,"[1, 2, 3, 4, 5, 6, 7, 8, 9, 10, 11, 12, 13, 14, 15, 16, 17, 18, 19, 20, 21, 22, 23, 24, 25, 26, 27, 28, 29, 30, 31, 32, 33, 34, 35, 36, 37, 38, 39, 40, 41, 42, 43, 44, 45, 46, 47, 48, 49, 50, 51, 52, 53, 54, 55, 56, 57, 58, 59, 60, 61, 62, 63, 64, 80, 81, 82, 83, 84, 85]","[65, 66, 67, 68, 69, 70, 71, 72, 73, 74, 75, 76, 77, 78, 79]","[86, 87, 88, 89, 90, 91, 92, 93, 94, 95, 96, 97, 98, 99, 100, 101, 102, 103, 104, 105, 106, 107, 108]",True,5.153954872703193e-16,True,1.6185290162043387e-18,True,development pearson_fdr_reject AND pearson_pct_same_sign >= 0.70 AND abs(mean_pearson_ic) >= 0.05
BB6_T11,BB,BB6,1800.0,300,54,-0.1747554534519716,0.11132836636584385,0.9444444444444444,4.519029573830478e-16,-0.18310129461328126,0.09712131350207241,0.9629629629629629,2.965853788072339e-19,21241.0,85,"[1, 2, 3, 4, 5, 6, 7, 8, 9, 10, 11, 12, 13, 14, 15, 16, 17, 18, 19, 20, 21, 22, 23, 24, 25, 26, 27, 28, 29, 30, 31, 32, 33, 34, 35, 36, 37, 38, 39, 40, 41, 42, 43, 44, 45, 46, 47, 48, 49, 50, 51, 52, 53, 54, 55, 56, 57, 58, 59, 60, 61, 62, 63, 64, 80, 81, 82, 83, 84, 85]","[65, 66, 67, 68, 69, 70, 71, 72, 73, 74, 75, 76, 77, 78, 79]","[86, 87, 88, 89, 90, 91, 92, 93, 94, 95, 96, 97, 98, 99, 100, 101, 102, 103, 104, 105, 106, 107, 108]",True,1.9664039266478968e-15,True,2.5255680394629352e-18,True,development pearson_fdr_reject AND pearson_pct_same_sign >= 0.70 AND abs(mean_pearson_ic) >= 0.05
BB6_T12,BB,BB6,3600.0,300,54,-0.17524604607936764,0.10082766555649711,0.9629629629629629,8.312603613111336e-18,-0.17650985870905928,0.09216325227968422,0.9629629629629629,1.5344583609790513e-19,19441.0,85,"[1, 2, 3, 4, 5, 6, 7, 8, 9, 10, 11, 12, 13, 14, 15, 16, 17, 18, 19, 20, 21, 22, 23, 24, 25, 26, 27, 28, 29, 30, 31, 32, 33, 34, 35, 36, 37, 38, 39, 40, 41, 42, 43, 44, 45, 46, 47, 48, 49, 50, 51, 52, 53, 54, 55, 56, 57, 58, 59, 60, 61, 62, 63, 64, 80, 81, 82, 83, 84, 85]","[65, 66, 67, 68, 69, 70, 71, 72, 73, 74, 75, 76, 77, 78, 79]","[86, 87, 88, 89, 90, 91, 92, 93, 94, 95, 96, 97, 98, 99, 100, 101, 102, 103, 104, 105, 106, 107, 108]",True,9.27680208087015e-17,True,1.417527710476637e-18,True,development pearson_fdr_reject AND pearson_pct_same_sign >= 0.70 AND abs(mean_pearson_ic) >= 0.05
BB6_T2,BB,BB6,10.0,300,54,-0.20149891802548456,0.11155991368516704,0.9444444444444444,1.7451690308093458e-18,-0.2111193798539048,0.1010993922812255,0.9629629629629629,3.804904119440431e-21,23031.0,85,"[1, 2, 3, 4, 5, 6, 7, 8, 9, 10, 11, 12, 13, 14, 15, 16, 17, 18, 19, 20, 21, 22, 23, 24, 25, 26, 27, 28, 29, 30, 31, 32, 33, 34, 35, 36, 37, 38, 39, 40, 41, 42, 43, 44, 45, 46, 47, 48, 49, 50, 51, 52, 53, 54, 55, 56, 57, 58, 59, 60, 61, 62, 63, 64, 80, 81, 82, 83, 84, 85]","[65, 66, 67, 68, 69, 70, 71, 72, 73, 74, 75, 76, 77, 78, 79]","[86, 87, 88, 89, 90, 91, 92, 93, 94, 95, 96, 97, 98, 99, 100, 101, 102, 103, 104, 105, 106, 107, 108]",True,7.156624072339161e-17,True,1.3787729190426075e-19,True,development pearson_fdr_reject AND pearson_pct_same_sign >= 0.70 AND abs(mean_pearson_ic) >= 0.05
BB6_T3,BB,BB6,30.0,300,54,-0.2009879810344811,0.1111385888136448,0.9444444444444444,1.6583802326492665e-18,-0.21016221042004887,0.1007484758004594,0.9629629629629629,3.985380649231079e-21,23011.0,85,"[1, 2, 3, 4, 5, 6, 7, 8, 9, 10, 11, 12, 13, 14, 15, 16, 17, 18, 19, 20, 21, 22, 23, 24, 25, 26, 27, 28, 29, 30, 31, 32, 33, 34, 35, 36, 37, 38, 39, 40, 41, 42, 43, 44, 45, 46, 47, 48, 49, 50, 51, 52, 53, 54, 55, 56, 57, 58, 59, 60, 61, 62, 63, 64, 80, 81, 82, 83, 84, 85]","[65, 66, 67, 68, 69, 70, 71, 72, 73, 74, 75, 76, 77, 78, 79]","[86, 87, 88, 89, 90, 91, 92, 93, 94, 95, 96, 97, 98, 99, 100, 101, 102, 103, 104, 105, 106, 107, 108]",True,7.156624072339161e-17,True,1.3787729190426075e-19,True,development pearson_fdr_reject AND pearson_pct_same_sign >= 0.70 AND abs(mean_pearson_ic) >= 0.05
BB6_T4,BB,BB6,60.0,300,54,-0.2004341886691413,0.11077442248472927,0.9444444444444444,1.6232115628423208e-18,-0.2089782980355361,0.10042395238918948,0.9629629629629629,4.42732148643392e-21,22981.0,85,"[1, 2, 3, 4, 5, 6, 7, 8, 9, 10, 11, 12, 13, 14, 15, 16, 17, 18, 19, 20, 21, 22, 23, 24, 25, 26, 27, 28, 29, 30, 31, 32, 33, 34, 35, 36, 37, 38, 39, 40, 41, 42, 43, 44, 45, 46, 47, 48, 49, 50, 51, 52, 53, 54, 55, 56, 57, 58, 59, 60, 61, 62, 63, 64, 80, 81, 82, 83, 84, 85]","[65, 66, 67, 68, 69, 70, 71, 72, 73, 74, 75, 76, 77, 78, 79]","[86, 87, 88, 89, 90, 91, 92, 93, 94, 95, 96, 97, 98, 99, 100, 101, 102, 103, 104, 105, 106, 107, 108]",True,7.156624072339161e-17,True,1.3787729190426075e-19,True,development pearson_fdr_reject AND pearson_pct_same_sign >= 0.70 AND abs(mean_pearson_ic) >= 0.05
BB6_T5,BB,BB6,90.0,300,54,-0.1999047512239024,0.1105162147726202,0.9444444444444444,1.6440578723974244e-18,-0.2079255145562009,0.10013814149385415,0.9629629629629629,4.870606015564046e-21,22951.0,85,"[1, 2, 3, 4, 5, 6, 7, 8, 9, 10, 11, 12, 13, 14, 15, 16, 17, 18, 19, 20, 21, 22, 23, 24, 25, 26, 27, 28, 29, 30, 31, 32, 33, 34, 35, 36, 37, 38, 39, 40, 41, 42, 43, 44, 45, 46, 47, 48, 49, 50, 51, 52, 53, 54, 55, 56, 57, 58, 59, 60, 61, 62, 63, 64, 80, 81, 82, 83, 84, 85]","[65, 66, 67, 68, 69, 70, 71, 72, 73, 74, 75, 76, 77, 78, 79]","[86, 87, 88, 89, 90, 91, 92, 93, 94, 95, 96, 97, 98, 99, 100, 101, 102, 103, 104, 105, 106, 107, 108]",True,7.156624072339161e-17,True,1.3787729190426075e-19,True,development pearson_fdr_reject AND pearson_pct_same_sign >= 0.70 AND abs(mean_pearson_ic) >= 0.05
BB6_T6,BB,BB6,120.0,300,54,-0.19918789396132855,0.11028826041120116,0.9444444444444444,1.7502619962606925e-18,-0.20679170613069664,0.09999346997853,0.9629629629629629,5.797614771318873e-21,22921.0,85,"[1, 2, 3, 4, 5, 6, 7, 8, 9, 10, 11, 12, 13, 14, 15, 16, 17, 18, 19, 20, 21, 22, 23, 24, 25, 26, 27, 28, 29, 30, 31, 32, 33, 34, 35, 36, 37, 38, 39, 40, 41, 42, 43, 44, 45, 46, 47, 48, 49, 50, 51, 52, 53, 54, 55, 56, 57, 58, 59, 60, 61, 62, 63, 64, 80, 81, 82, 83, 84, 85]","[65, 66, 67, 68, 69, 70, 71, 72, 73, 74, 75, 76, 77, 78, 79]","[86, 87, 88, 89, 90, 91, 92, 93, 94, 95, 96, 97, 98, 99, 100, 101, 102, 103, 104, 105, 106, 107, 108]",True,7.156624072339161e-17,True,1.400752380063406e-19,True,development pearson_fdr_reject AND pearson_pct_same_sign >= 0.70 AND abs(mean_pearson_ic) >= 0.05
BB6_T7,BB,BB6,300.0,300,54,-0.19522514733302995,0.11251950990078244,0.9444444444444444,8.919241450036598e-18,-0.20070682455129005,0.10163870525360186,0.9444444444444444,4.20759954769433e-20,22741.0,85,"[1, 2, 3, 4, 5, 6, 7, 8, 9, 10, 11, 12, 13, 14, 15, 16, 17, 18, 19, 20, 21, 22, 23, 24, 25, 26, 27, 28, 29, 30, 31, 32, 33, 34, 35, 36, 37, 38, 39, 40, 41, 42, 43, 44, 45, 46, 47, 48, 49, 50, 51, 52, 53, 54, 55, 56, 57, 58, 59, 60, 61, 62, 63, 64, 80, 81, 82, 83, 84, 85]","[65, 66, 67, 68, 69, 70, 71, 72, 73, 74, 75, 76, 77, 78, 79]","[86, 87, 88, 89, 90, 91, 92, 93, 94, 95, 96, 97, 98, 99, 100, 101, 102, 103, 104, 105, 106, 107, 108]",True,9.395115612767208e-17,True,4.797774401743865e-19,True,development pearson_fdr_reject AND pearson_pct_same_sign >= 0.70 AND abs(mean_pearson_ic) >= 0.05
BB6_T8,BB,BB6,600.0,300,54,-0.18810963187699162,0.11011053217754165,0.9444444444444444,1.6584914684363306e-17,-0.19386890585012986,0.09988559307431927,0.9444444444444444,8.746960143997245e-20,22441.0,85,"[1, 2, 3, 4, 5, 6, 7, 8, 9, 10, 11, 12, 13, 14, 15, 16, 17, 18, 19, 20, 21, 22, 23, 24, 25, 26, 27, 28, 29, 30, 31, 32, 33, 34, 35, 36, 37, 38, 39, 40, 41, 42, 43, 44, 45, 46, 47, 48, 49, 50, 51, 52, 53, 54, 55, 56, 57, 58, 59, 60, 61, 62, 63, 64, 80, 81, 82, 83, 84, 85]","[65, 66, 67, 68, 69, 70, 71, 72, 73, 74, 75, 76, 77, 78, 79]","[86, 87, 88, 89, 90, 91, 92, 93, 94, 95, 96, 97, 98, 99, 100, 101, 102, 103, 104, 105, 106, 107, 108]",True,1.1650947654844273e-16,True,8.840741019319101e-19,True,development pearson_fdr_reject AND pearson_pct_same_sign >= 0.70 AND abs(mean_pearson_ic) >= 0.05
BB6_T9,BB,BB6,900.0,300,54,-0.18302777330277756,0.1125544803602666,0.9444444444444444,1.1592896400972647e-16,-0.1889597910783633,0.09878330783628979,0.9444444444444444,1.6144363648159434e-19,22141.0,85,"[1, 2, 3, 4, 5, 6, 7, 8, 9, 10, 11, 12, 13, 14, 15, 16, 17, 18, 19, 20, 21, 22, 23, 24, 25, 26, 27, 28, 29, 30, 31, 32, 33, 34, 35, 36, 37, 38, 39, 40, 41, 42, 43, 44, 45, 46, 47, 48, 49, 50, 51, 52, 53, 54, 55, 56, 57, 58, 59, 60, 61, 62, 63, 64, 80, 81, 82, 83, 84, 85]","[65, 66, 67, 68, 69, 70, 71, 72, 73, 74, 75, 76, 77, 78, 79]","[86, 87, 88, 89, 90, 91, 92, 93, 94, 95, 96, 97, 98, 99, 100, 101, 102, 103, 104, 105, 106, 107, 108]",True,5.730108306918526e-16,True,1.4834780958614585e-18,True,development pearson_fdr_reject AND pearson_pct_same_sign >= 0.70 AND abs(mean_pearson_ic) >= 0.05
BB7_T1,BB,BB7,5.0,300,54,-0.20163448315070753,0.11171566370172044,0.9444444444444444,1.7975879356212634e-18,-0.21134313256691162,0.10133365931136207,0.9629629629629629,4.01807918079133e-21,23036.0,85,"[1, 2, 3, 4, 5, 6, 7, 8, 9, 10, 11, 12, 13, 14, 15, 16, 17, 18, 19, 20, 21, 22, 23, 24, 25, 26, 27, 28, 29, 30, 31, 32, 33, 34, 35, 36, 37, 38, 39, 40, 41, 42, 43, 44, 45, 46, 47, 48, 49, 50, 51, 52, 53, 54, 55, 56, 57, 58, 59, 60, 61, 62, 63, 64, 80, 81, 82, 83, 84, 85]","[65, 66, 67, 68, 69, 70, 71, 72, 73, 74, 75, 76, 77, 78, 79]","[86, 87, 88, 89, 90, 91, 92, 93, 94, 95, 96, 97, 98, 99, 100, 101, 102, 103, 104, 105, 106, 107, 108]",True,7.156624072339161e-17,True,1.3787729190426075e-19,True,development pearson_fdr_reject AND pearson_pct_same_sign >= 0.70 AND abs(mean_pearson_ic) >= 0.05
BB7_T10,BB,BB7,1500.0,300,54,-0.1670400336715495,0.10761789218805204,0.9629629629629629,6.935576797783238e-16,-0.17136641826746168,0.09236195276189851,0.9629629629629629,5.767712813818945e-19,21541.0,85,"[1, 2, 3, 4, 5, 6, 7, 8, 9, 10, 11, 12, 13, 14, 15, 16, 17, 18, 19, 20, 21, 22, 23, 24, 25, 26, 27, 28, 29, 30, 31, 32, 33, 34, 35, 36, 37, 38, 39, 40, 41, 42, 43, 44, 45, 46, 47, 48, 49, 50, 51, 52, 53, 54, 55, 56, 57, 58, 59, 60, 61, 62, 63, 64, 80, 81, 82, 83, 84, 85]","[65, 66, 67, 68, 69, 70, 71, 72, 73, 74, 75, 76, 77, 78, 79]","[86, 87, 88, 89, 90, 91, 92, 93, 94, 95, 96, 97, 98, 99, 100, 101, 102, 103, 104, 105, 106, 107, 108]",True,2.958323189671739e-15,True,4.634290179475454e-18,True,development pearson_fdr_reject AND pearson_pct_same_sign >= 0.70 AND abs(mean_pearson_ic) >= 0.05
BB7_T11,BB,BB7,1800.0,300,54,-0.1641853138073493,0.11276652271945367,0.9629629629629629,7.509006907186136e-15,-0.1630822188789184,0.0943752290826951,0.9259259259259259,1.0495174914748259e-17,21241.0,85,"[1, 2, 3, 4, 5, 6, 7, 8, 9, 10, 11, 12, 13, 14, 15, 16, 17, 18, 19, 20, 21, 22, 23, 24, 25, 26, 27, 28, 29, 30, 31, 32, 33, 34, 35, 36, 37, 38, 39, 40, 41, 42, 43, 44, 45, 46, 47, 48, 49, 50, 51, 52, 53, 54, 55, 56, 57, 58, 59, 60, 61, 62, 63, 64, 80, 81, 82, 83, 84, 85]","[65, 66, 67, 68, 69, 70, 71, 72, 73, 74, 75, 76, 77, 78, 79]","[86, 87, 88, 89, 90, 91, 92, 93, 94, 95, 96, 97, 98, 99, 100, 101, 102, 103, 104, 105, 106, 107, 108]",True,3.053568441823248e-14,True,6.533482762244186e-17,True,development pearson_fdr_reject AND pearson_pct_same_sign >= 0.70 AND abs(mean_pearson_ic) >= 0.05
BB7_T12,BB,BB7,3600.0,300,54,-0.1615109630212253,0.10689385096747493,0.9444444444444444,1.9099019743612362e-15,-0.15748777789686091,0.1024101796223379,0.9629629629629629,9.854672817164291e-16,19441.0,85,"[1, 2, 3, 4, 5, 6, 7, 8, 9, 10, 11, 12, 13, 14, 15, 16, 17, 18, 19, 20, 21, 22, 23, 24, 25, 26, 27, 28, 29, 30, 31, 32, 33, 34, 35, 36, 37, 38, 39, 40, 41, 42, 43, 44, 45, 46, 47, 48, 49, 50, 51, 52, 53, 54, 55, 56, 57, 58, 59, 60, 61, 62, 63, 64, 80, 81, 82, 83, 84, 85]","[65, 66, 67, 68, 69, 70, 71, 72, 73, 74, 75, 76, 77, 78, 79]","[86, 87, 88, 89, 90, 91, 92, 93, 94, 95, 96, 97, 98, 99, 100, 101, 102, 103, 104, 105, 106, 107, 108]",True,7.883765019615377e-15,True,5.089371387638658e-15,True,development pearson_fdr_reject AND pearson_pct_same_sign >= 0.70 AND abs(mean_pearson_ic) >= 0.05
BB7_T2,BB,BB7,10.0,300,54,-0.2015170448492581,0.11160477086632009,0.9444444444444444,1.76761860254567e-18,-0.21106118428110288,0.10127399751212446,0.9629629629629629,4.1503445167297e-21,23031.0,85,"[1, 2, 3, 4, 5, 6, 7, 8, 9, 10, 11, 12, 13, 14, 15, 16, 17, 18, 19, 20, 21, 22, 23, 24, 25, 26, 27, 28, 29, 30, 31, 32, 33, 34, 35, 36, 37, 38, 39, 40, 41, 42, 43, 44, 45, 46, 47, 48, 49, 50, 51, 52, 53, 54, 55, 56, 57, 58, 59, 60, 61, 62, 63, 64, 80, 81, 82, 83, 84, 85]","[65, 66, 67, 68, 69, 70, 71, 72, 73, 74, 75, 76, 77, 78, 79]","[86, 87, 88, 89, 90, 91, 92, 93, 94, 95, 96, 97, 98, 99, 100, 101, 102, 103, 104, 105, 106, 107, 108]",True,7.156624072339161e-17,True,1.3787729190426075e-19,True,development pearson_fdr_reject AND pearson_pct_same_sign >= 0.70 AND abs(mean_pearson_ic) >= 0.05
BB7_T3,BB,BB7,30.0,300,54,-0.2012004436085363,0.11134129583185816,0.9444444444444444,1.7112426342856927e-18,-0.20996749931540876,0.10118055025498729,0.9629629629629629,4.995266941118527e-21,23011.0,85,"[1, 2, 3, 4, 5, 6, 7, 8, 9, 10, 11, 12, 13, 14, 15, 16, 17, 18, 19, 20, 21, 22, 23, 24, 25, 26, 27, 28, 29, 30, 31, 32, 33, 34, 35, 36, 37, 38, 39, 40, 41, 42, 43, 44, 45, 46, 47, 48, 49, 50, 51, 52, 53, 54, 55, 56, 57, 58, 59, 60, 61, 62, 63, 64, 80, 81, 82, 83, 84, 85]","[65, 66, 67, 68, 69, 70, 71, 72, 73, 74, 75, 76, 77, 78, 79]","[86, 87, 88, 89, 90, 91, 92, 93, 94, 95, 96, 97, 98, 99, 100, 101, 102, 103, 104, 105, 106, 107, 108]",True,7.156624072339161e-17,True,1.3787729190426075e-19,True,development pearson_fdr_reject AND pearson_pct_same_sign >= 0.70 AND abs(mean_pearson_ic) >= 0.05
BB7_T4,BB,BB7,60.0,300,54,-0.20103852802415695,0.11126849250873218,0.9444444444444444,1.7218609206423043e-18,-0.20872526967414176,0.1013103522258079,0.9629629629629629,6.826543687343499e-21,22981.0,85,"[1, 2, 3, 4, 5, 6, 7, 8, 9, 10, 11, 12, 13, 14, 15, 16, 17, 18, 19, 20, 21, 22, 23, 24, 25, 26, 27, 28, 29, 30, 31, 32, 33, 34, 35, 36, 37, 38, 39, 40, 41, 42, 43, 44, 45, 46, 47, 48, 49, 50, 51, 52, 53, 54, 55, 56, 57, 58, 59, 60, 61, 62, 63, 64, 80, 81, 82, 83, 84, 85]","[65, 66, 67, 68, 69, 70, 71, 72, 73, 74, 75, 76, 77, 78, 79]","[86, 87, 88, 89, 90, 91, 92, 93, 94, 95, 96, 97, 98, 99, 100, 101, 102, 103, 104, 105, 106, 107, 108]",True,7.156624072339161e-17,True,1.5328284950100215e-19,True,development pearson_fdr_reject AND pearson_pct_same_sign >= 0.70 AND abs(mean_pearson_ic) >= 0.05
BB7_T5,BB,BB7,90.0,300,54,-0.2009117498545623,0.11134988020536815,0.9444444444444444,1.8206408821218756e-18,-0.20798247373278253,0.1015274501770339,0.9629629629629629,8.73373648758081e-21,22951.0,85,"[1, 2, 3, 4, 5, 6, 7, 8, 9, 10, 11, 12, 13, 14, 15, 16, 17, 18, 19, 20, 21, 22, 23, 24, 25, 26, 27, 28, 29, 30, 31, 32, 33, 34, 35, 36, 37, 38, 39, 40, 41, 42, 43, 44, 45, 46, 47, 48, 49, 50, 51, 52, 53, 54, 55, 56, 57, 58, 59, 60, 61, 62, 63, 64, 80, 81, 82, 83, 84, 85]","[65, 66, 67, 68, 69, 70, 71, 72, 73, 74, 75, 76, 77, 78, 79]","[86, 87, 88, 89, 90, 91, 92, 93, 94, 95, 96, 97, 98, 99, 100, 101, 102, 103, 104, 105, 106, 107, 108]",True,7.156624072339161e-17,True,1.7750035037995116e-19,True,development pearson_fdr_reject AND pearson_pct_same_sign >= 0.70 AND abs(mean_pearson_ic) >= 0.05
BB7_T6,BB,BB7,120.0,300,54,-0.20047880715616953,0.11140517449424776,0.9444444444444444,2.02947112709506e-18,-0.20711396120817843,0.101687350495065,0.9629629629629629,1.1193287219506424e-20,22921.0,85,"[1, 2, 3, 4, 5, 6, 7, 8, 9, 10, 11, 12, 13, 14, 15, 16, 17, 18, 19, 20, 21, 22, 23, 24, 25, 26, 27, 28, 29, 30, 31, 32, 33, 34, 35, 36, 37, 38, 39, 40, 41, 42, 43, 44, 45, 46, 47, 48, 49, 50, 51, 52, 53, 54, 55, 56, 57, 58, 59, 60, 61, 62, 63, 64, 80, 81, 82, 83, 84, 85]","[65, 66, 67, 68, 69, 70, 71, 72, 73, 74, 75, 76, 77, 78, 79]","[86, 87, 88, 89, 90, 91, 92, 93, 94, 95, 96, 97, 98, 99, 100, 101, 102, 103, 104, 105, 106, 107, 108]",True,7.539594348509067e-17,True,2.1122659702751248e-19,True,development pearson_fdr_reject AND pearson_pct_same_sign >= 0.70 AND abs(mean_pearson_ic) >= 0.05
BB7_T7,BB,BB7,300.0,300,54,-0.196885487387941,0.11525174516140543,0.9444444444444444,1.660927783037897e-17,-0.2017961076177481,0.10459500637000096,0.9629629629629629,1.1264242281212554e-19,22741.0,85,"[1, 2, 3, 4, 5, 6, 7, 8, 9, 10, 11, 12, 13, 14, 15, 16, 17, 18, 19, 20, 21, 22, 23, 24, 25, 26, 27, 28, 29, 30, 31, 32, 33, 34, 35, 36, 37, 38, 39, 40, 41, 42, 43, 44, 45, 46, 47, 48, 49, 50, 51, 52, 53, 54, 55, 56, 57, 58, 59, 60, 61, 62, 63, 64, 80, 81, 82, 83, 84, 85]","[65, 66, 67, 68, 69, 70, 71, 72, 73, 74, 75, 76, 77, 78, 79]","[86, 87, 88, 89, 90, 91, 92, 93, 94, 95, 96, 97, 98, 99, 100, 101, 102, 103, 104, 105, 106, 107, 108]",True,1.1650947654844273e-16,True,1.0840656568687849e-18,True,development pearson_fdr_reject AND pearson_pct_same_sign >= 0.70 AND abs(mean_pearson_ic) >= 0.05
BB7_T8,BB,BB7,600.0,300,54,-0.18782157106842412,0.11379938806112992,0.9444444444444444,6.489114216811359e-17,-0.19042115111484612,0.10303120433510017,0.9814814814814815,6.773970775386079e-19,22441.0,85,"[1, 2, 3, 4, 5, 6, 7, 8, 9, 10, 11, 12, 13, 14, 15, 16, 17, 18, 19, 20, 21, 22, 23, 24, 25, 26, 27, 28, 29, 30, 31, 32, 33, 34, 35, 36, 37, 38, 39, 40, 41, 42, 43, 44, 45, 46, 47, 48, 49, 50, 51, 52, 53, 54, 55, 56, 57, 58, 59, 60, 61, 62, 63, 64, 80, 81, 82, 83, 84, 85]","[65, 66, 67, 68, 69, 70, 71, 72, 73, 74, 75, 76, 77, 78, 79]","[86, 87, 88, 89, 90, 91, 92, 93, 94, 95, 96, 97, 98, 99, 100, 101, 102, 103, 104, 105, 106, 107, 108]",True,3.402107681196244e-16,True,5.283085559584403e-18,True,development pearson_fdr_reject AND pearson_pct_same_sign >= 0.70 AND abs(mean_pearson_ic) >= 0.05
BB7_T9,BB,BB7,900.0,300,54,-0.18442028010245373,0.11465819090502181,0.9629629629629629,1.7721723090295115e-16,-0.1848179955249215,0.10018576005921014,0.9629629629629629,7.316000402167286e-19,22141.0,85,"[1, 2, 3, 4, 5, 6, 7, 8, 9, 10, 11, 12, 13, 14, 15, 16, 17, 18, 19, 20, 21, 22, 23, 24, 25, 26, 27, 28, 29, 30, 31, 32, 33, 34, 35, 36, 37, 38, 39, 40, 41, 42, 43, 44, 45, 46, 47, 48, 49, 50, 51, 52, 53, 54, 55, 56, 57, 58, 59, 60, 61, 62, 63, 64, 80, 81, 82, 83, 84, 85]","[65, 66, 67, 68, 69, 70, 71, 72, 73, 74, 75, 76, 77, 78, 79]","[86, 87, 88, 89, 90, 91, 92, 93, 94, 95, 96, 97, 98, 99, 100, 101, 102, 103, 104, 105, 106, 107, 108]",True,8.229644257657207e-16,True,5.6674397734277975e-18,True,development pearson_fdr_reject AND pearson_pct_same_sign >= 0.70 AND abs(mean_pearson_ic) >= 0.05
BB8_T1,BB,BB8,5.0,300,54,-0.20146108417567982,0.1115585294349128,0.9444444444444444,1.7577505541830167e-18,-0.21093331320809494,0.10103055045465463,0.9629629629629629,3.8381958157829125e-21,23036.0,85,"[1, 2, 3, 4, 5, 6, 7, 8, 9, 10, 11, 12, 13, 14, 15, 16, 17, 18, 19, 20, 21, 22, 23, 24, 25, 26, 27, 28, 29, 30, 31, 32, 33, 34, 35, 36, 37, 38, 39, 40, 41, 42, 43, 44, 45, 46, 47, 48, 49, 50, 51, 52, 53, 54, 55, 56, 57, 58, 59, 60, 61, 62, 63, 64, 80, 81, 82, 83, 84, 85]","[65, 66, 67, 68, 69, 70, 71, 72, 73, 74, 75, 76, 77, 78, 79]","[86, 87, 88, 89, 90, 91, 92, 93, 94, 95, 96, 97, 98, 99, 100, 101, 102, 103, 104, 105, 106, 107, 108]",True,7.156624072339161e-17,True,1.3787729190426075e-19,True,development pearson_fdr_reject AND pearson_pct_same_sign >= 0.70 AND abs(mean_pearson_ic) >= 0.05
BB8_T10,BB,BB8,1500.0,300,54,-0.16577554367216663,0.10512400812697212,0.9444444444444444,3.7917853768801607e-16,-0.1720683491251465,0.09366693953219331,0.9444444444444444,8.701808400764206e-19,21541.0,85,"[1, 2, 3, 4, 5, 6, 7, 8, 9, 10, 11, 12, 13, 14, 15, 16, 17, 18, 19, 20, 21, 22, 23, 24, 25, 26, 27, 28, 29, 30, 31, 32, 33, 34, 35, 36, 37, 38, 39, 40, 41, 42, 43, 44, 45, 46, 47, 48, 49, 50, 51, 52, 53, 54, 55, 56, 57, 58, 59, 60, 61, 62, 63, 64, 80, 81, 82, 83, 84, 85]","[65, 66, 67, 68, 69, 70, 71, 72, 73, 74, 75, 76, 77, 78, 79]","[86, 87, 88, 89, 90, 91, 92, 93, 94, 95, 96, 97, 98, 99, 100, 101, 102, 103, 104, 105, 106, 107, 108]",True,1.6604079185197663e-15,True,6.6221911948546986e-18,True,development pearson_fdr_reject AND pearson_pct_same_sign >= 0.70 AND abs(mean_pearson_ic) >= 0.05
BB8_T11,BB,BB8,1800.0,300,54,-0.16406358942280969,0.10735312913046487,0.9444444444444444,1.2461672452084206e-15,-0.17109686212289835,0.09586360581629831,0.9444444444444444,2.839880659029911e-18,21241.0,85,"[1, 2, 3, 4, 5, 6, 7, 8, 9, 10, 11, 12, 13, 14, 15, 16, 17, 18, 19, 20, 21, 22, 23, 24, 25, 26, 27, 28, 29, 30, 31, 32, 33, 34, 35, 36, 37, 38, 39, 40, 41, 42, 43, 44, 45, 46, 47, 48, 49, 50, 51, 52, 53, 54, 55, 56, 57, 58, 59, 60, 61, 62, 63, 64, 80, 81, 82, 83, 84, 85]","[65, 66, 67, 68, 69, 70, 71, 72, 73, 74, 75, 76, 77, 78, 79]","[86, 87, 88, 89, 90, 91, 92, 93, 94, 95, 96, 97, 98, 99, 100, 101, 102, 103, 104, 105, 106, 107, 108]",True,5.1811165249038425e-15,True,1.9781829993847462e-17,True,development pearson_fdr_reject AND pearson_pct_same_sign >= 0.70 AND abs(mean_pearson_ic) >= 0.05
BB8_T12,BB,BB8,3600.0,300,54,-0.1586865645950922,0.10908710801546351,0.9259259259259259,7.757627419478676e-15,-0.16053417612904325,0.0944908693658495,0.9444444444444444,2.0678866341653717e-17,19441.0,85,"[1, 2, 3, 4, 5, 6, 7, 8, 9, 10, 11, 12, 13, 14, 15, 16, 17, 18, 19, 20, 21, 22, 23, 24, 25, 26, 27, 28, 29, 30, 31, 32, 33, 34, 35, 36, 37, 38, 39, 40, 41, 42, 43, 44, 45, 46, 47, 48, 49, 50, 51, 52, 53, 54, 55, 56, 57, 58, 59, 60, 61, 62, 63, 64, 80, 81, 82, 83, 84, 85]","[65, 66, 67, 68, 69, 70, 71, 72, 73, 74, 75, 76, 77, 78, 79]","[86, 87, 88, 89, 90, 91, 92, 93, 94, 95, 96, 97, 98, 99, 100, 101, 102, 103, 104, 105, 106, 107, 108]",True,3.149542036932882e-14,True,1.249046909272965e-16,True,development pearson_fdr_reject AND pearson_pct_same_sign >= 0.70 AND abs(mean_pearson_ic) >= 0.05
BB8_T2,BB,BB8,10.0,300,54,-0.2012039409920543,0.11133524190101392,0.9444444444444444,1.7062188649120327e-18,-0.2104330880679427,0.10078984799332527,0.9444444444444444,3.836360165054964e-21,23031.0,85,"[1, 2, 3, 4, 5, 6, 7, 8, 9, 10, 11, 12, 13, 14, 15, 16, 17, 18, 19, 20, 21, 22, 23, 24, 25, 26, 27, 28, 29, 30, 31, 32, 33, 34, 35, 36, 37, 38, 39, 40, 41, 42, 43, 44, 45, 46, 47, 48, 49, 50, 51, 52, 53, 54, 55, 56, 57, 58, 59, 60, 61, 62, 63, 64, 80, 81, 82, 83, 84, 85]","[65, 66, 67, 68, 69, 70, 71, 72, 73, 74, 75, 76, 77, 78, 79]","[86, 87, 88, 89, 90, 91, 92, 93, 94, 95, 96, 97, 98, 99, 100, 101, 102, 103, 104, 105, 106, 107, 108]",True,7.156624072339161e-17,True,1.3787729190426075e-19,True,development pearson_fdr_reject AND pearson_pct_same_sign >= 0.70 AND abs(mean_pearson_ic) >= 0.05
BB8_T3,BB,BB8,30.0,300,54,-0.20008641860381046,0.11052093320611026,0.9444444444444444,1.5867326513558468e-18,-0.20863072850960515,0.09990296628983338,0.9629629629629629,3.797173162370448e-21,23011.0,85,"[1, 2, 3, 4, 5, 6, 7, 8, 9, 10, 11, 12, 13, 14, 15, 16, 17, 18, 19, 20, 21, 22, 23, 24, 25, 26, 27, 28, 29, 30, 31, 32, 33, 34, 35, 36, 37, 38, 39, 40, 41, 42, 43, 44, 45, 46, 47, 48, 49, 50, 51, 52, 53, 54, 55, 56, 57, 58, 59, 60, 61, 62, 63, 64, 80, 81, 82, 83, 84, 85]","[65, 66, 67, 68, 69, 70, 71, 72, 73, 74, 75, 76, 77, 78, 79]","[86, 87, 88, 89, 90, 91, 92, 93, 94, 95, 96, 97, 98, 99, 100, 101, 102, 103, 104, 105, 106, 107, 108]",True,7.156624072339161e-17,True,1.3787729190426075e-19,True,development pearson_fdr_reject AND pearson_pct_same_sign >= 0.70 AND abs(mean_pearson_ic) >= 0.05
BB8_T4,BB,BB8,60.0,300,54,-0.19857227762545726,0.10953985185136957,0.9444444444444444,1.503086145066406e-18,-0.20628610203325656,0.09889055241743495,0.9629629629629629,3.985769745942056e-21,22981.0,85,"[1, 2, 3, 4, 5, 6, 7, 8, 9, 10, 11, 12, 13, 14, 15, 16, 17, 18, 19, 20, 21, 22, 23, 24, 25, 26, 27, 28, 29, 30, 31, 32, 33, 34, 35, 36, 37, 38, 39, 40, 41, 42, 43, 44, 45, 46, 47, 48, 49, 50, 51, 52, 53, 54, 55, 56, 57, 58, 59, 60, 61, 62, 63, 64, 80, 81, 82, 83, 84, 85]","[65, 66, 67, 68, 69, 70, 71, 72, 73, 74, 75, 76, 77, 78, 79]","[86, 87, 88, 89, 90, 91, 92, 93, 94, 95, 96, 97, 98, 99, 100, 101, 102, 103, 104, 105, 106, 107, 108]",True,7.156624072339161e-17,True,1.3787729190426075e-19,True,development pearson_fdr_reject AND pearson_pct_same_sign >= 0.70 AND abs(mean_pearson_ic) >= 0.05
BB8_T5,BB,BB8,90.0,300,54,-0.19709858809658112,0.10865619230180468,0.9444444444444444,1.4634856705664032e-18,-0.20394747602251045,0.09785801022869897,0.9629629629629629,4.145561727972825e-21,22951.0,85,"[1, 2, 3, 4, 5, 6, 7, 8, 9, 10, 11, 12, 13, 14, 15, 16, 17, 18, 19, 20, 21, 22, 23, 24, 25, 26, 27, 28, 29, 30, 31, 32, 33, 34, 35, 36, 37, 38, 39, 40, 41, 42, 43, 44, 45, 46, 47, 48, 49, 50, 51, 52, 53, 54, 55, 56, 57, 58, 59, 60, 61, 62, 63, 64, 80, 81, 82, 83, 84, 85]","[65, 66, 67, 68, 69, 70, 71, 72, 73, 74, 75, 76, 77, 78, 79]","[86, 87, 88, 89, 90, 91, 92, 93, 94, 95, 96, 97, 98, 99, 100, 101, 102, 103, 104, 105, 106, 107, 108]",True,7.156624072339161e-17,True,1.3787729190426075e-19,True,development pearson_fdr_reject AND pearson_pct_same_sign >= 0.70 AND abs(mean_pearson_ic) >= 0.05
BB8_T6,BB,BB8,120.0,300,54,-0.19558414216147912,0.10792562622174855,0.9444444444444444,1.5227243217197689e-18,-0.20173006573772082,0.09698671676253655,0.9444444444444444,4.519141217227249e-21,22921.0,85,"[1, 2, 3, 4, 5, 6, 7, 8, 9, 10, 11, 12, 13, 14, 15, 16, 17, 18, 19, 20, 21, 22, 23, 24, 25, 26, 27, 28, 29, 30, 31, 32, 33, 34, 35, 36, 37, 38, 39, 40, 41, 42, 43, 44, 45, 46, 47, 48, 49, 50, 51, 52, 53, 54, 55, 56, 57, 58, 59, 60, 61, 62, 63, 64, 80, 81, 82, 83, 84, 85]","[65, 66, 67, 68, 69, 70, 71, 72, 73, 74, 75, 76, 77, 78, 79]","[86, 87, 88, 89, 90, 91, 92, 93, 94, 95, 96, 97, 98, 99, 100, 101, 102, 103, 104, 105, 106, 107, 108]",True,7.156624072339161e-17,True,1.3787729190426075e-19,True,development pearson_fdr_reject AND pearson_pct_same_sign >= 0.70 AND abs(mean_pearson_ic) >= 0.05
BB8_T7,BB,BB8,300.0,300,54,-0.18844046528144623,0.10770427020789364,0.9444444444444444,6.367438789945094e-18,-0.19186585576858126,0.09574771527623677,0.9444444444444444,2.2514988897435588e-20,22741.0,85,"[1, 2, 3, 4, 5, 6, 7, 8, 9, 10, 11, 12, 13, 14, 15, 16, 17, 18, 19, 20, 21, 22, 23, 24, 25, 26, 27, 28, 29, 30, 31, 32, 33, 34, 35, 36, 37, 38, 39, 40, 41, 42, 43, 44, 45, 46, 47, 48, 49, 50, 51, 52, 53, 54, 55, 56, 57, 58, 59, 60, 61, 62, 63, 64, 80, 81, 82, 83, 84, 85]","[65, 66, 67, 68, 69, 70, 71, 72, 73, 74, 75, 76, 77, 78, 79]","[86, 87, 88, 89, 90, 91, 92, 93, 94, 95, 96, 97, 98, 99, 100, 101, 102, 103, 104, 105, 106, 107, 108]",True,8.784185536553094e-17,True,3.0505602604172533e-19,True,development pearson_fdr_reject AND pearson_pct_same_sign >= 0.70 AND abs(mean_pearson_ic) >= 0.05
BB8_T8,BB,BB8,600.0,300,54,-0.1790645275955955,0.1034331611649062,0.9444444444444444,9.746050110725001e-18,-0.1834240773050946,0.09324445113526525,0.9444444444444444,4.954496219356168e-20,22441.0,85,"[1, 2, 3, 4, 5, 6, 7, 8, 9, 10, 11, 12, 13, 14, 15, 16, 17, 18, 19, 20, 21, 22, 23, 24, 25, 26, 27, 28, 29, 30, 31, 32, 33, 34, 35, 36, 37, 38, 39, 40, 41, 42, 43, 44, 45, 46, 47, 48, 49, 50, 51, 52, 53, 54, 55, 56, 57, 58, 59, 60, 61, 62, 63, 64, 80, 81, 82, 83, 84, 85]","[65, 66, 67, 68, 69, 70, 71, 72, 73, 74, 75, 76, 77, 78, 79]","[86, 87, 88, 89, 90, 91, 92, 93, 94, 95, 96, 97, 98, 99, 100, 101, 102, 103, 104, 105, 106, 107, 108]",True,9.7601748210304e-17,True,5.486469371113962e-19,True,development pearson_fdr_reject AND pearson_pct_same_sign >= 0.70 AND abs(mean_pearson_ic) >= 0.05
BB8_T9,BB,BB8,900.0,300,54,-0.16932293325265024,0.10783477972937713,0.9444444444444444,4.466885685486424e-16,-0.17509295839691277,0.09430454274953802,0.9444444444444444,5.603025203065259e-19,22141.0,85,"[1, 2, 3, 4, 5, 6, 7, 8, 9, 10, 11, 12, 13, 14, 15, 16, 17, 18, 19, 20, 21, 22, 23, 24, 25, 26, 27, 28, 29, 30, 31, 32, 33, 34, 35, 36, 37, 38, 39, 40, 41, 42, 43, 44, 45, 46, 47, 48, 49, 50, 51, 52, 53, 54, 55, 56, 57, 58, 59, 60, 61, 62, 63, 64, 80, 81, 82, 83, 84, 85]","[65, 66, 67, 68, 69, 70, 71, 72, 73, 74, 75, 76, 77, 78, 79]","[86, 87, 88, 89, 90, 91, 92, 93, 94, 95, 96, 97, 98, 99, 100, 101, 102, 103, 104, 105, 106, 107, 108]",True,1.948622480221666e-15,True,4.514486489603442e-18,True,development pearson_fdr_reject AND pearson_pct_same_sign >= 0.70 AND abs(mean_pearson_ic) >= 0.05
PB10_T1,PB,PB10,15.0,300,54,-0.20156084751443548,0.11170332032359288,0.9444444444444444,1.8164384618248613e-18,-0.21125032715220396,0.101316769476652,0.9629629629629629,4.065904718938761e-21,23039.0,85,"[1, 2, 3, 4, 5, 6, 7, 8, 9, 10, 11, 12, 13, 14, 15, 16, 17, 18, 19, 20, 21, 22, 23, 24, 25, 26, 27, 28, 29, 30, 31, 32, 33, 34, 35, 36, 37, 38, 39, 40, 41, 42, 43, 44, 45, 46, 47, 48, 49, 50, 51, 52, 53, 54, 55, 56, 57, 58, 59, 60, 61, 62, 63, 64, 80, 81, 82, 83, 84, 85]","[65, 66, 67, 68, 69, 70, 71, 72, 73, 74, 75, 76, 77, 78, 79]","[86, 87, 88, 89, 90, 91, 92, 93, 94, 95, 96, 97, 98, 99, 100, 101, 102, 103, 104, 105, 106, 107, 108]",True,7.156624072339161e-17,True,1.3787729190426075e-19,True,development pearson_fdr_reject AND pearson_pct_same_sign >= 0.70 AND abs(mean_pearson_ic) >= 0.05
PB10_T10,PB,PB10,4500.0,300,54,-0.17896430170812486,0.09985526914132797,0.9629629629629629,2.3966513424825562e-18,-0.18449619030743847,0.09171263007474241,0.9814814814814815,1.906194450835728e-20,23039.0,85,"[1, 2, 3, 4, 5, 6, 7, 8, 9, 10, 11, 12, 13, 14, 15, 16, 17, 18, 19, 20, 21, 22, 23, 24, 25, 26, 27, 28, 29, 30, 31, 32, 33, 34, 35, 36, 37, 38, 39, 40, 41, 42, 43, 44, 45, 46, 47, 48, 49, 50, 51, 52, 53, 54, 55, 56, 57, 58, 59, 60, 61, 62, 63, 64, 80, 81, 82, 83, 84, 85]","[65, 66, 67, 68, 69, 70, 71, 72, 73, 74, 75, 76, 77, 78, 79]","[86, 87, 88, 89, 90, 91, 92, 93, 94, 95, 96, 97, 98, 99, 100, 101, 102, 103, 104, 105, 106, 107, 108]",True,8.625448321122117e-17,True,2.644940493027084e-19,True,development pearson_fdr_reject AND pearson_pct_same_sign >= 0.70 AND abs(mean_pearson_ic) >= 0.05
PB10_T11,PB,PB10,5400.0,300,54,-0.17590248188986857,0.09823003088465126,0.9629629629629629,2.480919020757281e-18,-0.18068945608593723,0.0884017492150208,0.9814814814814815,9.617898097440598e-21,23039.0,85,"[1, 2, 3, 4, 5, 6, 7, 8, 9, 10, 11, 12, 13, 14, 15, 16, 17, 18, 19, 20, 21, 22, 23, 24, 25, 26, 27, 28, 29, 30, 31, 32, 33, 34, 35, 36, 37, 38, 39, 40, 41, 42, 43, 44, 45, 46, 47, 48, 49, 50, 51, 52, 53, 54, 55, 56, 57, 58, 59, 60, 61, 62, 63, 64, 80, 81, 82, 83, 84, 85]","[65, 66, 67, 68, 69, 70, 71, 72, 73, 74, 75, 76, 77, 78, 79]","[86, 87, 88, 89, 90, 91, 92, 93, 94, 95, 96, 97, 98, 99, 100, 101, 102, 103, 104, 105, 106, 107, 108]",True,8.784185536553094e-17,True,1.8880589731055267e-19,True,development pearson_fdr_reject AND pearson_pct_same_sign >= 0.70 AND abs(mean_pearson_ic) >= 0.05
PB10_T12,PB,PB10,10800.0,300,54,-0.16769273866810888,0.10011233109455844,0.9444444444444444,3.6260088448711056e-17,-0.16843824451819708,0.09044740739096448,0.9629629629629629,4.944569737179634e-19,23039.0,85,"[1, 2, 3, 4, 5, 6, 7, 8, 9, 10, 11, 12, 13, 14, 15, 16, 17, 18, 19, 20, 21, 22, 23, 24, 25, 26, 27, 28, 29, 30, 31, 32, 33, 34, 35, 36, 37, 38, 39, 40, 41, 42, 43, 44, 45, 46, 47, 48, 49, 50, 51, 52, 53, 54, 55, 56, 57, 58, 59, 60, 61, 62, 63, 64, 80, 81, 82, 83, 84, 85]","[65, 66, 67, 68, 69, 70, 71, 72, 73, 74, 75, 76, 77, 78, 79]","[86, 87, 88, 89, 90, 91, 92, 93, 94, 95, 96, 97, 98, 99, 100, 101, 102, 103, 104, 105, 106, 107, 108]",True,2.067303722612157e-16,True,4.048573458190204e-18,True,development pearson_fdr_reject AND pearson_pct_same_sign >= 0.70 AND abs(mean_pearson_ic) >= 0.05
PB10_T2,PB,PB10,30.0,300,54,-0.20146464414771437,0.11167455029356145,0.9444444444444444,1.832859998098131e-18,-0.21106919929094123,0.10132526241810501,0.9629629629629629,4.23552982071538e-21,23039.0,85,"[1, 2, 3, 4, 5, 6, 7, 8, 9, 10, 11, 12, 13, 14, 15, 16, 17, 18, 19, 20, 21, 22, 23, 24, 25, 26, 27, 28, 29, 30, 31, 32, 33, 34, 35, 36, 37, 38, 39, 40, 41, 42, 43, 44, 45, 46, 47, 48, 49, 50, 51, 52, 53, 54, 55, 56, 57, 58, 59, 60, 61, 62, 63, 64, 80, 81, 82, 83, 84, 85]","[65, 66, 67, 68, 69, 70, 71, 72, 73, 74, 75, 76, 77, 78, 79]","[86, 87, 88, 89, 90, 91, 92, 93, 94, 95, 96, 97, 98, 99, 100, 101, 102, 103, 104, 105, 106, 107, 108]",True,7.156624072339161e-17,True,1.3787729190426075e-19,True,development pearson_fdr_reject AND pearson_pct_same_sign >= 0.70 AND abs(mean_pearson_ic) >= 0.05
PB10_T3,PB,PB10,90.0,300,54,-0.201325529708382,0.11164372959305625,0.9444444444444444,1.864243607845223e-18,-0.21038851411089532,0.10141956159788841,0.9629629629629629,5.072999015539242e-21,23039.0,85,"[1, 2, 3, 4, 5, 6, 7, 8, 9, 10, 11, 12, 13, 14, 15, 16, 17, 18, 19, 20, 21, 22, 23, 24, 25, 26, 27, 28, 29, 30, 31, 32, 33, 34, 35, 36, 37, 38, 39, 40, 41, 42, 43, 44, 45, 46, 47, 48, 49, 50, 51, 52, 53, 54, 55, 56, 57, 58, 59, 60, 61, 62, 63, 64, 80, 81, 82, 83, 84, 85]","[65, 66, 67, 68, 69, 70, 71, 72, 73, 74, 75, 76, 77, 78, 79]","[86, 87, 88, 89, 90, 91, 92, 93, 94, 95, 96, 97, 98, 99, 100, 101, 102, 103, 104, 105, 106, 107, 108]",True,7.156624072339161e-17,True,1.3787729190426075e-19,True,development pearson_fdr_reject AND pearson_pct_same_sign >= 0.70 AND abs(mean_pearson_ic) >= 0.05
PB10_T4,PB,PB10,180.0,300,54,-0.20131242688208997,0.1115717186120217,0.9444444444444444,1.8204899229191194e-18,-0.2095592567908051,0.10150863325257467,0.9629629629629629,6.252196227763677e-21,23039.0,85,"[1, 2, 3, 4, 5, 6, 7, 8, 9, 10, 11, 12, 13, 14, 15, 16, 17, 18, 19, 20, 21, 22, 23, 24, 25, 26, 27, 28, 29, 30, 31, 32, 33, 34, 35, 36, 37, 38, 39, 40, 41, 42, 43, 44, 45, 46, 47, 48, 49, 50, 51, 52, 53, 54, 55, 56, 57, 58, 59, 60, 61, 62, 63, 64, 80, 81, 82, 83, 84, 85]","[65, 66, 67, 68, 69, 70, 71, 72, 73, 74, 75, 76, 77, 78, 79]","[86, 87, 88, 89, 90, 91, 92, 93, 94, 95, 96, 97, 98, 99, 100, 101, 102, 103, 104, 105, 106, 107, 108]",True,7.156624072339161e-17,True,1.4458578952761336e-19,True,development pearson_fdr_reject AND pearson_pct_same_sign >= 0.70 AND abs(mean_pearson_ic) >= 0.05
PB10_T5,PB,PB10,270.0,300,54,-0.2014930488417095,0.11166590070228752,0.9444444444444444,1.8165409224890746e-18,-0.20920853925612615,0.10177841991638219,0.9629629629629629,7.5387743544154e-21,23039.0,85,"[1, 2, 3, 4, 5, 6, 7, 8, 9, 10, 11, 12, 13, 14, 15, 16, 17, 18, 19, 20, 21, 22, 23, 24, 25, 26, 27, 28, 29, 30, 31, 32, 33, 34, 35, 36, 37, 38, 39, 40, 41, 42, 43, 44, 45, 46, 47, 48, 49, 50, 51, 52, 53, 54, 55, 56, 57, 58, 59, 60, 61, 62, 63, 64, 80, 81, 82, 83, 84, 85]","[65, 66, 67, 68, 69, 70, 71, 72, 73, 74, 75, 76, 77, 78, 79]","[86, 87, 88, 89, 90, 91, 92, 93, 94, 95, 96, 97, 98, 99, 100, 101, 102, 103, 104, 105, 106, 107, 108]",True,7.156624072339161e-17,True,1.5762215343687374e-19,True,development pearson_fdr_reject AND pearson_pct_same_sign >= 0.70 AND abs(mean_pearson_ic) >= 0.05
PB10_T6,PB,PB10,360.0,300,54,-0.20156465593883807,0.11175742892199764,0.9444444444444444,1.8513791461133113e-18,-0.20880002551477078,0.10197920706096848,0.9629629629629629,8.930509573381154e-21,23039.0,85,"[1, 2, 3, 4, 5, 6, 7, 8, 9, 10, 11, 12, 13, 14, 15, 16, 17, 18, 19, 20, 21, 22, 23, 24, 25, 26, 27, 28, 29, 30, 31, 32, 33, 34, 35, 36, 37, 38, 39, 40, 41, 42, 43, 44, 45, 46, 47, 48, 49, 50, 51, 52, 53, 54, 55, 56, 57, 58, 59, 60, 61, 62, 63, 64, 80, 81, 82, 83, 84, 85]","[65, 66, 67, 68, 69, 70, 71, 72, 73, 74, 75, 76, 77, 78, 79]","[86, 87, 88, 89, 90, 91, 92, 93, 94, 95, 96, 97, 98, 99, 100, 101, 102, 103, 104, 105, 106, 107, 108]",True,7.156624072339161e-17,True,1.7893569631673388e-19,True,development pearson_fdr_reject AND pearson_pct_same_sign >= 0.70 AND abs(mean_pearson_ic) >= 0.05
PB10_T7,PB,PB10,900.0,300,54,-0.19891251101680105,0.11172399876098783,0.9444444444444444,3.1403380934950015e-18,-0.20423590288254345,0.1027499567330204,0.9444444444444444,3.182470070012611e-20,23039.0,85,"[1, 2, 3, 4, 5, 6, 7, 8, 9, 10, 11, 12, 13, 14, 15, 16, 17, 18, 19, 20, 21, 22, 23, 24, 25, 26, 27, 28, 29, 30, 31, 32, 33, 34, 35, 36, 37, 38, 39, 40, 41, 42, 43, 44, 45, 46, 47, 48, 49, 50, 51, 52, 53, 54, 55, 56, 57, 58, 59, 60, 61, 62, 63, 64, 80, 81, 82, 83, 84, 85]","[65, 66, 67, 68, 69, 70, 71, 72, 73, 74, 75, 76, 77, 78, 79]","[86, 87, 88, 89, 90, 91, 92, 93, 94, 95, 96, 97, 98, 99, 100, 101, 102, 103, 104, 105, 106, 107, 108]",True,8.784185536553094e-17,True,3.8990901035083584e-19,True,development pearson_fdr_reject AND pearson_pct_same_sign >= 0.70 AND abs(mean_pearson_ic) >= 0.05
PB10_T8,PB,PB10,1800.0,300,54,-0.19223365853774457,0.1089955425784228,0.9444444444444444,4.605264883286516e-18,-0.1954774695417568,0.10110650035618426,0.9629629629629629,1.03060802775257e-19,23039.0,85,"[1, 2, 3, 4, 5, 6, 7, 8, 9, 10, 11, 12, 13, 14, 15, 16, 17, 18, 19, 20, 21, 22, 23, 24, 25, 26, 27, 28, 29, 30, 31, 32, 33, 34, 35, 36, 37, 38, 39, 40, 41, 42, 43, 44, 45, 46, 47, 48, 49, 50, 51, 52, 53, 54, 55, 56, 57, 58, 59, 60, 61, 62, 63, 64, 80, 81, 82, 83, 84, 85]","[65, 66, 67, 68, 69, 70, 71, 72, 73, 74, 75, 76, 77, 78, 79]","[86, 87, 88, 89, 90, 91, 92, 93, 94, 95, 96, 97, 98, 99, 100, 101, 102, 103, 104, 105, 106, 107, 108]",True,8.784185536553094e-17,True,1.0002108808666095e-18,True,development pearson_fdr_reject AND pearson_pct_same_sign >= 0.70 AND abs(mean_pearson_ic) >= 0.05
PB10_T9,PB,PB10,2700.0,300,54,-0.18760501969684398,0.10227941254833105,0.9629629629629629,9.26352493495012e-19,-0.19192324654111037,0.0959841411366897,0.9814814814814815,2.4701103640151978e-20,23039.0,85,"[1, 2, 3, 4, 5, 6, 7, 8, 9, 10, 11, 12, 13, 14, 15, 16, 17, 18, 19, 20, 21, 22, 23, 24, 25, 26, 27, 28, 29, 30, 31, 32, 33, 34, 35, 36, 37, 38, 39, 40, 41, 42, 43, 44, 45, 46, 47, 48, 49, 50, 51, 52, 53, 54, 55, 56, 57, 58, 59, 60, 61, 62, 63, 64, 80, 81, 82, 83, 84, 85]","[65, 66, 67, 68, 69, 70, 71, 72, 73, 74, 75, 76, 77, 78, 79]","[86, 87, 88, 89, 90, 91, 92, 93, 94, 95, 96, 97, 98, 99, 100, 101, 102, 103, 104, 105, 106, 107, 108]",True,7.156624072339161e-17,True,3.290518091047943e-19,True,development pearson_fdr_reject AND pearson_pct_same_sign >= 0.70 AND abs(mean_pearson_ic) >= 0.05
PB11_T1,PB,PB11,15.0,300,54,-0.2014152605826397,0.11157965212831278,0.9444444444444444,1.788014200483751e-18,-0.2109452916699912,0.10109818272799348,0.9629629629629629,3.94165174218817e-21,23039.0,85,"[1, 2, 3, 4, 5, 6, 7, 8, 9, 10, 11, 12, 13, 14, 15, 16, 17, 18, 19, 20, 21, 22, 23, 24, 25, 26, 27, 28, 29, 30, 31, 32, 33, 34, 35, 36, 37, 38, 39, 40, 41, 42, 43, 44, 45, 46, 47, 48, 49, 50, 51, 52, 53, 54, 55, 56, 57, 58, 59, 60, 61, 62, 63, 64, 80, 81, 82, 83, 84, 85]","[65, 66, 67, 68, 69, 70, 71, 72, 73, 74, 75, 76, 77, 78, 79]","[86, 87, 88, 89, 90, 91, 92, 93, 94, 95, 96, 97, 98, 99, 100, 101, 102, 103, 104, 105, 106, 107, 108]",True,7.156624072339161e-17,True,1.3787729190426075e-19,True,development pearson_fdr_reject AND pearson_pct_same_sign >= 0.70 AND abs(mean_pearson_ic) >= 0.05
PB11_T10,PB,PB11,4500.0,300,54,-0.1726406960324305,0.09945429146829667,0.9444444444444444,8.746111381998033e-18,-0.18138597283082836,0.08837605529916753,0.9629629629629629,8.045730187791172e-21,23039.0,85,"[1, 2, 3, 4, 5, 6, 7, 8, 9, 10, 11, 12, 13, 14, 15, 16, 17, 18, 19, 20, 21, 22, 23, 24, 25, 26, 27, 28, 29, 30, 31, 32, 33, 34, 35, 36, 37, 38, 39, 40, 41, 42, 43, 44, 45, 46, 47, 48, 49, 50, 51, 52, 53, 54, 55, 56, 57, 58, 59, 60, 61, 62, 63, 64, 80, 81, 82, 83, 84, 85]","[65, 66, 67, 68, 69, 70, 71, 72, 73, 74, 75, 76, 77, 78, 79]","[86, 87, 88, 89, 90, 91, 92, 93, 94, 95, 96, 97, 98, 99, 100, 101, 102, 103, 104, 105, 106, 107, 108]",True,9.38441454186435e-17,True,1.6645507663963172e-19,True,development pearson_fdr_reject AND pearson_pct_same_sign >= 0.70 AND abs(mean_pearson_ic) >= 0.05
PB11_T11,PB,PB11,5400.0,300,54,-0.17102672797042556,0.10077829951602701,0.9629629629629629,2.1609754080477184e-17,-0.18125465809698535,0.0881745932061301,0.9444444444444444,7.522291962276301e-21,23039.0,85,"[1, 2, 3, 4, 5, 6, 7, 8, 9, 10, 11, 12, 13, 14, 15, 16, 17, 18, 19, 20, 21, 22, 23, 24, 25, 26, 27, 28, 29, 30, 31, 32, 33, 34, 35, 36, 37, 38, 39, 40, 41, 42, 43, 44, 45, 46, 47, 48, 49, 50, 51, 52, 53, 54, 55, 56, 57, 58, 59, 60, 61, 62, 63, 64, 80, 81, 82, 83, 84, 85]","[65, 66, 67, 68, 69, 70, 71, 72, 73, 74, 75, 76, 77, 78, 79]","[86, 87, 88, 89, 90, 91, 92, 93, 94, 95, 96, 97, 98, 99, 100, 101, 102, 103, 104, 105, 106, 107, 108]",True,1.3640277871265007e-16,True,1.5762215343687374e-19,True,development pearson_fdr_reject AND pearson_pct_same_sign >= 0.70 AND abs(mean_pearson_ic) >= 0.05
PB11_T12,PB,PB11,10800.0,300,54,-0.16033828815392062,0.0981059078497104,0.9629629629629629,9.526802122037002e-17,-0.16290160152582656,0.0851890569473483,0.9629629629629629,1.637116871571834e-19,23039.0,85,"[1, 2, 3, 4, 5, 6, 7, 8, 9, 10, 11, 12, 13, 14, 15, 16, 17, 18, 19, 20, 21, 22, 23, 24, 25, 26, 27, 28, 29, 30, 31, 32, 33, 34, 35, 36, 37, 38, 39, 40, 41, 42, 43, 44, 45, 46, 47, 48, 49, 50, 51, 52, 53, 54, 55, 56, 57, 58, 59, 60, 61, 62, 63, 64, 80, 81, 82, 83, 84, 85]","[65, 66, 67, 68, 69, 70, 71, 72, 73, 74, 75, 76, 77, 78, 79]","[86, 87, 88, 89, 90, 91, 92, 93, 94, 95, 96, 97, 98, 99, 100, 101, 102, 103, 104, 105, 106, 107, 108]",True,4.784171705179919e-16,True,1.4963594685927743e-18,True,development pearson_fdr_reject AND pearson_pct_same_sign >= 0.70 AND abs(mean_pearson_ic) >= 0.05
PB11_T2,PB,PB11,30.0,300,54,-0.20116868108268246,0.11142147242152564,0.9444444444444444,1.7738892355424627e-18,-0.21051614920946266,0.1009189794965319,0.9444444444444444,3.9868058382664464e-21,23039.0,85,"[1, 2, 3, 4, 5, 6, 7, 8, 9, 10, 11, 12, 13, 14, 15, 16, 17, 18, 19, 20, 21, 22, 23, 24, 25, 26, 27, 28, 29, 30, 31, 32, 33, 34, 35, 36, 37, 38, 39, 40, 41, 42, 43, 44, 45, 46, 47, 48, 49, 50, 51, 52, 53, 54, 55, 56, 57, 58, 59, 60, 61, 62, 63, 64, 80, 81, 82, 83, 84, 85]","[65, 66, 67, 68, 69, 70, 71, 72, 73, 74, 75, 76, 77, 78, 79]","[86, 87, 88, 89, 90, 91, 92, 93, 94, 95, 96, 97, 98, 99, 100, 101, 102, 103, 104, 105, 106, 107, 108]",True,7.156624072339161e-17,True,1.3787729190426075e-19,True,development pearson_fdr_reject AND pearson_pct_same_sign >= 0.70 AND abs(mean_pearson_ic) >= 0.05
PB11_T3,PB,PB11,90.0,300,54,-0.20018978581211389,0.11083176236977939,0.9444444444444444,1.7430095891637427e-18,-0.20903047484011866,0.10023985107459926,0.9444444444444444,4.0443635690792164e-21,23039.0,85,"[1, 2, 3, 4, 5, 6, 7, 8, 9, 10, 11, 12, 13, 14, 15, 16, 17, 18, 19, 20, 21, 22, 23, 24, 25, 26, 27, 28, 29, 30, 31, 32, 33, 34, 35, 36, 37, 38, 39, 40, 41, 42, 43, 44, 45, 46, 47, 48, 49, 50, 51, 52, 53, 54, 55, 56, 57, 58, 59, 60, 61, 62, 63, 64, 80, 81, 82, 83, 84, 85]","[65, 66, 67, 68, 69, 70, 71, 72, 73, 74, 75, 76, 77, 78, 79]","[86, 87, 88, 89, 90, 91, 92, 93, 94, 95, 96, 97, 98, 99, 100, 101, 102, 103, 104, 105, 106, 107, 108]",True,7.156624072339161e-17,True,1.3787729190426075e-19,True,development pearson_fdr_reject AND pearson_pct_same_sign >= 0.70 AND abs(mean_pearson_ic) >= 0.05
PB11_T4,PB,PB11,180.0,300,54,-0.19896648928108493,0.11002917071822307,0.9444444444444444,1.6635706055270173e-18,-0.20695056261723505,0.09924194745738055,0.9444444444444444,4.043498801567233e-21,23039.0,85,"[1, 2, 3, 4, 5, 6, 7, 8, 9, 10, 11, 12, 13, 14, 15, 16, 17, 18, 19, 20, 21, 22, 23, 24, 25, 26, 27, 28, 29, 30, 31, 32, 33, 34, 35, 36, 37, 38, 39, 40, 41, 42, 43, 44, 45, 46, 47, 48, 49, 50, 51, 52, 53, 54, 55, 56, 57, 58, 59, 60, 61, 62, 63, 64, 80, 81, 82, 83, 84, 85]","[65, 66, 67, 68, 69, 70, 71, 72, 73, 74, 75, 76, 77, 78, 79]","[86, 87, 88, 89, 90, 91, 92, 93, 94, 95, 96, 97, 98, 99, 100, 101, 102, 103, 104, 105, 106, 107, 108]",True,7.156624072339161e-17,True,1.3787729190426075e-19,True,development pearson_fdr_reject AND pearson_pct_same_sign >= 0.70 AND abs(mean_pearson_ic) >= 0.05
PB11_T5,PB,PB11,270.0,300,54,-0.19796009068190268,0.10929437429637129,0.9444444444444444,1.5560519253282206e-18,-0.205107812876491,0.0984573016089719,0.9444444444444444,4.224053992503893e-21,23039.0,85,"[1, 2, 3, 4, 5, 6, 7, 8, 9, 10, 11, 12, 13, 14, 15, 16, 17, 18, 19, 20, 21, 22, 23, 24, 25, 26, 27, 28, 29, 30, 31, 32, 33, 34, 35, 36, 37, 38, 39, 40, 41, 42, 43, 44, 45, 46, 47, 48, 49, 50, 51, 52, 53, 54, 55, 56, 57, 58, 59, 60, 61, 62, 63, 64, 80, 81, 82, 83, 84, 85]","[65, 66, 67, 68, 69, 70, 71, 72, 73, 74, 75, 76, 77, 78, 79]","[86, 87, 88, 89, 90, 91, 92, 93, 94, 95, 96, 97, 98, 99, 100, 101, 102, 103, 104, 105, 106, 107, 108]",True,7.156624072339161e-17,True,1.3787729190426075e-19,True,development pearson_fdr_reject AND pearson_pct_same_sign >= 0.70 AND abs(mean_pearson_ic) >= 0.05
PB11_T6,PB,PB11,360.0,300,54,-0.1970262066319911,0.1086617361861497,0.9444444444444444,1.4888267908249537e-18,-0.20346530242672656,0.0976718240492521,0.9444444444444444,4.2296359283146806e-21,23039.0,85,"[1, 2, 3, 4, 5, 6, 7, 8, 9, 10, 11, 12, 13, 14, 15, 16, 17, 18, 19, 20, 21, 22, 23, 24, 25, 26, 27, 28, 29, 30, 31, 32, 33, 34, 35, 36, 37, 38, 39, 40, 41, 42, 43, 44, 45, 46, 47, 48, 49, 50, 51, 52, 53, 54, 55, 56, 57, 58, 59, 60, 61, 62, 63, 64, 80, 81, 82, 83, 84, 85]","[65, 66, 67, 68, 69, 70, 71, 72, 73, 74, 75, 76, 77, 78, 79]","[86, 87, 88, 89, 90, 91, 92, 93, 94, 95, 96, 97, 98, 99, 100, 101, 102, 103, 104, 105, 106, 107, 108]",True,7.156624072339161e-17,True,1.3787729190426075e-19,True,development pearson_fdr_reject AND pearson_pct_same_sign >= 0.70 AND abs(mean_pearson_ic) >= 0.05
PB11_T7,PB,PB11,900.0,300,54,-0.19014899072175936,0.10558581251006631,0.9444444444444444,1.968228110316359e-18,-0.19436771509946185,0.09484083852586159,0.9444444444444444,8.574298106374166e-21,23039.0,85,"[1, 2, 3, 4, 5, 6, 7, 8, 9, 10, 11, 12, 13, 14, 15, 16, 17, 18, 19, 20, 21, 22, 23, 24, 25, 26, 27, 28, 29, 30, 31, 32, 33, 34, 35, 36, 37, 38, 39, 40, 41, 42, 43, 44, 45, 46, 47, 48, 49, 50, 51, 52, 53, 54, 55, 56, 57, 58, 59, 60, 61, 62, 63, 64, 80, 81, 82, 83, 84, 85]","[65, 66, 67, 68, 69, 70, 71, 72, 73, 74, 75, 76, 77, 78, 79]","[86, 87, 88, 89, 90, 91, 92, 93, 94, 95, 96, 97, 98, 99, 100, 101, 102, 103, 104, 105, 106, 107, 108]",True,7.39155230559024e-17,True,1.7529112400901033e-19,True,development pearson_fdr_reject AND pearson_pct_same_sign >= 0.70 AND abs(mean_pearson_ic) >= 0.05
PB11_T8,PB,PB11,1800.0,300,54,-0.18176747729335682,0.10228914527027604,0.9444444444444444,3.39388712757924e-18,-0.18845712940764148,0.09543153360841942,0.9444444444444444,4.2003312490601727e-20,23039.0,85,"[1, 2, 3, 4, 5, 6, 7, 8, 9, 10, 11, 12, 13, 14, 15, 16, 17, 18, 19, 20, 21, 22, 23, 24, 25, 26, 27, 28, 29, 30, 31, 32, 33, 34, 35, 36, 37, 38, 39, 40, 41, 42, 43, 44, 45, 46, 47, 48, 49, 50, 51, 52, 53, 54, 55, 56, 57, 58, 59, 60, 61, 62, 63, 64, 80, 81, 82, 83, 84, 85]","[65, 66, 67, 68, 69, 70, 71, 72, 73, 74, 75, 76, 77, 78, 79]","[86, 87, 88, 89, 90, 91, 92, 93, 94, 95, 96, 97, 98, 99, 100, 101, 102, 103, 104, 105, 106, 107, 108]",True,8.784185536553094e-17,True,4.797774401743865e-19,True,development pearson_fdr_reject AND pearson_pct_same_sign >= 0.70 AND abs(mean_pearson_ic) >= 0.05
PB11_T9,PB,PB11,2700.0,300,54,-0.1767697555535106,0.10083224593866538,0.9444444444444444,5.874103729135932e-18,-0.18404794826975907,0.09306977180632316,0.9444444444444444,3.959903774265725e-20,23039.0,85,"[1, 2, 3, 4, 5, 6, 7, 8, 9, 10, 11, 12, 13, 14, 15, 16, 17, 18, 19, 20, 21, 22, 23, 24, 25, 26, 27, 28, 29, 30, 31, 32, 33, 34, 35, 36, 37, 38, 39, 40, 41, 42, 43, 44, 45, 46, 47, 48, 49, 50, 51, 52, 53, 54, 55, 56, 57, 58, 59, 60, 61, 62, 63, 64, 80, 81, 82, 83, 84, 85]","[65, 66, 67, 68, 69, 70, 71, 72, 73, 74, 75, 76, 77, 78, 79]","[86, 87, 88, 89, 90, 91, 92, 93, 94, 95, 96, 97, 98, 99, 100, 101, 102, 103, 104, 105, 106, 107, 108]",True,8.784185536553094e-17,True,4.622117412191918e-19,True,development pearson_fdr_reject AND pearson_pct_same_sign >= 0.70 AND abs(mean_pearson_ic) >= 0.05
PB12_T12,PB,PB12,10800.0,300,54,-0.07714657689593694,0.1247182959902431,0.7592592592592593,3.212347237618629e-05,-0.0767081364711963,0.12736288090327136,0.7592592592592593,4.8227412311753205e-05,19440.0,85,"[1, 2, 3, 4, 5, 6, 7, 8, 9, 10, 11, 12, 13, 14, 15, 16, 17, 18, 19, 20, 21, 22, 23, 24, 25, 26, 27, 28, 29, 30, 31, 32, 33, 34, 35, 36, 37, 38, 39, 40, 41, 42, 43, 44, 45, 46, 47, 48, 49, 50, 51, 52, 53, 54, 55, 56, 57, 58, 59, 60, 61, 62, 63, 64, 80, 81, 82, 83, 84, 85]","[65, 66, 67, 68, 69, 70, 71, 72, 73, 74, 75, 76, 77, 78, 79]","[86, 87, 88, 89, 90, 91, 92, 93, 94, 95, 96, 97, 98, 99, 100, 101, 102, 103, 104, 105, 106, 107, 108]",True,8.822463995209102e-05,True,9.971616724923561e-05,True,development pearson_fdr_reject AND pearson_pct_same_sign >= 0.70 AND abs(mean_pearson_ic) >= 0.05
PB13_T12,PB,PB13,10800.0,300,54,-0.07248359118149711,0.11271560958872308,0.7962962962962963,1.7306624101355366e-05,-0.07247097244206693,0.11599708234968685,0.7777777777777778,2.7491935505001578e-05,23039.0,85,"[1, 2, 3, 4, 5, 6, 7, 8, 9, 10, 11, 12, 13, 14, 15, 16, 17, 18, 19, 20, 21, 22, 23, 24, 25, 26, 27, 28, 29, 30, 31, 32, 33, 34, 35, 36, 37, 38, 39, 40, 41, 42, 43, 44, 45, 46, 47, 48, 49, 50, 51, 52, 53, 54, 55, 56, 57, 58, 59, 60, 61, 62, 63, 64, 80, 81, 82, 83, 84, 85]","[65, 66, 67, 68, 69, 70, 71, 72, 73, 74, 75, 76, 77, 78, 79]","[86, 87, 88, 89, 90, 91, 92, 93, 94, 95, 96, 97, 98, 99, 100, 101, 102, 103, 104, 105, 106, 107, 108]",True,4.9376041511298755e-05,True,5.87049673484428e-05,True,development pearson_fdr_reject AND pearson_pct_same_sign >= 0.70 AND abs(mean_pearson_ic) >= 0.05
PB14_T12,PB,PB14,10800.0,300,54,-0.0741295168093269,0.128799490574779,0.7962962962962963,9.312210312609417e-05,-0.0769401559980702,0.13160754089162702,0.7777777777777778,7.458122606675175e-05,19440.0,85,"[1, 2, 3, 4, 5, 6, 7, 8, 9, 10, 11, 12, 13, 14, 15, 16, 17, 18, 19, 20, 21, 22, 23, 24, 25, 26, 27, 28, 29, 30, 31, 32, 33, 34, 35, 36, 37, 38, 39, 40, 41, 42, 43, 44, 45, 46, 47, 48, 49, 50, 51, 52, 53, 54, 55, 56, 57, 58, 59, 60, 61, 62, 63, 64, 80, 81, 82, 83, 84, 85]","[65, 66, 67, 68, 69, 70, 71, 72, 73, 74, 75, 76, 77, 78, 79]","[86, 87, 88, 89, 90, 91, 92, 93, 94, 95, 96, 97, 98, 99, 100, 101, 102, 103, 104, 105, 106, 107, 108]",True,0.00023726907544296117,True,0.00015166458861720264,True,development pearson_fdr_reject AND pearson_pct_same_sign >= 0.70 AND abs(mean_pearson_ic) >= 0.05
PB1_T12,PB,PB1,10800.0,300,54,-0.07722519972946482,0.12459602436560283,0.7592592592592593,3.114133018464005e-05,-0.07670813640186039,0.12736288078941357,0.7592592592592593,4.822741231891308e-05,19440.0,85,"[1, 2, 3, 4, 5, 6, 7, 8, 9, 10, 11, 12, 13, 14, 15, 16, 17, 18, 19, 20, 21, 22, 23, 24, 25, 26, 27, 28, 29, 30, 31, 32, 33, 34, 35, 36, 37, 38, 39, 40, 41, 42, 43, 44, 45, 46, 47, 48, 49, 50, 51, 52, 53, 54, 55, 56, 57, 58, 59, 60, 61, 62, 63, 64, 80, 81, 82, 83, 84, 85]","[65, 66, 67, 68, 69, 70, 71, 72, 73, 74, 75, 76, 77, 78, 79]","[86, 87, 88, 89, 90, 91, 92, 93, 94, 95, 96, 97, 98, 99, 100, 101, 102, 103, 104, 105, 106, 107, 108]",True,8.607463663034741e-05,True,9.971616724923561e-05,True,development pearson_fdr_reject AND pearson_pct_same_sign >= 0.70 AND abs(mean_pearson_ic) >= 0.05
PB4_T12,PB,PB4,10800.0,300,54,-0.07722519972946469,0.12459602436560287,0.7592592592592593,3.1141330184640885e-05,-0.07670813616376161,0.12736288069630408,0.7592592592592593,4.822741402994869e-05,19440.0,85,"[1, 2, 3, 4, 5, 6, 7, 8, 9, 10, 11, 12, 13, 14, 15, 16, 17, 18, 19, 20, 21, 22, 23, 24, 25, 26, 27, 28, 29, 30, 31, 32, 33, 34, 35, 36, 37, 38, 39, 40, 41, 42, 43, 44, 45, 46, 47, 48, 49, 50, 51, 52, 53, 54, 55, 56, 57, 58, 59, 60, 61, 62, 63, 64, 80, 81, 82, 83, 84, 85]","[65, 66, 67, 68, 69, 70, 71, 72, 73, 74, 75, 76, 77, 78, 79]","[86, 87, 88, 89, 90, 91, 92, 93, 94, 95, 96, 97, 98, 99, 100, 101, 102, 103, 104, 105, 106, 107, 108]",True,8.607463663034741e-05,True,9.971616724923561e-05,True,development pearson_fdr_reject AND pearson_pct_same_sign >= 0.70 AND abs(mean_pearson_ic) >= 0.05
PB5_T12,PB,PB5,10800.0,300,54,-0.07714657689593661,0.12471829599024309,0.7592592592592593,3.212347237618828e-05,-0.0767081364711963,0.12736288090327136,0.7592592592592593,4.8227412311753205e-05,19440.0,85,"[1, 2, 3, 4, 5, 6, 7, 8, 9, 10, 11, 12, 13, 14, 15, 16, 17, 18, 19, 20, 21, 22, 23, 24, 25, 26, 27, 28, 29, 30, 31, 32, 33, 34, 35, 36, 37, 38, 39, 40, 41, 42, 43, 44, 45, 46, 47, 48, 49, 50, 51, 52, 53, 54, 55, 56, 57, 58, 59, 60, 61, 62, 63, 64, 80, 81, 82, 83, 84, 85]","[65, 66, 67, 68, 69, 70, 71, 72, 73, 74, 75, 76, 77, 78, 79]","[86, 87, 88, 89, 90, 91, 92, 93, 94, 95, 96, 97, 98, 99, 100, 101, 102, 103, 104, 105, 106, 107, 108]",True,8.822463995209102e-05,True,9.971616724923561e-05,True,development pearson_fdr_reject AND pearson_pct_same_sign >= 0.70 AND abs(mean_pearson_ic) >= 0.05
PB6_T10,PB,PB6,4500.0,300,54,-0.06745400588334599,0.1323553359032464,0.7592592592592593,0.0004459584247884016,-0.06761076238051011,0.1319537217765508,0.7407407407407407,0.0004185751272996869,18542.0,85,"[1, 2, 3, 4, 5, 6, 7, 8, 9, 10, 11, 12, 13, 14, 15, 16, 17, 18, 19, 20, 21, 22, 23, 24, 25, 26, 27, 28, 29, 30, 31, 32, 33, 34, 35, 36, 37, 38, 39, 40, 41, 42, 43, 44, 45, 46, 47, 48, 49, 50, 51, 52, 53, 54, 55, 56, 57, 58, 59, 60, 61, 62, 63, 64, 80, 81, 82, 83, 84, 85]","[65, 66, 67, 68, 69, 70, 71, 72, 73, 74, 75, 76, 77, 78, 79]","[86, 87, 88, 89, 90, 91, 92, 93, 94, 95, 96, 97, 98, 99, 100, 101, 102, 103, 104, 105, 106, 107, 108]",True,0.001021741616474753,True,0.0007729433804491813,True,development pearson_fdr_reject AND pearson_pct_same_sign >= 0.70 AND abs(mean_pearson_ic) >= 0.05
PB6_T11,PB,PB6,5400.0,300,54,-0.07273590270201438,0.12594295996603885,0.7962962962962963,8.871139290852813e-05,-0.07289037936362211,0.12536918761845237,0.7962962962962963,8.06911258544769e-05,17642.0,85,"[1, 2, 3, 4, 5, 6, 7, 8, 9, 10, 11, 12, 13, 14, 15, 16, 17, 18, 19, 20, 21, 22, 23, 24, 25, 26, 27, 28, 29, 30, 31, 32, 33, 34, 35, 36, 37, 38, 39, 40, 41, 42, 43, 44, 45, 46, 47, 48, 49, 50, 51, 52, 53, 54, 55, 56, 57, 58, 59, 60, 61, 62, 63, 64, 80, 81, 82, 83, 84, 85]","[65, 66, 67, 68, 69, 70, 71, 72, 73, 74, 75, 76, 77, 78, 79]","[86, 87, 88, 89, 90, 91, 92, 93, 94, 95, 96, 97, 98, 99, 100, 101, 102, 103, 104, 105, 106, 107, 108]",True,0.0002270354537029368,True,0.00016312922166601384,True,development pearson_fdr_reject AND pearson_pct_same_sign >= 0.70 AND abs(mean_pearson_ic) >= 0.05
PB6_T12,PB,PB6,10800.0,300,54,-0.12753243745946038,0.123802745963012,0.8703703703703703,5.466572869362002e-10,-0.1239847841101781,0.124359627335197,0.8333333333333334,1.3460692160801376e-09,12242.0,85,"[1, 2, 3, 4, 5, 6, 7, 8, 9, 10, 11, 12, 13, 14, 15, 16, 17, 18, 19, 20, 21, 22, 23, 24, 25, 26, 27, 28, 29, 30, 31, 32, 33, 34, 35, 36, 37, 38, 39, 40, 41, 42, 43, 44, 45, 46, 47, 48, 49, 50, 51, 52, 53, 54, 55, 56, 57, 58, 59, 60, 61, 62, 63, 64, 80, 81, 82, 83, 84, 85]","[65, 66, 67, 68, 69, 70, 71, 72, 73, 74, 75, 76, 77, 78, 79]","[86, 87, 88, 89, 90, 91, 92, 93, 94, 95, 96, 97, 98, 99, 100, 101, 102, 103, 104, 105, 106, 107, 108]",True,2.0709439982067675e-09,True,4.476101194953682e-09,True,development pearson_fdr_reject AND pearson_pct_same_sign >= 0.70 AND abs(mean_pearson_ic) >= 0.05
PB9_T1,PB,PB9,15.0,300,54,-0.2016583796403525,0.11173558238936741,0.9444444444444444,1.801993372404578e-18,-0.21138063002478125,0.10127749335643209,0.9629629629629629,3.892394790272658e-21,23039.0,85,"[1, 2, 3, 4, 5, 6, 7, 8, 9, 10, 11, 12, 13, 14, 15, 16, 17, 18, 19, 20, 21, 22, 23, 24, 25, 26, 27, 28, 29, 30, 31, 32, 33, 34, 35, 36, 37, 38, 39, 40, 41, 42, 43, 44, 45, 46, 47, 48, 49, 50, 51, 52, 53, 54, 55, 56, 57, 58, 59, 60, 61, 62, 63, 64, 80, 81, 82, 83, 84, 85]","[65, 66, 67, 68, 69, 70, 71, 72, 73, 74, 75, 76, 77, 78, 79]","[86, 87, 88, 89, 90, 91, 92, 93, 94, 95, 96, 97, 98, 99, 100, 101, 102, 103, 104, 105, 106, 107, 108]",True,7.156624072339161e-17,True,1.3787729190426075e-19,True,development pearson_fdr_reject AND pearson_pct_same_sign >= 0.70 AND abs(mean_pearson_ic) >= 0.05
PB9_T10,PB,PB9,4500.0,300,54,-0.2016583796403525,0.11173558238936741,0.9444444444444444,1.801993372404578e-18,-0.21138063002478125,0.10127749335643209,0.9629629629629629,3.892394790272658e-21,23039.0,85,"[1, 2, 3, 4, 5, 6, 7, 8, 9, 10, 11, 12, 13, 14, 15, 16, 17, 18, 19, 20, 21, 22, 23, 24, 25, 26, 27, 28, 29, 30, 31, 32, 33, 34, 35, 36, 37, 38, 39, 40, 41, 42, 43, 44, 45, 46, 47, 48, 49, 50, 51, 52, 53, 54, 55, 56, 57, 58, 59, 60, 61, 62, 63, 64, 80, 81, 82, 83, 84, 85]","[65, 66, 67, 68, 69, 70, 71, 72, 73, 74, 75, 76, 77, 78, 79]","[86, 87, 88, 89, 90, 91, 92, 93, 94, 95, 96, 97, 98, 99, 100, 101, 102, 103, 104, 105, 106, 107, 108]",True,7.156624072339161e-17,True,1.3787729190426075e-19,True,development pearson_fdr_reject AND pearson_pct_same_sign >= 0.70 AND abs(mean_pearson_ic) >= 0.05
PB9_T11,PB,PB9,5400.0,300,54,-0.2016583796403525,0.11173558238936741,0.9444444444444444,1.801993372404578e-18,-0.21138063002478125,0.10127749335643209,0.9629629629629629,3.892394790272658e-21,23039.0,85,"[1, 2, 3, 4, 5, 6, 7, 8, 9, 10, 11, 12, 13, 14, 15, 16, 17, 18, 19, 20, 21, 22, 23, 24, 25, 26, 27, 28, 29, 30, 31, 32, 33, 34, 35, 36, 37, 38, 39, 40, 41, 42, 43, 44, 45, 46, 47, 48, 49, 50, 51, 52, 53, 54, 55, 56, 57, 58, 59, 60, 61, 62, 63, 64, 80, 81, 82, 83, 84, 85]","[65, 66, 67, 68, 69, 70, 71, 72, 73, 74, 75, 76, 77, 78, 79]","[86, 87, 88, 89, 90, 91, 92, 93, 94, 95, 96, 97, 98, 99, 100, 101, 102, 103, 104, 105, 106, 107, 108]",True,7.156624072339161e-17,True,1.3787729190426075e-19,True,development pearson_fdr_reject AND pearson_pct_same_sign >= 0.70 AND abs(mean_pearson_ic) >= 0.05
PB9_T12,PB,PB9,10800.0,300,54,-0.2016583796403525,0.11173558238936741,0.9444444444444444,1.801993372404578e-18,-0.21138063002478125,0.10127749335643209,0.9629629629629629,3.892394790272658e-21,23039.0,85,"[1, 2, 3, 4, 5, 6, 7, 8, 9, 10, 11, 12, 13, 14, 15, 16, 17, 18, 19, 20, 21, 22, 23, 24, 25, 26, 27, 28, 29, 30, 31, 32, 33, 34, 35, 36, 37, 38, 39, 40, 41, 42, 43, 44, 45, 46, 47, 48, 49, 50, 51, 52, 53, 54, 55, 56, 57, 58, 59, 60, 61, 62, 63, 64, 80, 81, 82, 83, 84, 85]","[65, 66, 67, 68, 69, 70, 71, 72, 73, 74, 75, 76, 77, 78, 79]","[86, 87, 88, 89, 90, 91, 92, 93, 94, 95, 96, 97, 98, 99, 100, 101, 102, 103, 104, 105, 106, 107, 108]",True,7.156624072339161e-17,True,1.3787729190426075e-19,True,development pearson_fdr_reject AND pearson_pct_same_sign >= 0.70 AND abs(mean_pearson_ic) >= 0.05
PB9_T2,PB,PB9,30.0,300,54,-0.2016583796403525,0.11173558238936741,0.9444444444444444,1.801993372404578e-18,-0.21138063002478125,0.10127749335643209,0.9629629629629629,3.892394790272658e-21,23039.0,85,"[1, 2, 3, 4, 5, 6, 7, 8, 9, 10, 11, 12, 13, 14, 15, 16, 17, 18, 19, 20, 21, 22, 23, 24, 25, 26, 27, 28, 29, 30, 31, 32, 33, 34, 35, 36, 37, 38, 39, 40, 41, 42, 43, 44, 45, 46, 47, 48, 49, 50, 51, 52, 53, 54, 55, 56, 57, 58, 59, 60, 61, 62, 63, 64, 80, 81, 82, 83, 84, 85]","[65, 66, 67, 68, 69, 70, 71, 72, 73, 74, 75, 76, 77, 78, 79]","[86, 87, 88, 89, 90, 91, 92, 93, 94, 95, 96, 97, 98, 99, 100, 101, 102, 103, 104, 105, 106, 107, 108]",True,7.156624072339161e-17,True,1.3787729190426075e-19,True,development pearson_fdr_reject AND pearson_pct_same_sign >= 0.70 AND abs(mean_pearson_ic) >= 0.05
PB9_T3,PB,PB9,90.0,300,54,-0.2016583796403525,0.11173558238936741,0.9444444444444444,1.801993372404578e-18,-0.21138063002478125,0.10127749335643209,0.9629629629629629,3.892394790272658e-21,23039.0,85,"[1, 2, 3, 4, 5, 6, 7, 8, 9, 10, 11, 12, 13, 14, 15, 16, 17, 18, 19, 20, 21, 22, 23, 24, 25, 26, 27, 28, 29, 30, 31, 32, 33, 34, 35, 36, 37, 38, 39, 40, 41, 42, 43, 44, 45, 46, 47, 48, 49, 50, 51, 52, 53, 54, 55, 56, 57, 58, 59, 60, 61, 62, 63, 64, 80, 81, 82, 83, 84, 85]","[65, 66, 67, 68, 69, 70, 71, 72, 73, 74, 75, 76, 77, 78, 79]","[86, 87, 88, 89, 90, 91, 92, 93, 94, 95, 96, 97, 98, 99, 100, 101, 102, 103, 104, 105, 106, 107, 108]",True,7.156624072339161e-17,True,1.3787729190426075e-19,True,development pearson_fdr_reject AND pearson_pct_same_sign >= 0.70 AND abs(mean_pearson_ic) >= 0.05
PB9_T4,PB,PB9,180.0,300,54,-0.2016583796403525,0.11173558238936741,0.9444444444444444,1.801993372404578e-18,-0.21138063002478125,0.10127749335643209,0.9629629629629629,3.892394790272658e-21,23039.0,85,"[1, 2, 3, 4, 5, 6, 7, 8, 9, 10, 11, 12, 13, 14, 15, 16, 17, 18, 19, 20, 21, 22, 23, 24, 25, 26, 27, 28, 29, 30, 31, 32, 33, 34, 35, 36, 37, 38, 39, 40, 41, 42, 43, 44, 45, 46, 47, 48, 49, 50, 51, 52, 53, 54, 55, 56, 57, 58, 59, 60, 61, 62, 63, 64, 80, 81, 82, 83, 84, 85]","[65, 66, 67, 68, 69, 70, 71, 72, 73, 74, 75, 76, 77, 78, 79]","[86, 87, 88, 89, 90, 91, 92, 93, 94, 95, 96, 97, 98, 99, 100, 101, 102, 103, 104, 105, 106, 107, 108]",True,7.156624072339161e-17,True,1.3787729190426075e-19,True,development pearson_fdr_reject AND pearson_pct_same_sign >= 0.70 AND abs(mean_pearson_ic) >= 0.05
PB9_T5,PB,PB9,270.0,300,54,-0.2016583796403525,0.11173558238936741,0.9444444444444444,1.801993372404578e-18,-0.21138063002478125,0.10127749335643209,0.9629629629629629,3.892394790272658e-21,23039.0,85,"[1, 2, 3, 4, 5, 6, 7, 8, 9, 10, 11, 12, 13, 14, 15, 16, 17, 18, 19, 20, 21, 22, 23, 24, 25, 26, 27, 28, 29, 30, 31, 32, 33, 34, 35, 36, 37, 38, 39, 40, 41, 42, 43, 44, 45, 46, 47, 48, 49, 50, 51, 52, 53, 54, 55, 56, 57, 58, 59, 60, 61, 62, 63, 64, 80, 81, 82, 83, 84, 85]","[65, 66, 67, 68, 69, 70, 71, 72, 73, 74, 75, 76, 77, 78, 79]","[86, 87, 88, 89, 90, 91, 92, 93, 94, 95, 96, 97, 98, 99, 100, 101, 102, 103, 104, 105, 106, 107, 108]",True,7.156624072339161e-17,True,1.3787729190426075e-19,True,development pearson_fdr_reject AND pearson_pct_same_sign >= 0.70 AND abs(mean_pearson_ic) >= 0.05
PB9_T6,PB,PB9,360.0,300,54,-0.2016583796403525,0.11173558238936741,0.9444444444444444,1.801993372404578e-18,-0.21138063002478125,0.10127749335643209,0.9629629629629629,3.892394790272658e-21,23039.0,85,"[1, 2, 3, 4, 5, 6, 7, 8, 9, 10, 11, 12, 13, 14, 15, 16, 17, 18, 19, 20, 21, 22, 23, 24, 25, 26, 27, 28, 29, 30, 31, 32, 33, 34, 35, 36, 37, 38, 39, 40, 41, 42, 43, 44, 45, 46, 47, 48, 49, 50, 51, 52, 53, 54, 55, 56, 57, 58, 59, 60, 61, 62, 63, 64, 80, 81, 82, 83, 84, 85]","[65, 66, 67, 68, 69, 70, 71, 72, 73, 74, 75, 76, 77, 78, 79]","[86, 87, 88, 89, 90, 91, 92, 93, 94, 95, 96, 97, 98, 99, 100, 101, 102, 103, 104, 105, 106, 107, 108]",True,7.156624072339161e-17,True,1.3787729190426075e-19,True,development pearson_fdr_reject AND pearson_pct_same_sign >= 0.70 AND abs(mean_pearson_ic) >= 0.05
PB9_T7,PB,PB9,900.0,300,54,-0.2016583796403525,0.11173558238936741,0.9444444444444444,1.801993372404578e-18,-0.21138063002478125,0.10127749335643209,0.9629629629629629,3.892394790272658e-21,23039.0,85,"[1, 2, 3, 4, 5, 6, 7, 8, 9, 10, 11, 12, 13, 14, 15, 16, 17, 18, 19, 20, 21, 22, 23, 24, 25, 26, 27, 28, 29, 30, 31, 32, 33, 34, 35, 36, 37, 38, 39, 40, 41, 42, 43, 44, 45, 46, 47, 48, 49, 50, 51, 52, 53, 54, 55, 56, 57, 58, 59, 60, 61, 62, 63, 64, 80, 81, 82, 83, 84, 85]","[65, 66, 67, 68, 69, 70, 71, 72, 73, 74, 75, 76, 77, 78, 79]","[86, 87, 88, 89, 90, 91, 92, 93, 94, 95, 96, 97, 98, 99, 100, 101, 102, 103, 104, 105, 106, 107, 108]",True,7.156624072339161e-17,True,1.3787729190426075e-19,True,development pearson_fdr_reject AND pearson_pct_same_sign >= 0.70 AND abs(mean_pearson_ic) >= 0.05
PB9_T8,PB,PB9,1800.0,300,54,-0.2016583796403525,0.11173558238936741,0.9444444444444444,1.801993372404578e-18,-0.21138063002478125,0.10127749335643209,0.9629629629629629,3.892394790272658e-21,23039.0,85,"[1, 2, 3, 4, 5, 6, 7, 8, 9, 10, 11, 12, 13, 14, 15, 16, 17, 18, 19, 20, 21, 22, 23, 24, 25, 26, 27, 28, 29, 30, 31, 32, 33, 34, 35, 36, 37, 38, 39, 40, 41, 42, 43, 44, 45, 46, 47, 48, 49, 50, 51, 52, 53, 54, 55, 56, 57, 58, 59, 60, 61, 62, 63, 64, 80, 81, 82, 83, 84, 85]","[65, 66, 67, 68, 69, 70, 71, 72, 73, 74, 75, 76, 77, 78, 79]","[86, 87, 88, 89, 90, 91, 92, 93, 94, 95, 96, 97, 98, 99, 100, 101, 102, 103, 104, 105, 106, 107, 108]",True,7.156624072339161e-17,True,1.3787729190426075e-19,True,development pearson_fdr_reject AND pearson_pct_same_sign >= 0.70 AND abs(mean_pearson_ic) >= 0.05
PB9_T9,PB,PB9,2700.0,300,54,-0.2016583796403525,0.11173558238936741,0.9444444444444444,1.801993372404578e-18,-0.21138063002478125,0.10127749335643209,0.9629629629629629,3.892394790272658e-21,23039.0,85,"[1, 2, 3, 4, 5, 6, 7, 8, 9, 10, 11, 12, 13, 14, 15, 16, 17, 18, 19, 20, 21, 22, 23, 24, 25, 26, 27, 28, 29, 30, 31, 32, 33, 34, 35, 36, 37, 38, 39, 40, 41, 42, 43, 44, 45, 46, 47, 48, 49, 50, 51, 52, 53, 54, 55, 56, 57, 58, 59, 60, 61, 62, 63, 64, 80, 81, 82, 83, 84, 85]","[65, 66, 67, 68, 69, 70, 71, 72, 73, 74, 75, 76, 77, 78, 79]","[86, 87, 88, 89, 90, 91, 92, 93, 94, 95, 96, 97, 98, 99, 100, 101, 102, 103, 104, 105, 106, 107, 108]",True,7.156624072339161e-17,True,1.3787729190426075e-19,True,development pearson_fdr_reject AND pearson_pct_same_sign >= 0.70 AND abs(mean_pearson_ic) >= 0.05
PV3_B2_T1,PV,PV3_B2,5.0,300,54,-0.0521482163909791,0.06183366724946628,0.8333333333333334,8.768927058632319e-08,-0.06258279787297895,0.07139033821113457,0.8333333333333334,3.56052776556773e-08,23040.0,85,"[1, 2, 3, 4, 5, 6, 7, 8, 9, 10, 11, 12, 13, 14, 15, 16, 17, 18, 19, 20, 21, 22, 23, 24, 25, 26, 27, 28, 29, 30, 31, 32, 33, 34, 35, 36, 37, 38, 39, 40, 41, 42, 43, 44, 45, 46, 47, 48, 49, 50, 51, 52, 53, 54, 55, 56, 57, 58, 59, 60, 61, 62, 63, 64, 80, 81, 82, 83, 84, 85]","[65, 66, 67, 68, 69, 70, 71, 72, 73, 74, 75, 76, 77, 78, 79]","[86, 87, 88, 89, 90, 91, 92, 93, 94, 95, 96, 97, 98, 99, 100, 101, 102, 103, 104, 105, 106, 107, 108]",True,3.0296642987574666e-07,True,1.0559333416340349e-07,True,development pearson_fdr_reject AND pearson_pct_same_sign >= 0.70 AND abs(mean_pearson_ic) >= 0.05
PV3_B3_T1,PV,PV3_B3,5.0,300,54,-0.07381630794404696,0.07075652585178402,0.8703703703703703,3.828530281828028e-10,-0.08113414358654311,0.08584319271240157,0.8518518518518519,5.522579828178347e-09,23040.0,85,"[1, 2, 3, 4, 5, 6, 7, 8, 9, 10, 11, 12, 13, 14, 15, 16, 17, 18, 19, 20, 21, 22, 23, 24, 25, 26, 27, 28, 29, 30, 31, 32, 33, 34, 35, 36, 37, 38, 39, 40, 41, 42, 43, 44, 45, 46, 47, 48, 49, 50, 51, 52, 53, 54, 55, 56, 57, 58, 59, 60, 61, 62, 63, 64, 80, 81, 82, 83, 84, 85]","[65, 66, 67, 68, 69, 70, 71, 72, 73, 74, 75, 76, 77, 78, 79]","[86, 87, 88, 89, 90, 91, 92, 93, 94, 95, 96, 97, 98, 99, 100, 101, 102, 103, 104, 105, 106, 107, 108]",True,1.4567810708938146e-09,True,1.750505807922586e-08,True,development pearson_fdr_reject AND pearson_pct_same_sign >= 0.70 AND abs(mean_pearson_ic) >= 0.05
PV3_B3_T2,PV,PV3_B3,10.0,300,54,-0.06348867341957667,0.06254223519274577,0.8703703703703703,8.216421171027818e-10,-0.07810803918757817,0.08507980776263102,0.8518518518518519,1.1546115995962366e-08,23040.0,85,"[1, 2, 3, 4, 5, 6, 7, 8, 9, 10, 11, 12, 13, 14, 15, 16, 17, 18, 19, 20, 21, 22, 23, 24, 25, 26, 27, 28, 29, 30, 31, 32, 33, 34, 35, 36, 37, 38, 39, 40, 41, 42, 43, 44, 45, 46, 47, 48, 49, 50, 51, 52, 53, 54, 55, 56, 57, 58, 59, 60, 61, 62, 63, 64, 80, 81, 82, 83, 84, 85]","[65, 66, 67, 68, 69, 70, 71, 72, 73, 74, 75, 76, 77, 78, 79]","[86, 87, 88, 89, 90, 91, 92, 93, 94, 95, 96, 97, 98, 99, 100, 101, 102, 103, 104, 105, 106, 107, 108]",True,3.088980973438641e-09,True,3.57133668451656e-08,True,development pearson_fdr_reject AND pearson_pct_same_sign >= 0.70 AND abs(mean_pearson_ic) >= 0.05
PV3_B4_T1,PV,PV3_B4,5.0,300,54,-0.08505357089584822,0.06902369122146129,0.9074074074074074,2.4044874766732435e-12,-0.09488277456824343,0.09112671105015804,0.8888888888888888,4.044921058360579e-10,23040.0,85,"[1, 2, 3, 4, 5, 6, 7, 8, 9, 10, 11, 12, 13, 14, 15, 16, 17, 18, 19, 20, 21, 22, 23, 24, 25, 26, 27, 28, 29, 30, 31, 32, 33, 34, 35, 36, 37, 38, 39, 40, 41, 42, 43, 44, 45, 46, 47, 48, 49, 50, 51, 52, 53, 54, 55, 56, 57, 58, 59, 60, 61, 62, 63, 64, 80, 81, 82, 83, 84, 85]","[65, 66, 67, 68, 69, 70, 71, 72, 73, 74, 75, 76, 77, 78, 79]","[86, 87, 88, 89, 90, 91, 92, 93, 94, 95, 96, 97, 98, 99, 100, 101, 102, 103, 104, 105, 106, 107, 108]",True,9.58189646125266e-12,True,1.4102121348774773e-09,True,development pearson_fdr_reject AND pearson_pct_same_sign >= 0.70 AND abs(mean_pearson_ic) >= 0.05
PV3_B4_T2,PV,PV3_B4,10.0,300,54,-0.07402350899506044,0.06139903402473347,0.9074074074074074,4.867790628155906e-12,-0.09265618876507499,0.09087518257324152,0.8888888888888888,7.277091797734099e-10,23040.0,85,"[1, 2, 3, 4, 5, 6, 7, 8, 9, 10, 11, 12, 13, 14, 15, 16, 17, 18, 19, 20, 21, 22, 23, 24, 25, 26, 27, 28, 29, 30, 31, 32, 33, 34, 35, 36, 37, 38, 39, 40, 41, 42, 43, 44, 45, 46, 47, 48, 49, 50, 51, 52, 53, 54, 55, 56, 57, 58, 59, 60, 61, 62, 63, 64, 80, 81, 82, 83, 84, 85]","[65, 66, 67, 68, 69, 70, 71, 72, 73, 74, 75, 76, 77, 78, 79]","[86, 87, 88, 89, 90, 91, 92, 93, 94, 95, 96, 97, 98, 99, 100, 101, 102, 103, 104, 105, 106, 107, 108]",True,1.933128347158466e-11,True,2.469779190684805e-09,True,development pearson_fdr_reject AND pearson_pct_same_sign >= 0.70 AND abs(mean_pearson_ic) >= 0.05
PV3_B4_T3,PV,PV3_B4,30.0,300,54,-0.058725715304524195,0.05014156799333127,0.9074074074074074,1.2174449501261271e-11,-0.09127522297095597,0.09095508741117495,0.8888888888888888,1.1268242882501847e-09,23040.0,85,"[1, 2, 3, 4, 5, 6, 7, 8, 9, 10, 11, 12, 13, 14, 15, 16, 17, 18, 19, 20, 21, 22, 23, 24, 25, 26, 27, 28, 29, 30, 31, 32, 33, 34, 35, 36, 37, 38, 39, 40, 41, 42, 43, 44, 45, 46, 47, 48, 49, 50, 51, 52, 53, 54, 55, 56, 57, 58, 59, 60, 61, 62, 63, 64, 80, 81, 82, 83, 84, 85]","[65, 66, 67, 68, 69, 70, 71, 72, 73, 74, 75, 76, 77, 78, 79]","[86, 87, 88, 89, 90, 91, 92, 93, 94, 95, 96, 97, 98, 99, 100, 101, 102, 103, 104, 105, 106, 107, 108]",True,4.8237067691350563e-11,True,3.772459220837585e-09,True,development pearson_fdr_reject AND pearson_pct_same_sign >= 0.70 AND abs(mean_pearson_ic) >= 0.05
PV3_B5_T1,PV,PV3_B5,5.0,300,54,-0.07544373450152798,0.06664541831091227,0.9074074074074074,3.478580142422646e-11,-0.07389811311148135,0.09150669725574687,0.8518518518518519,2.3020525650523789e-07,23040.0,85,"[1, 2, 3, 4, 5, 6, 7, 8, 9, 10, 11, 12, 13, 14, 15, 16, 17, 18, 19, 20, 21, 22, 23, 24, 25, 26, 27, 28, 29, 30, 31, 32, 33, 34, 35, 36, 37, 38, 39, 40, 41, 42, 43, 44, 45, 46, 47, 48, 49, 50, 51, 52, 53, 54, 55, 56, 57, 58, 59, 60, 61, 62, 63, 64, 80, 81, 82, 83, 84, 85]","[65, 66, 67, 68, 69, 70, 71, 72, 73, 74, 75, 76, 77, 78, 79]","[86, 87, 88, 89, 90, 91, 92, 93, 94, 95, 96, 97, 98, 99, 100, 101, 102, 103, 104, 105, 106, 107, 108]",True,1.359133886616596e-10,True,6.113444744239792e-07,True,development pearson_fdr_reject AND pearson_pct_same_sign >= 0.70 AND abs(mean_pearson_ic) >= 0.05
PV3_B5_T2,PV,PV3_B5,10.0,300,54,-0.06601262755713065,0.058639567485773224,0.9074074074074074,4.118551586683433e-11,-0.07182366541481018,0.09101439644834457,0.8518518518518519,3.774255493513036e-07,23040.0,85,"[1, 2, 3, 4, 5, 6, 7, 8, 9, 10, 11, 12, 13, 14, 15, 16, 17, 18, 19, 20, 21, 22, 23, 24, 25, 26, 27, 28, 29, 30, 31, 32, 33, 34, 35, 36, 37, 38, 39, 40, 41, 42, 43, 44, 45, 46, 47, 48, 49, 50, 51, 52, 53, 54, 55, 56, 57, 58, 59, 60, 61, 62, 63, 64, 80, 81, 82, 83, 84, 85]","[65, 66, 67, 68, 69, 70, 71, 72, 73, 74, 75, 76, 77, 78, 79]","[86, 87, 88, 89, 90, 91, 92, 93, 94, 95, 96, 97, 98, 99, 100, 101, 102, 103, 104, 105, 106, 107, 108]",True,1.6042385267182932e-10,True,9.753218197522466e-07,True,development pearson_fdr_reject AND pearson_pct_same_sign >= 0.70 AND abs(mean_pearson_ic) >= 0.05
PV3_B5_T3,PV,PV3_B5,30.0,300,54,-0.05302202425403881,0.046821814467439396,0.9074074074074074,3.4409670986585765e-11,-0.07077733973780544,0.09069102550997199,0.8518518518518519,4.7664945087404143e-07,23040.0,85,"[1, 2, 3, 4, 5, 6, 7, 8, 9, 10, 11, 12, 13, 14, 15, 16, 17, 18, 19, 20, 21, 22, 23, 24, 25, 26, 27, 28, 29, 30, 31, 32, 33, 34, 35, 36, 37, 38, 39, 40, 41, 42, 43, 44, 45, 46, 47, 48, 49, 50, 51, 52, 53, 54, 55, 56, 57, 58, 59, 60, 61, 62, 63, 64, 80, 81, 82, 83, 84, 85]","[65, 66, 67, 68, 69, 70, 71, 72, 73, 74, 75, 76, 77, 78, 79]","[86, 87, 88, 89, 90, 91, 92, 93, 94, 95, 96, 97, 98, 99, 100, 101, 102, 103, 104, 105, 106, 107, 108]",True,1.3463806711059324e-10,True,1.214471867824346e-06,True,development pearson_fdr_reject AND pearson_pct_same_sign >= 0.70 AND abs(mean_pearson_ic) >= 0.05
