expected_development_days,available_development_days,missing_development_days,holdout_days,scope,day,horizon_seconds,valid_observations,missing_target_observations,mean,std,skewness,kurtosis,q01,q05,q25,q50,q75,q95,q99,positive_fraction,negative_fraction,zero_fraction
85,"[1, 2, 3, 4, 5, 6, 7, 8, 9, 10, 11, 12, 13, 14, 15, 16, 17, 18, 19, 20, 21, 22, 23, 24, 25, 26, 27, 28, 29, 30, 31, 32, 33, 34, 35, 36, 37, 38, 39, 40, 41, 42, 43, 44, 45, 46, 47, 48, 49, 50, 51, 52, 53, 54, 55, 56, 57, 58, 59, 60, 61, 62, 63, 64, 80, 81, 82, 83, 84, 85]","[65, 66, 67, 68, 69, 70, 71, 72, 73, 74, 75, 76, 77, 78, 79]","[86, 87, 88, 89, 90, 91, 92, 93, 94, 95, 96, 97, 98, 99, 100, 101, 102, 103, 104, 105, 106, 107, 108]",day,1.0,1,23339,1,1.3653690862435604e-07,2.1109097467689126e-05,-0.9645530255421746,19.538745277811984,-6.583165818659698e-05,-3.2986970146753336e-05,0.0,0.0,1.651037122574195e-07,3.298805832296914e-05,6.583071014176767e-05,0.2577659711212991,0.2441835554222546,0.4980504734564463
85,"[1, 2, 3, 4, 5, 6, 7, 8, 9, 10, 11, 12, 13, 14, 15, 16, 17, 18, 19, 20, 21, 22, 23, 24, 25, 26, 27, 28, 29, 30, 31, 32, 33, 34, 35, 36, 37, 38, 39, 40, 41, 42, 43, 44, 45, 46, 47, 48, 49, 50, 51, 52, 53, 54, 55, 56, 57, 58, 59, 60, 61, 62, 63, 64, 80, 81, 82, 83, 84, 85]","[65, 66, 67, 68, 69, 70, 71, 72, 73, 74, 75, 76, 77, 78, 79]","[86, 87, 88, 89, 90, 91, 92, 93, 94, 95, 96, 97, 98, 99, 100, 101, 102, 103, 104, 105, 106, 107, 108]",day,1.0,5,23335,5,6.576489916575704e-07,4.4944983013158255e-05,-1.158245414454573,17.611233224244117,-0.00013168563969518044,-6.599462143852541e-05,-1.6503692702285466e-05,0.0,1.794757593409635e-05,6.602980916130541e-05,0.00011558910649317689,0.4434540389972145,0.4105421041354189,0.1460038568673666
85,"[1, 2, 3, 4, 5, 6, 7, 8, 9, 10, 11, 12, 13, 14, 15, 16, 17, 18, 19, 20, 21, 22, 23, 24, 25, 26, 27, 28, 29, 30, 31, 32, 33, 34, 35, 36, 37, 38, 39, 40, 41, 42, 43, 44, 45, 46, 47, 48, 49, 50, 51, 52, 53, 54, 55, 56, 57, 58, 59, 60, 61, 62, 63, 64, 80, 81, 82, 83, 84, 85]","[65, 66, 67, 68, 69, 70, 71, 72, 73, 74, 75, 76, 77, 78, 79]","[86, 87, 88, 89, 90, 91, 92, 93, 94, 95, 96, 97, 98, 99, 100, 101, 102, 103, 104, 105, 106, 107, 108]",day,1.0,30,23310,30,3.99531311128612e-06,0.0001015921417429188,-0.5934197051776843,4.784922462232175,-0.00029714400925295317,-0.00016302230988525233,-4.927286079242643e-05,1.98026735054313e-06,5.774291205740134e-05,0.0001621230379350023,0.00026384354043352154,0.5078078078078078,0.4431145431145431,0.049077649077649076
85,"[1, 2, 3, 4, 5, 6, 7, 8, 9, 10, 11, 12, 13, 14, 15, 16, 17, 18, 19, 20, 21, 22, 23, 24, 25, 26, 27, 28, 29, 30, 31, 32, 33, 34, 35, 36, 37, 38, 39, 40, 41, 42, 43, 44, 45, 46, 47, 48, 49, 50, 51, 52, 53, 54, 55, 56, 57, 58, 59, 60, 61, 62, 63, 64, 80, 81, 82, 83, 84, 85]","[65, 66, 67, 68, 69, 70, 71, 72, 73, 74, 75, 76, 77, 78, 79]","[86, 87, 88, 89, 90, 91, 92, 93, 94, 95, 96, 97, 98, 99, 100, 101, 102, 103, 104, 105, 106, 107, 108]",day,1.0,60,23280,60,7.90308033263534e-06,0.00013957564627930402,-0.4941290365840125,2.954888785878424,-0.00043092880493421414,-0.00021421450333816705,-6.580358150409804e-05,8.256990591704039e-06,8.246198502459556e-05,0.00023103473029902898,0.0003468437221287868,0.522852233676976,0.44033505154639174,0.0368127147766323
85,"[1, 2, 3, 4, 5, 6, 7, 8, 9, 10, 11, 12, 13, 14, 15, 16, 17, 18, 19, 20, 21, 22, 23, 24, 25, 26, 27, 28, 29, 30, 31, 32, 33, 34, 35, 36, 37, 38, 39, 40, 41, 42, 43, 44, 45, 46, 47, 48, 49, 50, 51, 52, 53, 54, 55, 56, 57, 58, 59, 60, 61, 62, 63, 64, 80, 81, 82, 83, 84, 85]","[65, 66, 67, 68, 69, 70, 71, 72, 73, 74, 75, 76, 77, 78, 79]","[86, 87, 88, 89, 90, 91, 92, 93, 94, 95, 96, 97, 98, 99, 100, 101, 102, 103, 104, 105, 106, 107, 108]",day,1.0,300,23040,300,3.6760362708693016e-05,0.00031689001188049383,-0.26221548309547815,1.6875727472433653,-0.000924131155184762,-0.00047022137542588325,-0.000123676659740668,3.29963580275594e-05,0.0002043099229031009,0.0005650736841402713,0.0008585151369977972,0.5516493055555556,0.4343315972222222,0.014019097222222223
85,"[1, 2, 3, 4, 5, 6, 7, 8, 9, 10, 11, 12, 13, 14, 15, 16, 17, 18, 19, 20, 21, 22, 23, 24, 25, 26, 27, 28, 29, 30, 31, 32, 33, 34, 35, 36, 37, 38, 39, 40, 41, 42, 43, 44, 45, 46, 47, 48, 49, 50, 51, 52, 53, 54, 55, 56, 57, 58, 59, 60, 61, 62, 63, 64, 80, 81, 82, 83, 84, 85]","[65, 66, 67, 68, 69, 70, 71, 72, 73, 74, 75, 76, 77, 78, 79]","[86, 87, 88, 89, 90, 91, 92, 93, 94, 95, 96, 97, 98, 99, 100, 101, 102, 103, 104, 105, 106, 107, 108]",day,2.0,1,23339,1,8.319880481883414e-08,3.4251505177097245e-05,-0.26750840749946575,4.828360990430987,-9.232803292023694e-05,-6.147605236006548e-05,-2.0517450091350753e-05,0.0,2.0521662718486766e-05,5.897725343395606e-05,8.228187384662355e-05,0.40203093534427353,0.3861776425725181,0.21179142208320836
85,"[1, 2, 3, 4, 5, 6, 7, 8, 9, 10, 11, 12, 13, 14, 15, 16, 17, 18, 19, 20, 21, 22, 23, 24, 25, 26, 27, 28, 29, 30, 31, 32, 33, 34, 35, 36, 37, 38, 39, 40, 41, 42, 43, 44, 45, 46, 47, 48, 49, 50, 51, 52, 53, 54, 55, 56, 57, 58, 59, 60, 61, 62, 63, 64, 80, 81, 82, 83, 84, 85]","[65, 66, 67, 68, 69, 70, 71, 72, 73, 74, 75, 76, 77, 78, 79]","[86, 87, 88, 89, 90, 91, 92, 93, 94, 95, 96, 97, 98, 99, 100, 101, 102, 103, 104, 105, 106, 107, 108]",day,2.0,5,23335,5,3.700165811462078e-07,7.71284823368116e-05,-0.18894097239755903,1.6757952634796194,-0.00020244633774071374,-0.00012339483884901136,-4.115692105521873e-05,0.0,4.871650271864869e-05,0.00012314765403709238,0.0001847050281396756,0.4765373901864153,0.4582386972359117,0.06522391257767303
85,"[1, 2, 3, 4, 5, 6, 7, 8, 9, 10, 11, 12, 13, 14, 15, 16, 17, 18, 19, 20, 21, 22, 23, 24, 25, 26, 27, 28, 29, 30, 31, 32, 33, 34, 35, 36, 37, 38, 39, 40, 41, 42, 43, 44, 45, 46, 47, 48, 49, 50, 51, 52, 53, 54, 55, 56, 57, 58, 59, 60, 61, 62, 63, 64, 80, 81, 82, 83, 84, 85]","[65, 66, 67, 68, 69, 70, 71, 72, 73, 74, 75, 76, 77, 78, 79]","[86, 87, 88, 89, 90, 91, 92, 93, 94, 95, 96, 97, 98, 99, 100, 101, 102, 103, 104, 105, 106, 107, 108]",day,2.0,30,23310,30,1.7694114718875452e-06,0.00018680004972072018,-0.15748653124181847,0.40380536900478603,-0.00047173620564660234,-0.0003083669199207273,-0.00011553237422309848,2.360235270004729e-06,0.00012327915344878537,0.0002980152696935523,0.0004302829889406889,0.5027885027885027,0.4716430716430716,0.02556842556842557
85,"[1, 2, 3, 4, 5, 6, 7, 8, 9, 10, 11, 12, 13, 14, 15, 16, 17, 18, 19, 20, 21, 22, 23, 24, 25, 26, 27, 28, 29, 30, 31, 32, 33, 34, 35, 36, 37, 38, 39, 40, 41, 42, 43, 44, 45, 46, 47, 48, 49, 50, 51, 52, 53, 54, 55, 56, 57, 58, 59, 60, 61, 62, 63, 64, 80, 81, 82, 83, 84, 85]","[65, 66, 67, 68, 69, 70, 71, 72, 73, 74, 75, 76, 77, 78, 79]","[86, 87, 88, 89, 90, 91, 92, 93, 94, 95, 96, 97, 98, 99, 100, 101, 102, 103, 104, 105, 106, 107, 108]",day,2.0,60,23280,60,3.1397807687053617e-06,0.00025551703686323114,-0.06546376932106611,0.026193724605785285,-0.0005957379826759368,-0.0004255637422561298,-0.00016436892605475872,0.0,0.00018453233239251743,0.0004111926643226571,0.0005971519844561078,0.4984536082474227,0.4838058419243986,0.017740549828178694
85,"[1, 2, 3, 4, 5, 6, 7, 8, 9, 10, 11, 12, 13, 14, 15, 16, 17, 18, 19, 20, 21, 22, 23, 24, 25, 26, 27, 28, 29, 30, 31, 32, 33, 34, 35, 36, 37, 38, 39, 40, 41, 42, 43, 44, 45, 46, 47, 48, 49, 50, 51, 52, 53, 54, 55, 56, 57, 58, 59, 60, 61, 62, 63, 64, 80, 81, 82, 83, 84, 85]","[65, 66, 67, 68, 69, 70, 71, 72, 73, 74, 75, 76, 77, 78, 79]","[86, 87, 88, 89, 90, 91, 92, 93, 94, 95, 96, 97, 98, 99, 100, 101, 102, 103, 104, 105, 106, 107, 108]",day,2.0,300,23040,300,5.6453861128968484e-06,0.0005698007555227177,-0.27666872123362807,0.4364268703227401,-0.0015161706787448137,-0.0010026213080608303,-0.00032878176093589784,2.0533037666137233e-05,0.00036974841704379147,0.0009253783302785145,0.0012554855461627623,0.5118489583333333,0.4802517361111111,0.007899305555555555
85,"[1, 2, 3, 4, 5, 6, 7, 8, 9, 10, 11, 12, 13, 14, 15, 16, 17, 18, 19, 20, 21, 22, 23, 24, 25, 26, 27, 28, 29, 30, 31, 32, 33, 34, 35, 36, 37, 38, 39, 40, 41, 42, 43, 44, 45, 46, 47, 48, 49, 50, 51, 52, 53, 54, 55, 56, 57, 58, 59, 60, 61, 62, 63, 64, 80, 81, 82, 83, 84, 85]","[65, 66, 67, 68, 69, 70, 71, 72, 73, 74, 75, 76, 77, 78, 79]","[86, 87, 88, 89, 90, 91, 92, 93, 94, 95, 96, 97, 98, 99, 100, 101, 102, 103, 104, 105, 106, 107, 108]",day,3.0,1,23339,1,2.417744639792511e-07,2.213423606542806e-05,-1.0585109311807137,27.22233943591281,-6.388512943022561e-05,-3.195398625988055e-05,-7.976071784931982e-06,0.0,7.982056337230148e-06,3.1965272928391465e-05,6.38187898004272e-05,0.34795835297142125,0.3341617035862719,0.31787994344230686
85,"[1, 2, 3, 4, 5, 6, 7, 8, 9, 10, 11, 12, 13, 14, 15, 16, 17, 18, 19, 20, 21, 22, 23, 24, 25, 26, 27, 28, 29, 30, 31, 32, 33, 34, 35, 36, 37, 38, 39, 40, 41, 42, 43, 44, 45, 46, 47, 48, 49, 50, 51, 52, 53, 54, 55, 56, 57, 58, 59, 60, 61, 62, 63, 64, 80, 81, 82, 83, 84, 85]","[65, 66, 67, 68, 69, 70, 71, 72, 73, 74, 75, 76, 77, 78, 79]","[86, 87, 88, 89, 90, 91, 92, 93, 94, 95, 96, 97, 98, 99, 100, 101, 102, 103, 104, 105, 106, 107, 108]",day,3.0,5,23335,5,1.137218983147758e-06,4.7957762960692354e-05,-0.5572873520913006,8.846669444650827,-0.000128060772527383,-7.183946085478343e-05,-2.387660570180028e-05,0.0,2.3937761819192716e-05,7.663009097886861e-05,0.00013529870447993362,0.467966573816156,0.43724019712877654,0.0947932290550675
85,"[1, 2, 3, 4, 5, 6, 7, 8, 9, 10, 11, 12, 13, 14, 15, 16, 17, 18, 19, 20, 21, 22, 23, 24, 25, 26, 27, 28, 29, 30, 31, 32, 33, 34, 35, 36, 37, 38, 39, 40, 41, 42, 43, 44, 45, 46, 47, 48, 49, 50, 51, 52, 53, 54, 55, 56, 57, 58, 59, 60, 61, 62, 63, 64, 80, 81, 82, 83, 84, 85]","[65, 66, 67, 68, 69, 70, 71, 72, 73, 74, 75, 76, 77, 78, 79]","[86, 87, 88, 89, 90, 91, 92, 93, 94, 95, 96, 97, 98, 99, 100, 101, 102, 103, 104, 105, 106, 107, 108]",day,3.0,30,23310,30,6.343933930806067e-06,0.0001136046383482238,-0.37115024152052983,3.6998016873688675,-0.00033437216934315895,-0.00017540173977094177,-4.7870939945626745e-05,7.962988031628981e-06,6.383657835939971e-05,0.00018358788419249312,0.0003183227934155197,0.5159159159159159,0.4450879450879451,0.038996138996139
85,"[1, 2, 3, 4, 5, 6, 7, 8, 9, 10, 11, 12, 13, 14, 15, 16, 17, 18, 19, 20, 21, 22, 23, 24, 25, 26, 27, 28, 29, 30, 31, 32, 33, 34, 35, 36, 37, 38, 39, 40, 41, 42, 43, 44, 45, 46, 47, 48, 49, 50, 51, 52, 53, 54, 55, 56, 57, 58, 59, 60, 61, 62, 63, 64, 80, 81, 82, 83, 84, 85]","[65, 66, 67, 68, 69, 70, 71, 72, 73, 74, 75, 76, 77, 78, 79]","[86, 87, 88, 89, 90, 91, 92, 93, 94, 95, 96, 97, 98, 99, 100, 101, 102, 103, 104, 105, 106, 107, 108]",day,3.0,60,23280,60,1.3187029228128557e-05,0.00015845768117165283,-0.1862748299365455,2.9249208256906583,-0.0004793910776402832,-0.0002313171517678292,-6.38234642985347e-05,1.5787456918103793e-05,9.551098376303635e-05,0.00027099838995137127,0.00045899830548170044,0.530798969072165,0.44059278350515463,0.02860824742268041
85,"[1, 2, 3, 4, 5, 6, 7, 8, 9, 10, 11, 12, 13, 14, 15, 16, 17, 18, 19, 20, 21, 22, 23, 24, 25, 26, 27, 28, 29, 30, 31, 32, 33, 34, 35, 36, 37, 38, 39, 40, 41, 42, 43, 44, 45, 46, 47, 48, 49, 50, 51, 52, 53, 54, 55, 56, 57, 58, 59, 60, 61, 62, 63, 64, 80, 81, 82, 83, 84, 85]","[65, 66, 67, 68, 69, 70, 71, 72, 73, 74, 75, 76, 77, 78, 79]","[86, 87, 88, 89, 90, 91, 92, 93, 94, 95, 96, 97, 98, 99, 100, 101, 102, 103, 104, 105, 106, 107, 108]",day,3.0,300,23040,300,6.964748998866429e-05,0.00033400786975204484,0.0762165760192542,1.916343019400145,-0.000878973359116797,-0.00046837983442603033,-9.588427554221846e-05,6.37968707630776e-05,0.00023920392932330614,0.0006165227014411689,0.0010429179909635375,0.6114583333333333,0.3773003472222222,0.011241319444444444
85,"[1, 2, 3, 4, 5, 6, 7, 8, 9, 10, 11, 12, 13, 14, 15, 16, 17, 18, 19, 20, 21, 22, 23, 24, 25, 26, 27, 28, 29, 30, 31, 32, 33, 34, 35, 36, 37, 38, 39, 40, 41, 42, 43, 44, 45, 46, 47, 48, 49, 50, 51, 52, 53, 54, 55, 56, 57, 58, 59, 60, 61, 62, 63, 64, 80, 81, 82, 83, 84, 85]","[65, 66, 67, 68, 69, 70, 71, 72, 73, 74, 75, 76, 77, 78, 79]","[86, 87, 88, 89, 90, 91, 92, 93, 94, 95, 96, 97, 98, 99, 100, 101, 102, 103, 104, 105, 106, 107, 108]",day,4.0,1,23339,1,-3.559172113412507e-07,3.9965831567878034e-05,1.0678279642538828,17.928572567251575,-0.00010522431768750896,-6.815568561046035e-05,-2.3338856862897828e-05,0.0,2.3272591868295223e-05,5.8758342251352674e-05,0.00010568456205544583,0.38112172758044477,0.39307596726509275,0.22580230515446248
85,"[1, 2, 3, 4, 5, 6, 7, 8, 9, 10, 11, 12, 13, 14, 15, 16, 17, 18, 19, 20, 21, 22, 23, 24, 25, 26, 27, 28, 29, 30, 31, 32, 33, 34, 35, 36, 37, 38, 39, 40, 41, 42, 43, 44, 45, 46, 47, 48, 49, 50, 51, 52, 53, 54, 55, 56, 57, 58, 59, 60, 61, 62, 63, 64, 80, 81, 82, 83, 84, 85]","[65, 66, 67, 68, 69, 70, 71, 72, 73, 74, 75, 76, 77, 78, 79]","[86, 87, 88, 89, 90, 91, 92, 93, 94, 95, 96, 97, 98, 99, 100, 101, 102, 103, 104, 105, 106, 107, 108]",day,4.0,5,23335,5,-1.7411486542148552e-06,8.753900970033009e-05,0.46008729045018204,3.62098367985537,-0.00021875530121685303,-0.00014024002475108155,-4.698696111826717e-05,0.0,4.677377861983523e-05,0.00014046259013023032,0.00023391079674287774,0.44169702164131136,0.4820227126633812,0.07628026569530748
85,"[1, 2, 3, 4, 5, 6, 7, 8, 9, 10, 11, 12, 13, 14, 15, 16, 17, 18, 19, 20, 21, 22, 23, 24, 25, 26, 27, 28, 29, 30, 31, 32, 33, 34, 35, 36, 37, 38, 39, 40, 41, 42, 43, 44, 45, 46, 47, 48, 49, 50, 51, 52, 53, 54, 55, 56, 57, 58, 59, 60, 61, 62, 63, 64, 80, 81, 82, 83, 84, 85]","[65, 66, 67, 68, 69, 70, 71, 72, 73, 74, 75, 76, 77, 78, 79]","[86, 87, 88, 89, 90, 91, 92, 93, 94, 95, 96, 97, 98, 99, 100, 101, 102, 103, 104, 105, 106, 107, 108]",day,4.0,30,23310,30,-9.870297560060381e-06,0.0002132464053457622,0.34610264758494635,1.7102440962692285,-0.0005370867837115645,-0.00034933018793759096,-0.00014028196675319737,-2.2061587462762766e-05,0.00010571290138128298,0.00035101677860183145,0.0005748595234960274,0.448991848991849,0.5244101244101244,0.026598026598026597
85,"[1, 2, 3, 4, 5, 6, 7, 8, 9, 10, 11, 12, 13, 14, 15, 16, 17, 18, 19, 20, 21, 22, 23, 24, 25, 26, 27, 28, 29, 30, 31, 32, 33, 34, 35, 36, 37, 38, 39, 40, 41, 42, 43, 44, 45, 46, 47, 48, 49, 50, 51, 52, 53, 54, 55, 56, 57, 58, 59, 60, 61, 62, 63, 64, 80, 81, 82, 83, 84, 85]","[65, 66, 67, 68, 69, 70, 71, 72, 73, 74, 75, 76, 77, 78, 79]","[86, 87, 88, 89, 90, 91, 92, 93, 94, 95, 96, 97, 98, 99, 100, 101, 102, 103, 104, 105, 106, 107, 108]",day,4.0,60,23280,60,-1.941909660427025e-05,0.0003073322927428003,0.3185728015440563,1.582776291821271,-0.0007807743048565197,-0.00048971767787242,-0.0002102570392521208,-3.472689231193149e-05,0.00014088889151259165,0.000526307156805661,0.0008116980430573836,0.4422250859106529,0.5384020618556701,0.019372852233676977
85,"[1, 2, 3, 4, 5, 6, 7, 8, 9, 10, 11, 12, 13, 14, 15, 16, 17, 18, 19, 20, 21, 22, 23, 24, 25, 26, 27, 28, 29, 30, 31, 32, 33, 34, 35, 36, 37, 38, 39, 40, 41, 42, 43, 44, 45, 46, 47, 48, 49, 50, 51, 52, 53, 54, 55, 56, 57, 58, 59, 60, 61, 62, 63, 64, 80, 81, 82, 83, 84, 85]","[65, 66, 67, 68, 69, 70, 71, 72, 73, 74, 75, 76, 77, 78, 79]","[86, 87, 88, 89, 90, 91, 92, 93, 94, 95, 96, 97, 98, 99, 100, 101, 102, 103, 104, 105, 106, 107, 108]",day,4.0,300,23040,300,-0.00010291131661872527,0.0006535003051130678,-0.27529281459647076,0.5135068881656095,-0.0019137344746859297,-0.0011876693715603568,-0.000492818611399326,-0.00011746326338069046,0.00033020100594294277,0.0009415379084149355,0.0012862916276320795,0.4213107638888889,0.5712673611111111,0.007421875
85,"[1, 2, 3, 4, 5, 6, 7, 8, 9, 10, 11, 12, 13, 14, 15, 16, 17, 18, 19, 20, 21, 22, 23, 24, 25, 26, 27, 28, 29, 30, 31, 32, 33, 34, 35, 36, 37, 38, 39, 40, 41, 42, 43, 44, 45, 46, 47, 48, 49, 50, 51, 52, 53, 54, 55, 56, 57, 58, 59, 60, 61, 62, 63, 64, 80, 81, 82, 83, 84, 85]","[65, 66, 67, 68, 69, 70, 71, 72, 73, 74, 75, 76, 77, 78, 79]","[86, 87, 88, 89, 90, 91, 92, 93, 94, 95, 96, 97, 98, 99, 100, 101, 102, 103, 104, 105, 106, 107, 108]",day,5.0,1,23339,1,6.79252460336003e-07,5.8523958888018685e-05,-0.0368600003543589,4.2758488944730715,-0.0001678702981466418,-9.460606525997227e-05,-2.6490455283967318e-05,0.0,3.363888655294467e-05,9.295643723339353e-05,0.00016001434060359323,0.42212605510090406,0.39830326920604997,0.17957067569304597
85,"[1, 2, 3, 4, 5, 6, 7, 8, 9, 10, 11, 12, 13, 14, 15, 16, 17, 18, 19, 20, 21, 22, 23, 24, 25, 26, 27, 28, 29, 30, 31, 32, 33, 34, 35, 36, 37, 38, 39, 40, 41, 42, 43, 44, 45, 46, 47, 48, 49, 50, 51, 52, 53, 54, 55, 56, 57, 58, 59, 60, 61, 62, 63, 64, 80, 81, 82, 83, 84, 85]","[65, 66, 67, 68, 69, 70, 71, 72, 73, 74, 75, 76, 77, 78, 79]","[86, 87, 88, 89, 90, 91, 92, 93, 94, 95, 96, 97, 98, 99, 100, 101, 102, 103, 104, 105, 106, 107, 108]",day,5.0,5,23335,5,3.357221689318693e-06,0.00013017160845885215,0.048555883780874894,2.8061353473249246,-0.0003463060276423158,-0.0002025952451379931,-6.747865987388746e-05,0.0,6.857005721538911e-05,0.00021477240010780988,0.00035696850258064126,0.4863081208485108,0.46659524319691453,0.047096635954574674
85,"[1, 2, 3, 4, 5, 6, 7, 8, 9, 10, 11, 12, 13, 14, 15, 16, 17, 18, 19, 20, 21, 22, 23, 24, 25, 26, 27, 28, 29, 30, 31, 32, 33, 34, 35, 36, 37, 38, 39, 40, 41, 42, 43, 44, 45, 46, 47, 48, 49, 50, 51, 52, 53, 54, 55, 56, 57, 58, 59, 60, 61, 62, 63, 64, 80, 81, 82, 83, 84, 85]","[65, 66, 67, 68, 69, 70, 71, 72, 73, 74, 75, 76, 77, 78, 79]","[86, 87, 88, 89, 90, 91, 92, 93, 94, 95, 96, 97, 98, 99, 100, 101, 102, 103, 104, 105, 106, 107, 108]",day,5.0,30,23310,30,2.0283519072663648e-05,0.0003282255881455168,0.07254246683510042,1.047030006588634,-0.0008064775154961201,-0.0005000847982569057,-0.00018463663461612545,1.6681971326759637e-05,0.0002187005820799559,0.0005671670955591289,0.0008840746149603263,0.5075504075504076,0.4765336765336765,0.015915915915915915
85,"[1, 2, 3, 4, 5, 6, 7, 8, 9, 10, 11, 12, 13, 14, 15, 16, 17, 18, 19, 20, 21, 22, 23, 24, 25, 26, 27, 28, 29, 30, 31, 32, 33, 34, 35, 36, 37, 38, 39, 40, 41, 42, 43, 44, 45, 46, 47, 48, 49, 50, 51, 52, 53, 54, 55, 56, 57, 58, 59, 60, 61, 62, 63, 64, 80, 81, 82, 83, 84, 85]","[65, 66, 67, 68, 69, 70, 71, 72, 73, 74, 75, 76, 77, 78, 79]","[86, 87, 88, 89, 90, 91, 92, 93, 94, 95, 96, 97, 98, 99, 100, 101, 102, 103, 104, 105, 106, 107, 108]",day,5.0,60,23280,60,3.910689877990334e-05,0.0004790674231176042,0.1669707885872212,1.2807929138026166,-0.00116477923323718,-0.0007243532905259031,-0.00024641796974667063,2.5237230675934086e-05,0.0003040720313508549,0.0008411750014150176,0.0013308604198671227,0.5187714776632303,0.4711340206185567,0.010094501718213059
85,"[1, 2, 3, 4, 5, 6, 7, 8, 9, 10, 11, 12, 13, 14, 15, 16, 17, 18, 19, 20, 21, 22, 23, 24, 25, 26, 27, 28, 29, 30, 31, 32, 33, 34, 35, 36, 37, 38, 39, 40, 41, 42, 43, 44, 45, 46, 47, 48, 49, 50, 51, 52, 53, 54, 55, 56, 57, 58, 59, 60, 61, 62, 63, 64, 80, 81, 82, 83, 84, 85]","[65, 66, 67, 68, 69, 70, 71, 72, 73, 74, 75, 76, 77, 78, 79]","[86, 87, 88, 89, 90, 91, 92, 93, 94, 95, 96, 97, 98, 99, 100, 101, 102, 103, 104, 105, 106, 107, 108]",day,5.0,300,23040,300,0.0001826925713069651,0.001165674699053796,0.22388828996085094,1.0964757592659744,-0.002904482011935543,-0.0016572362049494193,-0.00048363356363401167,0.00010126924118458724,0.000833785242438434,0.0022457067603221296,0.0035276077725372446,0.5419270833333333,0.45438368055555556,0.003689236111111111
85,"[1, 2, 3, 4, 5, 6, 7, 8, 9, 10, 11, 12, 13, 14, 15, 16, 17, 18, 19, 20, 21, 22, 23, 24, 25, 26, 27, 28, 29, 30, 31, 32, 33, 34, 35, 36, 37, 38, 39, 40, 41, 42, 43, 44, 45, 46, 47, 48, 49, 50, 51, 52, 53, 54, 55, 56, 57, 58, 59, 60, 61, 62, 63, 64, 80, 81, 82, 83, 84, 85]","[65, 66, 67, 68, 69, 70, 71, 72, 73, 74, 75, 76, 77, 78, 79]","[86, 87, 88, 89, 90, 91, 92, 93, 94, 95, 96, 97, 98, 99, 100, 101, 102, 103, 104, 105, 106, 107, 108]",day,6.0,1,23339,1,1.8610098269436613e-07,4.799052114302795e-05,0.5053701420739495,17.737482946394433,-0.00012113647338693134,-7.2632190586841e-05,-2.4143800479103916e-05,0.0,2.4161592731886117e-05,7.254086468688747e-05,0.00012095145292274621,0.4180984618021338,0.40258794292814604,0.1793135952697202
85,"[1, 2, 3, 4, 5, 6, 7, 8, 9, 10, 11, 12, 13, 14, 15, 16, 17, 18, 19, 20, 21, 22, 23, 24, 25, 26, 27, 28, 29, 30, 31, 32, 33, 34, 35, 36, 37, 38, 39, 40, 41, 42, 43, 44, 45, 46, 47, 48, 49, 50, 51, 52, 53, 54, 55, 56, 57, 58, 59, 60, 61, 62, 63, 64, 80, 81, 82, 83, 84, 85]","[65, 66, 67, 68, 69, 70, 71, 72, 73, 74, 75, 76, 77, 78, 79]","[86, 87, 88, 89, 90, 91, 92, 93, 94, 95, 96, 97, 98, 99, 100, 101, 102, 103, 104, 105, 106, 107, 108]",day,6.0,5,23335,5,9.040386684802386e-07,0.00010484553177280716,-0.02006178804835578,5.738969855739745,-0.00026506345608071633,-0.0001686915679572798,-6.018331838980595e-05,0.0,6.05484478428675e-05,0.00016820170750775354,0.00026500481358899375,0.4780372830512106,0.46008142275551744,0.06188129419327191
85,"[1, 2, 3, 4, 5, 6, 7, 8, 9, 10, 11, 12, 13, 14, 15, 16, 17, 18, 19, 20, 21, 22, 23, 24, 25, 26, 27, 28, 29, 30, 31, 32, 33, 34, 35, 36, 37, 38, 39, 40, 41, 42, 43, 44, 45, 46, 47, 48, 49, 50, 51, 52, 53, 54, 55, 56, 57, 58, 59, 60, 61, 62, 63, 64, 80, 81, 82, 83, 84, 85]","[65, 66, 67, 68, 69, 70, 71, 72, 73, 74, 75, 76, 77, 78, 79]","[86, 87, 88, 89, 90, 91, 92, 93, 94, 95, 96, 97, 98, 99, 100, 101, 102, 103, 104, 105, 106, 107, 108]",day,6.0,30,23310,30,5.132091088275017e-06,0.0002489342122181369,0.06491793377988418,1.5139648215885515,-0.0006263210011240284,-0.0003997049451351431,-0.00014493977218163479,0.0,0.00016695470972899473,0.00039281487257220016,0.0006250319619804177,0.49854139854139856,0.477005577005577,0.02445302445302445
85,"[1, 2, 3, 4, 5, 6, 7, 8, 9, 10, 11, 12, 13, 14, 15, 16, 17, 18, 19, 20, 21, 22, 23, 24, 25, 26, 27, 28, 29, 30, 31, 32, 33, 34, 35, 36, 37, 38, 39, 40, 41, 42, 43, 44, 45, 46, 47, 48, 49, 50, 51, 52, 53, 54, 55, 56, 57, 58, 59, 60, 61, 62, 63, 64, 80, 81, 82, 83, 84, 85]","[65, 66, 67, 68, 69, 70, 71, 72, 73, 74, 75, 76, 77, 78, 79]","[86, 87, 88, 89, 90, 91, 92, 93, 94, 95, 96, 97, 98, 99, 100, 101, 102, 103, 104, 105, 106, 107, 108]",day,6.0,60,23280,60,1.070779052299602e-05,0.00033976062650910234,-0.010083489282013646,0.8441375652241443,-0.0008429106041133649,-0.0005405217107521121,-0.000204431356557927,1.2092263995899799e-05,0.00022752381374152586,0.0005555837374010886,0.0008707816219876037,0.5094501718213058,0.4751288659793814,0.015420962199312716
85,"[1, 2, 3, 4, 5, 6, 7, 8, 9, 10, 11, 12, 13, 14, 15, 16, 17, 18, 19, 20, 21, 22, 23, 24, 25, 26, 27, 28, 29, 30, 31, 32, 33, 34, 35, 36, 37, 38, 39, 40, 41, 42, 43, 44, 45, 46, 47, 48, 49, 50, 51, 52, 53, 54, 55, 56, 57, 58, 59, 60, 61, 62, 63, 64, 80, 81, 82, 83, 84, 85]","[65, 66, 67, 68, 69, 70, 71, 72, 73, 74, 75, 76, 77, 78, 79]","[86, 87, 88, 89, 90, 91, 92, 93, 94, 95, 96, 97, 98, 99, 100, 101, 102, 103, 104, 105, 106, 107, 108]",day,6.0,300,23040,300,5.240274458829842e-05,0.0007940079394527655,-0.1488843759741466,0.026210280473857317,-0.0018030370098516546,-0.0013891128586438872,-0.0004113359344732337,8.473088864857647e-05,0.0005956422294450814,0.0012854634118593547,0.001985770549043784,0.5486545138888889,0.4440104166666667,0.007335069444444444
85,"[1, 2, 3, 4, 5, 6, 7, 8, 9, 10, 11, 12, 13, 14, 15, 16, 17, 18, 19, 20, 21, 22, 23, 24, 25, 26, 27, 28, 29, 30, 31, 32, 33, 34, 35, 36, 37, 38, 39, 40, 41, 42, 43, 44, 45, 46, 47, 48, 49, 50, 51, 52, 53, 54, 55, 56, 57, 58, 59, 60, 61, 62, 63, 64, 80, 81, 82, 83, 84, 85]","[65, 66, 67, 68, 69, 70, 71, 72, 73, 74, 75, 76, 77, 78, 79]","[86, 87, 88, 89, 90, 91, 92, 93, 94, 95, 96, 97, 98, 99, 100, 101, 102, 103, 104, 105, 106, 107, 108]",day,7.0,1,23339,1,-1.2287203723339444e-07,3.191131266938629e-05,0.09357634020126594,5.217878291411015,-8.836775479307058e-05,-4.59811029639101e-05,-1.577956935927549e-05,0.0,1.3997352333094959e-05,4.42196122901306e-05,8.832166751315818e-05,0.3635545653198509,0.3632117914220832,0.2732336432580659
85,"[1, 2, 3, 4, 5, 6, 7, 8, 9, 10, 11, 12, 13, 14, 15, 16, 17, 18, 19, 20, 21, 22, 23, 24, 25, 26, 27, 28, 29, 30, 31, 32, 33, 34, 35, 36, 37, 38, 39, 40, 41, 42, 43, 44, 45, 46, 47, 48, 49, 50, 51, 52, 53, 54, 55, 56, 57, 58, 59, 60, 61, 62, 63, 64, 80, 81, 82, 83, 84, 85]","[65, 66, 67, 68, 69, 70, 71, 72, 73, 74, 75, 76, 77, 78, 79]","[86, 87, 88, 89, 90, 91, 92, 93, 94, 95, 96, 97, 98, 99, 100, 101, 102, 103, 104, 105, 106, 107, 108]",day,7.0,5,23335,5,-5.951240563369969e-07,6.778025052281005e-05,0.032089870583565404,2.5179671474848346,-0.00017784618996530277,-0.00011028162874181513,-4.1904677905879595e-05,0.0,3.315796454295139e-05,0.00011027790030859741,0.00018338179965083224,0.45331047782301265,0.4596100278551532,0.08707949432183415
85,"[1, 2, 3, 4, 5, 6, 7, 8, 9, 10, 11, 12, 13, 14, 15, 16, 17, 18, 19, 20, 21, 22, 23, 24, 25, 26, 27, 28, 29, 30, 31, 32, 33, 34, 35, 36, 37, 38, 39, 40, 41, 42, 43, 44, 45, 46, 47, 48, 49, 50, 51, 52, 53, 54, 55, 56, 57, 58, 59, 60, 61, 62, 63, 64, 80, 81, 82, 83, 84, 85]","[65, 66, 67, 68, 69, 70, 71, 72, 73, 74, 75, 76, 77, 78, 79]","[86, 87, 88, 89, 90, 91, 92, 93, 94, 95, 96, 97, 98, 99, 100, 101, 102, 103, 104, 105, 106, 107, 108]",day,7.0,30,23310,30,-3.4795898535427885e-06,0.00016796160431311694,-0.12156648884797933,0.892030290808473,-0.0004417195571457433,-0.0002870210791460215,-0.00010140534586225436,0.0,9.92881590615724e-05,0.0002648921833946605,0.0003974459242336703,0.48773058773058775,0.48090948090948094,0.03135993135993136
85,"[1, 2, 3, 4, 5, 6, 7, 8, 9, 10, 11, 12, 13, 14, 15, 16, 17, 18, 19, 20, 21, 22, 23, 24, 25, 26, 27, 28, 29, 30, 31, 32, 33, 34, 35, 36, 37, 38, 39, 40, 41, 42, 43, 44, 45, 46, 47, 48, 49, 50, 51, 52, 53, 54, 55, 56, 57, 58, 59, 60, 61, 62, 63, 64, 80, 81, 82, 83, 84, 85]","[65, 66, 67, 68, 69, 70, 71, 72, 73, 74, 75, 76, 77, 78, 79]","[86, 87, 88, 89, 90, 91, 92, 93, 94, 95, 96, 97, 98, 99, 100, 101, 102, 103, 104, 105, 106, 107, 108]",day,7.0,60,23280,60,-6.935539550016316e-06,0.00023153309303716884,-0.23918302141436565,0.6146714347435158,-0.0006175999668759047,-0.00040830762558866085,-0.00015189213349178776,0.0,0.0001434055508977572,0.00035251337031495523,0.0005301363757598776,0.497766323024055,0.47946735395189005,0.02276632302405498
85,"[1, 2, 3, 4, 5, 6, 7, 8, 9, 10, 11, 12, 13, 14, 15, 16, 17, 18, 19, 20, 21, 22, 23, 24, 25, 26, 27, 28, 29, 30, 31, 32, 33, 34, 35, 36, 37, 38, 39, 40, 41, 42, 43, 44, 45, 46, 47, 48, 49, 50, 51, 52, 53, 54, 55, 56, 57, 58, 59, 60, 61, 62, 63, 64, 80, 81, 82, 83, 84, 85]","[65, 66, 67, 68, 69, 70, 71, 72, 73, 74, 75, 76, 77, 78, 79]","[86, 87, 88, 89, 90, 91, 92, 93, 94, 95, 96, 97, 98, 99, 100, 101, 102, 103, 104, 105, 106, 107, 108]",day,7.0,300,23040,300,-3.679205036945307e-05,0.0005301102456260336,-0.38098363469220103,0.252372062645005,-0.0014321860466451274,-0.0009481619990775625,-0.00037270234289651927,0.0,0.0003421926296751643,0.0007624903376495906,0.0010804241280025395,0.49466145833333336,0.49626736111111114,0.009071180555555556
85,"[1, 2, 3, 4, 5, 6, 7, 8, 9, 10, 11, 12, 13, 14, 15, 16, 17, 18, 19, 20, 21, 22, 23, 24, 25, 26, 27, 28, 29, 30, 31, 32, 33, 34, 35, 36, 37, 38, 39, 40, 41, 42, 43, 44, 45, 46, 47, 48, 49, 50, 51, 52, 53, 54, 55, 56, 57, 58, 59, 60, 61, 62, 63, 64, 80, 81, 82, 83, 84, 85]","[65, 66, 67, 68, 69, 70, 71, 72, 73, 74, 75, 76, 77, 78, 79]","[86, 87, 88, 89, 90, 91, 92, 93, 94, 95, 96, 97, 98, 99, 100, 101, 102, 103, 104, 105, 106, 107, 108]",day,8.0,1,23339,1,2.2523750380143035e-07,3.756978419285299e-05,-0.7400078345000942,10.738050892411412,-0.00010307344395471318,-5.740337653331595e-05,-2.2621332602001942e-05,0.0,2.2826880935022942e-05,5.7669958850170405e-05,9.174652820800766e-05,0.38056471999657226,0.36351171858262993,0.2559235614207978
85,"[1, 2, 3, 4, 5, 6, 7, 8, 9, 10, 11, 12, 13, 14, 15, 16, 17, 18, 19, 20, 21, 22, 23, 24, 25, 26, 27, 28, 29, 30, 31, 32, 33, 34, 35, 36, 37, 38, 39, 40, 41, 42, 43, 44, 45, 46, 47, 48, 49, 50, 51, 52, 53, 54, 55, 56, 57, 58, 59, 60, 61, 62, 63, 64, 80, 81, 82, 83, 84, 85]","[65, 66, 67, 68, 69, 70, 71, 72, 73, 74, 75, 76, 77, 78, 79]","[86, 87, 88, 89, 90, 91, 92, 93, 94, 95, 96, 97, 98, 99, 100, 101, 102, 103, 104, 105, 106, 107, 108]",day,8.0,5,23335,5,1.080174724047446e-06,8.20839190200082e-05,-0.421582148282473,3.8449366325493726,-0.00022903735599288932,-0.00012900755199019007,-4.569652934882651e-05,0.0,4.5749839875819376e-05,0.00012590407714880845,0.0002060895335611912,0.47542318405828154,0.44298264409685023,0.08159417184486822
85,"[1, 2, 3, 4, 5, 6, 7, 8, 9, 10, 11, 12, 13, 14, 15, 16, 17, 18, 19, 20, 21, 22, 23, 24, 25, 26, 27, 28, 29, 30, 31, 32, 33, 34, 35, 36, 37, 38, 39, 40, 41, 42, 43, 44, 45, 46, 47, 48, 49, 50, 51, 52, 53, 54, 55, 56, 57, 58, 59, 60, 61, 62, 63, 64, 80, 81, 82, 83, 84, 85]","[65, 66, 67, 68, 69, 70, 71, 72, 73, 74, 75, 76, 77, 78, 79]","[86, 87, 88, 89, 90, 91, 92, 93, 94, 95, 96, 97, 98, 99, 100, 101, 102, 103, 104, 105, 106, 107, 108]",day,8.0,30,23310,30,6.515657244538318e-06,0.0001977879753288844,-0.6503588660520011,3.497549083800136,-0.000617516962023098,-0.0003197336162627351,-9.150909947197583e-05,2.263193389029361e-05,0.00011590033462338667,0.0002971546848385742,0.000491084551643691,0.5265122265122265,0.44135564135564137,0.03213213213213213
85,"[1, 2, 3, 4, 5, 6, 7, 8, 9, 10, 11, 12, 13, 14, 15, 16, 17, 18, 19, 20, 21, 22, 23, 24, 25, 26, 27, 28, 29, 30, 31, 32, 33, 34, 35, 36, 37, 38, 39, 40, 41, 42, 43, 44, 45, 46, 47, 48, 49, 50, 51, 52, 53, 54, 55, 56, 57, 58, 59, 60, 61, 62, 63, 64, 80, 81, 82, 83, 84, 85]","[65, 66, 67, 68, 69, 70, 71, 72, 73, 74, 75, 76, 77, 78, 79]","[86, 87, 88, 89, 90, 91, 92, 93, 94, 95, 96, 97, 98, 99, 100, 101, 102, 103, 104, 105, 106, 107, 108]",day,8.0,60,23280,60,1.3649180549304715e-05,0.00028092149130565453,-0.7626166145890128,4.331916680293989,-0.0008019477732602798,-0.00045600885697423267,-0.00012569704726206332,2.2907408255834483e-05,0.00017826473115406527,0.0004238829401655763,0.0006864929152046303,0.5400343642611684,0.4390463917525773,0.020919243986254294
85,"[1, 2, 3, 4, 5, 6, 7, 8, 9, 10, 11, 12, 13, 14, 15, 16, 17, 18, 19, 20, 21, 22, 23, 24, 25, 26, 27, 28, 29, 30, 31, 32, 33, 34, 35, 36, 37, 38, 39, 40, 41, 42, 43, 44, 45, 46, 47, 48, 49, 50, 51, 52, 53, 54, 55, 56, 57, 58, 59, 60, 61, 62, 63, 64, 80, 81, 82, 83, 84, 85]","[65, 66, 67, 68, 69, 70, 71, 72, 73, 74, 75, 76, 77, 78, 79]","[86, 87, 88, 89, 90, 91, 92, 93, 94, 95, 96, 97, 98, 99, 100, 101, 102, 103, 104, 105, 106, 107, 108]",day,8.0,300,23040,300,5.586993122131838e-05,0.0006053776751711987,-0.4884316884114383,1.5559093781720232,-0.0016710981758132626,-0.0009842305663347929,-0.00028583433698325944,9.14494741657279e-05,0.00043388901575713845,0.0009717841639260815,0.0014676707823796,0.5658854166666667,0.42547743055555554,0.008637152777777778
85,"[1, 2, 3, 4, 5, 6, 7, 8, 9, 10, 11, 12, 13, 14, 15, 16, 17, 18, 19, 20, 21, 22, 23, 24, 25, 26, 27, 28, 29, 30, 31, 32, 33, 34, 35, 36, 37, 38, 39, 40, 41, 42, 43, 44, 45, 46, 47, 48, 49, 50, 51, 52, 53, 54, 55, 56, 57, 58, 59, 60, 61, 62, 63, 64, 80, 81, 82, 83, 84, 85]","[65, 66, 67, 68, 69, 70, 71, 72, 73, 74, 75, 76, 77, 78, 79]","[86, 87, 88, 89, 90, 91, 92, 93, 94, 95, 96, 97, 98, 99, 100, 101, 102, 103, 104, 105, 106, 107, 108]",day,9.0,1,23339,1,-8.205838566509022e-08,3.133319149359573e-05,-0.5970962520764069,10.279528404662885,-9.455011435832272e-05,-5.1572089185492054e-05,-8.597639088225861e-06,0.0,8.598748022281555e-06,5.1580069461154565e-05,8.60361001133647e-05,0.28223145807446764,0.2820600711255838,0.43570847079994857
85,"[1, 2, 3, 4, 5, 6, 7, 8, 9, 10, 11, 12, 13, 14, 15, 16, 17, 18, 19, 20, 21, 22, 23, 24, 25, 26, 27, 28, 29, 30, 31, 32, 33, 34, 35, 36, 37, 38, 39, 40, 41, 42, 43, 44, 45, 46, 47, 48, 49, 50, 51, 52, 53, 54, 55, 56, 57, 58, 59, 60, 61, 62, 63, 64, 80, 81, 82, 83, 84, 85]","[65, 66, 67, 68, 69, 70, 71, 72, 73, 74, 75, 76, 77, 78, 79]","[86, 87, 88, 89, 90, 91, 92, 93, 94, 95, 96, 97, 98, 99, 100, 101, 102, 103, 104, 105, 106, 107, 108]",day,9.0,5,23335,5,-4.2579814993320857e-07,6.745768712180069e-05,-0.42789151124868247,5.586171642073108,-0.00018905859487119202,-0.00010327431207052262,-3.439913314184917e-05,0.0,3.4408602150426404e-05,0.00010318959025965579,0.00016478190810718967,0.4611527748017999,0.44413970430683525,0.0947075208913649
85,"[1, 2, 3, 4, 5, 6, 7, 8, 9, 10, 11, 12, 13, 14, 15, 16, 17, 18, 19, 20, 21, 22, 23, 24, 25, 26, 27, 28, 29, 30, 31, 32, 33, 34, 35, 36, 37, 38, 39, 40, 41, 42, 43, 44, 45, 46, 47, 48, 49, 50, 51, 52, 53, 54, 55, 56, 57, 58, 59, 60, 61, 62, 63, 64, 80, 81, 82, 83, 84, 85]","[65, 66, 67, 68, 69, 70, 71, 72, 73, 74, 75, 76, 77, 78, 79]","[86, 87, 88, 89, 90, 91, 92, 93, 94, 95, 96, 97, 98, 99, 100, 101, 102, 103, 104, 105, 106, 107, 108]",day,9.0,30,23310,30,-2.532633564955379e-06,0.00015326571467998433,-0.06350058082669466,1.3930614867139433,-0.0004104241947475529,-0.0002580363265241081,-8.60200254617638e-05,0.0,8.60244653577702e-05,0.0002410136344854763,0.0003783794594693801,0.47803517803517803,0.4906906906906907,0.03127413127413128
85,"[1, 2, 3, 4, 5, 6, 7, 8, 9, 10, 11, 12, 13, 14, 15, 16, 17, 18, 19, 20, 21, 22, 23, 24, 25, 26, 27, 28, 29, 30, 31, 32, 33, 34, 35, 36, 37, 38, 39, 40, 41, 42, 43, 44, 45, 46, 47, 48, 49, 50, 51, 52, 53, 54, 55, 56, 57, 58, 59, 60, 61, 62, 63, 64, 80, 81, 82, 83, 84, 85]","[65, 66, 67, 68, 69, 70, 71, 72, 73, 74, 75, 76, 77, 78, 79]","[86, 87, 88, 89, 90, 91, 92, 93, 94, 95, 96, 97, 98, 99, 100, 101, 102, 103, 104, 105, 106, 107, 108]",day,9.0,60,23280,60,-5.297652439984754e-06,0.0002090477171031021,0.022069776545637517,1.1942674325951863,-0.0005498491633624814,-0.00033304333585970625,-0.0001375563121152057,0.0,0.00012037005193121786,0.0003440750703423534,0.0005154340721718831,0.48058419243986256,0.4961769759450172,0.023238831615120276
85,"[1, 2, 3, 4, 5, 6, 7, 8, 9, 10, 11, 12, 13, 14, 15, 16, 17, 18, 19, 20, 21, 22, 23, 24, 25, 26, 27, 28, 29, 30, 31, 32, 33, 34, 35, 36, 37, 38, 39, 40, 41, 42, 43, 44, 45, 46, 47, 48, 49, 50, 51, 52, 53, 54, 55, 56, 57, 58, 59, 60, 61, 62, 63, 64, 80, 81, 82, 83, 84, 85]","[65, 66, 67, 68, 69, 70, 71, 72, 73, 74, 75, 76, 77, 78, 79]","[86, 87, 88, 89, 90, 91, 92, 93, 94, 95, 96, 97, 98, 99, 100, 101, 102, 103, 104, 105, 106, 107, 108]",day,9.0,300,23040,300,-3.465153598051753e-05,0.0004301454233032058,0.04494422342116477,0.23322277834634964,-0.0010579215510673446,-0.0007726781023023044,-0.0003005559349356923,-4.298302170624435e-05,0.0002409441569025117,0.0006576260079090947,0.0010759074203181562,0.448828125,0.5396701388888889,0.011501736111111112
85,"[1, 2, 3, 4, 5, 6, 7, 8, 9, 10, 11, 12, 13, 14, 15, 16, 17, 18, 19, 20, 21, 22, 23, 24, 25, 26, 27, 28, 29, 30, 31, 32, 33, 34, 35, 36, 37, 38, 39, 40, 41, 42, 43, 44, 45, 46, 47, 48, 49, 50, 51, 52, 53, 54, 55, 56, 57, 58, 59, 60, 61, 62, 63, 64, 80, 81, 82, 83, 84, 85]","[65, 66, 67, 68, 69, 70, 71, 72, 73, 74, 75, 76, 77, 78, 79]","[86, 87, 88, 89, 90, 91, 92, 93, 94, 95, 96, 97, 98, 99, 100, 101, 102, 103, 104, 105, 106, 107, 108]",day,10.0,1,23339,1,-1.3250834975908248e-07,5.2546176035431676e-05,-0.30947949030785477,8.761122064951138,-0.00016187313032959506,-8.195183852268694e-05,-1.8233202662143455e-05,0.0,1.8244845831238976e-05,7.311529332074684e-05,0.00014497218346209984,0.3662967565019924,0.35284288101461075,0.2808603624833969
85,"[1, 2, 3, 4, 5, 6, 7, 8, 9, 10, 11, 12, 13, 14, 15, 16, 17, 18, 19, 20, 21, 22, 23, 24, 25, 26, 27, 28, 29, 30, 31, 32, 33, 34, 35, 36, 37, 38, 39, 40, 41, 42, 43, 44, 45, 46, 47, 48, 49, 50, 51, 52, 53, 54, 55, 56, 57, 58, 59, 60, 61, 62, 63, 64, 80, 81, 82, 83, 84, 85]","[65, 66, 67, 68, 69, 70, 71, 72, 73, 74, 75, 76, 77, 78, 79]","[86, 87, 88, 89, 90, 91, 92, 93, 94, 95, 96, 97, 98, 99, 100, 101, 102, 103, 104, 105, 106, 107, 108]",day,10.0,5,23335,5,-7.14247556373329e-07,0.00011625728815576954,-0.2915533395422607,4.8296985733077555,-0.0003312424720029794,-0.00018219781586352734,-5.472754802338109e-05,0.0,5.4788016258466854e-05,0.00018122803753983785,0.0002917755050956972,0.47555174630383545,0.45991000642811225,0.06453824726805228
85,"[1, 2, 3, 4, 5, 6, 7, 8, 9, 10, 11, 12, 13, 14, 15, 16, 17, 18, 19, 20, 21, 22, 23, 24, 25, 26, 27, 28, 29, 30, 31, 32, 33, 34, 35, 36, 37, 38, 39, 40, 41, 42, 43, 44, 45, 46, 47, 48, 49, 50, 51, 52, 53, 54, 55, 56, 57, 58, 59, 60, 61, 62, 63, 64, 80, 81, 82, 83, 84, 85]","[65, 66, 67, 68, 69, 70, 71, 72, 73, 74, 75, 76, 77, 78, 79]","[86, 87, 88, 89, 90, 91, 92, 93, 94, 95, 96, 97, 98, 99, 100, 101, 102, 103, 104, 105, 106, 107, 108]",day,10.0,30,23310,30,-5.167588057601876e-06,0.00027368342987992483,-0.4245795190160477,3.18088773823849,-0.000764451551633446,-0.0004532131512092363,-0.00014583371310883386,0.0,0.00014585764294050563,0.00043587228941932565,0.0006509047675198798,0.4861861861861862,0.489017589017589,0.024796224796224797
85,"[1, 2, 3, 4, 5, 6, 7, 8, 9, 10, 11, 12, 13, 14, 15, 16, 17, 18, 19, 20, 21, 22, 23, 24, 25, 26, 27, 28, 29, 30, 31, 32, 33, 34, 35, 36, 37, 38, 39, 40, 41, 42, 43, 44, 45, 46, 47, 48, 49, 50, 51, 52, 53, 54, 55, 56, 57, 58, 59, 60, 61, 62, 63, 64, 80, 81, 82, 83, 84, 85]","[65, 66, 67, 68, 69, 70, 71, 72, 73, 74, 75, 76, 77, 78, 79]","[86, 87, 88, 89, 90, 91, 92, 93, 94, 95, 96, 97, 98, 99, 100, 101, 102, 103, 104, 105, 106, 107, 108]",day,10.0,60,23280,60,-1.129258915434409e-05,0.00038884986257812284,-0.46641304390039656,2.5604553546878126,-0.0011297386401660026,-0.0006528131259064152,-0.0002187097039989816,0.0,0.00021813819054350425,0.0005969771478158137,0.0009013843649226859,0.4895189003436426,0.4932560137457045,0.017225085910652922
85,"[1, 2, 3, 4, 5, 6, 7, 8, 9, 10, 11, 12, 13, 14, 15, 16, 17, 18, 19, 20, 21, 22, 23, 24, 25, 26, 27, 28, 29, 30, 31, 32, 33, 34, 35, 36, 37, 38, 39, 40, 41, 42, 43, 44, 45, 46, 47, 48, 49, 50, 51, 52, 53, 54, 55, 56, 57, 58, 59, 60, 61, 62, 63, 64, 80, 81, 82, 83, 84, 85]","[65, 66, 67, 68, 69, 70, 71, 72, 73, 74, 75, 76, 77, 78, 79]","[86, 87, 88, 89, 90, 91, 92, 93, 94, 95, 96, 97, 98, 99, 100, 101, 102, 103, 104, 105, 106, 107, 108]",day,10.0,300,23040,300,-5.532894536562937e-05,0.0009542489808085558,-0.25358553771025005,0.7143495825933539,-0.0026313567845871032,-0.0019120911550222109,-0.000550557131771684,-5.44998728339019e-05,0.0005274213706143449,0.0015481849807843506,0.0021944801085402865,0.46731770833333336,0.5250868055555555,0.007595486111111111
85,"[1, 2, 3, 4, 5, 6, 7, 8, 9, 10, 11, 12, 13, 14, 15, 16, 17, 18, 19, 20, 21, 22, 23, 24, 25, 26, 27, 28, 29, 30, 31, 32, 33, 34, 35, 36, 37, 38, 39, 40, 41, 42, 43, 44, 45, 46, 47, 48, 49, 50, 51, 52, 53, 54, 55, 56, 57, 58, 59, 60, 61, 62, 63, 64, 80, 81, 82, 83, 84, 85]","[65, 66, 67, 68, 69, 70, 71, 72, 73, 74, 75, 76, 77, 78, 79]","[86, 87, 88, 89, 90, 91, 92, 93, 94, 95, 96, 97, 98, 99, 100, 101, 102, 103, 104, 105, 106, 107, 108]",day,11.0,1,23339,1,-3.542704920330282e-07,6.412888450778633e-05,0.5643751431040664,13.682813418104653,-0.0001690782905556465,-9.739943508335625e-05,-3.628710356340381e-05,0.0,3.0097050925714797e-05,9.734752336258979e-05,0.00016937923480671912,0.43005270148678176,0.4358370110116115,0.13411028750160675
85,"[1, 2, 3, 4, 5, 6, 7, 8, 9, 10, 11, 12, 13, 14, 15, 16, 17, 18, 19, 20, 21, 22, 23, 24, 25, 26, 27, 28, 29, 30, 31, 32, 33, 34, 35, 36, 37, 38, 39, 40, 41, 42, 43, 44, 45, 46, 47, 48, 49, 50, 51, 52, 53, 54, 55, 56, 57, 58, 59, 60, 61, 62, 63, 64, 80, 81, 82, 83, 84, 85]","[65, 66, 67, 68, 69, 70, 71, 72, 73, 74, 75, 76, 77, 78, 79]","[86, 87, 88, 89, 90, 91, 92, 93, 94, 95, 96, 97, 98, 99, 100, 101, 102, 103, 104, 105, 106, 107, 108]",day,11.0,5,23335,5,-1.7741630540545143e-06,0.00013683889560151672,0.2949044132320759,3.5727615440760836,-0.0003405026989079385,-0.00021792981209862728,-7.586579432733442e-05,0.0,7.3024682342826e-05,0.00021793072309581608,0.00036046006364212423,0.46835226055281765,0.48365116777373046,0.04799657167345189
85,"[1, 2, 3, 4, 5, 6, 7, 8, 9, 10, 11, 12, 13, 14, 15, 16, 17, 18, 19, 20, 21, 22, 23, 24, 25, 26, 27, 28, 29, 30, 31, 32, 33, 34, 35, 36, 37, 38, 39, 40, 41, 42, 43, 44, 45, 46, 47, 48, 49, 50, 51, 52, 53, 54, 55, 56, 57, 58, 59, 60, 61, 62, 63, 64, 80, 81, 82, 83, 84, 85]","[65, 66, 67, 68, 69, 70, 71, 72, 73, 74, 75, 76, 77, 78, 79]","[86, 87, 88, 89, 90, 91, 92, 93, 94, 95, 96, 97, 98, 99, 100, 101, 102, 103, 104, 105, 106, 107, 108]",day,11.0,30,23310,30,-1.070884819006965e-05,0.00033198231777272,0.24639300252302607,1.020336577807421,-0.0007789362855301985,-0.0005321278220172976,-0.00021953361303550523,-2.4131274131367064e-05,0.00018960306088938728,0.0005334154694128122,0.0009010007206770187,0.466966966966967,0.5134706134706135,0.019562419562419563
85,"[1, 2, 3, 4, 5, 6, 7, 8, 9, 10, 11, 12, 13, 14, 15, 16, 17, 18, 19, 20, 21, 22, 23, 24, 25, 26, 27, 28, 29, 30, 31, 32, 33, 34, 35, 36, 37, 38, 39, 40, 41, 42, 43, 44, 45, 46, 47, 48, 49, 50, 51, 52, 53, 54, 55, 56, 57, 58, 59, 60, 61, 62, 63, 64, 80, 81, 82, 83, 84, 85]","[65, 66, 67, 68, 69, 70, 71, 72, 73, 74, 75, 76, 77, 78, 79]","[86, 87, 88, 89, 90, 91, 92, 93, 94, 95, 96, 97, 98, 99, 100, 101, 102, 103, 104, 105, 106, 107, 108]",day,11.0,60,23280,60,-2.2766019691135568e-05,0.0004567391156907051,0.2900308151103222,0.6235621663536937,-0.001048752103144588,-0.0007610083481617014,-0.0003144977410940164,-4.851425106111584e-05,0.00026070156141477785,0.0007641998637380567,0.0011977523014811498,0.4506443298969072,0.537414089347079,0.011941580756013745
85,"[1, 2, 3, 4, 5, 6, 7, 8, 9, 10, 11, 12, 13, 14, 15, 16, 17, 18, 19, 20, 21, 22, 23, 24, 25, 26, 27, 28, 29, 30, 31, 32, 33, 34, 35, 36, 37, 38, 39, 40, 41, 42, 43, 44, 45, 46, 47, 48, 49, 50, 51, 52, 53, 54, 55, 56, 57, 58, 59, 60, 61, 62, 63, 64, 80, 81, 82, 83, 84, 85]","[65, 66, 67, 68, 69, 70, 71, 72, 73, 74, 75, 76, 77, 78, 79]","[86, 87, 88, 89, 90, 91, 92, 93, 94, 95, 96, 97, 98, 99, 100, 101, 102, 103, 104, 105, 106, 107, 108]",day,11.0,300,23040,300,-0.00011852885943374219,0.000959244832715602,0.044003767881537044,0.02928371722740719,-0.002386182022132687,-0.0017002300170228524,-0.0007499273502077075,-0.00013348917516553538,0.0005119329510754889,0.0014151441171694533,0.0022567458514001215,0.44557291666666665,0.5497829861111111,0.004644097222222222
85,"[1, 2, 3, 4, 5, 6, 7, 8, 9, 10, 11, 12, 13, 14, 15, 16, 17, 18, 19, 20, 21, 22, 23, 24, 25, 26, 27, 28, 29, 30, 31, 32, 33, 34, 35, 36, 37, 38, 39, 40, 41, 42, 43, 44, 45, 46, 47, 48, 49, 50, 51, 52, 53, 54, 55, 56, 57, 58, 59, 60, 61, 62, 63, 64, 80, 81, 82, 83, 84, 85]","[65, 66, 67, 68, 69, 70, 71, 72, 73, 74, 75, 76, 77, 78, 79]","[86, 87, 88, 89, 90, 91, 92, 93, 94, 95, 96, 97, 98, 99, 100, 101, 102, 103, 104, 105, 106, 107, 108]",day,12.0,1,23339,1,-3.082019801120316e-08,2.730266896263601e-05,-0.7443970123374201,32.73798481269886,-7.653479824655029e-05,-4.587997797778076e-05,-1.530046283904074e-05,0.0,1.5301516380183955e-05,4.5879486831190695e-05,7.467252083886754e-05,0.38202150906208493,0.377565448391105,0.24041304254681006
85,"[1, 2, 3, 4, 5, 6, 7, 8, 9, 10, 11, 12, 13, 14, 15, 16, 17, 18, 19, 20, 21, 22, 23, 24, 25, 26, 27, 28, 29, 30, 31, 32, 33, 34, 35, 36, 37, 38, 39, 40, 41, 42, 43, 44, 45, 46, 47, 48, 49, 50, 51, 52, 53, 54, 55, 56, 57, 58, 59, 60, 61, 62, 63, 64, 80, 81, 82, 83, 84, 85]","[65, 66, 67, 68, 69, 70, 71, 72, 73, 74, 75, 76, 77, 78, 79]","[86, 87, 88, 89, 90, 91, 92, 93, 94, 95, 96, 97, 98, 99, 100, 101, 102, 103, 104, 105, 106, 107, 108]",day,12.0,5,23335,5,-1.6669184174602705e-07,5.9419799050737626e-05,-0.11516363594116384,6.247360178578161,-0.0001532339723717957,-9.197136012293328e-05,-3.0676728633660666e-05,0.0,3.06809639960548e-05,9.192626900815793e-05,0.00015312528711008966,0.46020998500107135,0.4670666380972788,0.07272337690164989
85,"[1, 2, 3, 4, 5, 6, 7, 8, 9, 10, 11, 12, 13, 14, 15, 16, 17, 18, 19, 20, 21, 22, 23, 24, 25, 26, 27, 28, 29, 30, 31, 32, 33, 34, 35, 36, 37, 38, 39, 40, 41, 42, 43, 44, 45, 46, 47, 48, 49, 50, 51, 52, 53, 54, 55, 56, 57, 58, 59, 60, 61, 62, 63, 64, 80, 81, 82, 83, 84, 85]","[65, 66, 67, 68, 69, 70, 71, 72, 73, 74, 75, 76, 77, 78, 79]","[86, 87, 88, 89, 90, 91, 92, 93, 94, 95, 96, 97, 98, 99, 100, 101, 102, 103, 104, 105, 106, 107, 108]",day,12.0,30,23310,30,-1.2114918890285832e-06,0.00014296147720275863,-0.13703693898401156,2.0037649379899856,-0.00035148606030738547,-0.00022997352243529502,-8.440226888736801e-05,0.0,8.439158463302565e-05,0.00022981109527964172,0.0003516722249071136,0.47267267267267266,0.4998283998283998,0.0274989274989275
85,"[1, 2, 3, 4, 5, 6, 7, 8, 9, 10, 11, 12, 13, 14, 15, 16, 17, 18, 19, 20, 21, 22, 23, 24, 25, 26, 27, 28, 29, 30, 31, 32, 33, 34, 35, 36, 37, 38, 39, 40, 41, 42, 43, 44, 45, 46, 47, 48, 49, 50, 51, 52, 53, 54, 55, 56, 57, 58, 59, 60, 61, 62, 63, 64, 80, 81, 82, 83, 84, 85]","[65, 66, 67, 68, 69, 70, 71, 72, 73, 74, 75, 76, 77, 78, 79]","[86, 87, 88, 89, 90, 91, 92, 93, 94, 95, 96, 97, 98, 99, 100, 101, 102, 103, 104, 105, 106, 107, 108]",day,12.0,60,23280,60,-2.1360995056271872e-06,0.00019854626006279638,-0.14832226497019055,2.1364231379489196,-0.00048256954932737853,-0.00030568886986825916,-0.00012267894462614226,-7.673478157665947e-06,0.00011487496817136345,0.0003332735921772623,0.0004897826008213934,0.4686855670103093,0.5123711340206185,0.018943298969072164
85,"[1, 2, 3, 4, 5, 6, 7, 8, 9, 10, 11, 12, 13, 14, 15, 16, 17, 18, 19, 20, 21, 22, 23, 24, 25, 26, 27, 28, 29, 30, 31, 32, 33, 34, 35, 36, 37, 38, 39, 40, 41, 42, 43, 44, 45, 46, 47, 48, 49, 50, 51, 52, 53, 54, 55, 56, 57, 58, 59, 60, 61, 62, 63, 64, 80, 81, 82, 83, 84, 85]","[65, 66, 67, 68, 69, 70, 71, 72, 73, 74, 75, 76, 77, 78, 79]","[86, 87, 88, 89, 90, 91, 92, 93, 94, 95, 96, 97, 98, 99, 100, 101, 102, 103, 104, 105, 106, 107, 108]",day,12.0,300,23040,300,-1.2814608022958097e-05,0.00043508192695495163,0.3867349753181945,-0.12303153989725324,-0.0008565032794815053,-0.0006733609973152809,-0.0003214412814932788,-6.132241794254423e-05,0.00029052315139938,0.0007521463032346465,0.001052208956695229,0.4371527777777778,0.5565538194444445,0.006293402777777778
85,"[1, 2, 3, 4, 5, 6, 7, 8, 9, 10, 11, 12, 13, 14, 15, 16, 17, 18, 19, 20, 21, 22, 23, 24, 25, 26, 27, 28, 29, 30, 31, 32, 33, 34, 35, 36, 37, 38, 39, 40, 41, 42, 43, 44, 45, 46, 47, 48, 49, 50, 51, 52, 53, 54, 55, 56, 57, 58, 59, 60, 61, 62, 63, 64, 80, 81, 82, 83, 84, 85]","[65, 66, 67, 68, 69, 70, 71, 72, 73, 74, 75, 76, 77, 78, 79]","[86, 87, 88, 89, 90, 91, 92, 93, 94, 95, 96, 97, 98, 99, 100, 101, 102, 103, 104, 105, 106, 107, 108]",day,13.0,1,23339,1,2.7433302938273123e-07,3.2669570359003864e-05,0.05068908428746956,19.55277756840624,-9.497737575392406e-05,-4.761753595128315e-05,-1.5801532748715985e-05,0.0,1.5805403867474865e-05,4.765728691851212e-05,9.484516526758746e-05,0.3837353785509233,0.371052744333519,0.24521187711555764
85,"[1, 2, 3, 4, 5, 6, 7, 8, 9, 10, 11, 12, 13, 14, 15, 16, 17, 18, 19, 20, 21, 22, 23, 24, 25, 26, 27, 28, 29, 30, 31, 32, 33, 34, 35, 36, 37, 38, 39, 40, 41, 42, 43, 44, 45, 46, 47, 48, 49, 50, 51, 52, 53, 54, 55, 56, 57, 58, 59, 60, 61, 62, 63, 64, 80, 81, 82, 83, 84, 85]","[65, 66, 67, 68, 69, 70, 71, 72, 73, 74, 75, 76, 77, 78, 79]","[86, 87, 88, 89, 90, 91, 92, 93, 94, 95, 96, 97, 98, 99, 100, 101, 102, 103, 104, 105, 106, 107, 108]",day,13.0,5,23335,5,1.3603188353889492e-06,7.204465481880145e-05,-0.06839936307909,7.621146315689247,-0.000206656304751891,-0.00011101243339273204,-3.1630555116013426e-05,0.0,3.1807627469016e-05,0.00011108871774752059,0.00019867541901128492,0.47559460038568674,0.4564816798800086,0.0679237197343047
85,"[1, 2, 3, 4, 5, 6, 7, 8, 9, 10, 11, 12, 13, 14, 15, 16, 17, 18, 19, 20, 21, 22, 23, 24, 25, 26, 27, 28, 29, 30, 31, 32, 33, 34, 35, 36, 37, 38, 39, 40, 41, 42, 43, 44, 45, 46, 47, 48, 49, 50, 51, 52, 53, 54, 55, 56, 57, 58, 59, 60, 61, 62, 63, 64, 80, 81, 82, 83, 84, 85]","[65, 66, 67, 68, 69, 70, 71, 72, 73, 74, 75, 76, 77, 78, 79]","[86, 87, 88, 89, 90, 91, 92, 93, 94, 95, 96, 97, 98, 99, 100, 101, 102, 103, 104, 105, 106, 107, 108]",day,13.0,30,23310,30,7.589128908503663e-06,0.00017321848007423725,-0.2092661277076758,2.9994957018177493,-0.0005085339154787449,-0.00027673693941721034,-7.123393033162118e-05,7.89983015381246e-06,9.490198404576988e-05,0.0002856326559702915,0.0004693552658422084,0.5099099099099099,0.46194766194766196,0.028142428142428143
85,"[1, 2, 3, 4, 5, 6, 7, 8, 9, 10, 11, 12, 13, 14, 15, 16, 17, 18, 19, 20, 21, 22, 23, 24, 25, 26, 27, 28, 29, 30, 31, 32, 33, 34, 35, 36, 37, 38, 39, 40, 41, 42, 43, 44, 45, 46, 47, 48, 49, 50, 51, 52, 53, 54, 55, 56, 57, 58, 59, 60, 61, 62, 63, 64, 80, 81, 82, 83, 84, 85]","[65, 66, 67, 68, 69, 70, 71, 72, 73, 74, 75, 76, 77, 78, 79]","[86, 87, 88, 89, 90, 91, 92, 93, 94, 95, 96, 97, 98, 99, 100, 101, 102, 103, 104, 105, 106, 107, 108]",day,13.0,60,23280,60,1.4628762365902076e-05,0.00024577979340284793,-0.1576662207206361,2.2806998389778155,-0.0006991129239651905,-0.00038182408400651014,-0.00011060417531272293,1.5815527684814867e-05,0.00014223317944661584,0.0004269294453690175,0.0006835121143974687,0.5289948453608248,0.4518470790378007,0.019158075601374572
85,"[1, 2, 3, 4, 5, 6, 7, 8, 9, 10, 11, 12, 13, 14, 15, 16, 17, 18, 19, 20, 21, 22, 23, 24, 25, 26, 27, 28, 29, 30, 31, 32, 33, 34, 35, 36, 37, 38, 39, 40, 41, 42, 43, 44, 45, 46, 47, 48, 49, 50, 51, 52, 53, 54, 55, 56, 57, 58, 59, 60, 61, 62, 63, 64, 80, 81, 82, 83, 84, 85]","[65, 66, 67, 68, 69, 70, 71, 72, 73, 74, 75, 76, 77, 78, 79]","[86, 87, 88, 89, 90, 91, 92, 93, 94, 95, 96, 97, 98, 99, 100, 101, 102, 103, 104, 105, 106, 107, 108]",day,13.0,300,23040,300,6.965735190282908e-05,0.0005623261467912142,0.061958796519747485,1.5477340676414295,-0.001453958284674951,-0.0008485817345340651,-0.00022144277880101204,4.741583688949724e-05,0.00036388374705320636,0.0009991792459179694,0.0016862151107602276,0.5443576388888889,0.44830729166666666,0.007335069444444444
85,"[1, 2, 3, 4, 5, 6, 7, 8, 9, 10, 11, 12, 13, 14, 15, 16, 17, 18, 19, 20, 21, 22, 23, 24, 25, 26, 27, 28, 29, 30, 31, 32, 33, 34, 35, 36, 37, 38, 39, 40, 41, 42, 43, 44, 45, 46, 47, 48, 49, 50, 51, 52, 53, 54, 55, 56, 57, 58, 59, 60, 61, 62, 63, 64, 80, 81, 82, 83, 84, 85]","[65, 66, 67, 68, 69, 70, 71, 72, 73, 74, 75, 76, 77, 78, 79]","[86, 87, 88, 89, 90, 91, 92, 93, 94, 95, 96, 97, 98, 99, 100, 101, 102, 103, 104, 105, 106, 107, 108]",day,14.0,1,23339,1,-8.515263333734297e-07,4.5358904526759376e-05,-0.033230955527735064,11.475201808139069,-0.00014558137572505015,-7.640761937786067e-05,-1.8152819137917664e-05,0.0,1.4133599377297301e-05,5.988992709129434e-05,0.00013592653208288838,0.34543039547538457,0.3571275547367068,0.29744204978790867
85,"[1, 2, 3, 4, 5, 6, 7, 8, 9, 10, 11, 12, 13, 14, 15, 16, 17, 18, 19, 20, 21, 22, 23, 24, 25, 26, 27, 28, 29, 30, 31, 32, 33, 34, 35, 36, 37, 38, 39, 40, 41, 42, 43, 44, 45, 46, 47, 48, 49, 50, 51, 52, 53, 54, 55, 56, 57, 58, 59, 60, 61, 62, 63, 64, 80, 81, 82, 83, 84, 85]","[65, 66, 67, 68, 69, 70, 71, 72, 73, 74, 75, 76, 77, 78, 79]","[86, 87, 88, 89, 90, 91, 92, 93, 94, 95, 96, 97, 98, 99, 100, 101, 102, 103, 104, 105, 106, 107, 108]",day,14.0,5,23335,5,-4.311657995117266e-06,9.918755703384537e-05,0.01327569605204384,8.098285472232524,-0.00032891096595734083,-0.0001650549565311077,-3.823433825922429e-05,0.0,2.911985270681594e-05,0.00013536317593354497,0.0003104806628759782,0.44191129205056784,0.46368116563102635,0.09440754231840583
85,"[1, 2, 3, 4, 5, 6, 7, 8, 9, 10, 11, 12, 13, 14, 15, 16, 17, 18, 19, 20, 21, 22, 23, 24, 25, 26, 27, 28, 29, 30, 31, 32, 33, 34, 35, 36, 37, 38, 39, 40, 41, 42, 43, 44, 45, 46, 47, 48, 49, 50, 51, 52, 53, 54, 55, 56, 57, 58, 59, 60, 61, 62, 63, 64, 80, 81, 82, 83, 84, 85]","[65, 66, 67, 68, 69, 70, 71, 72, 73, 74, 75, 76, 77, 78, 79]","[86, 87, 88, 89, 90, 91, 92, 93, 94, 95, 96, 97, 98, 99, 100, 101, 102, 103, 104, 105, 106, 107, 108]",day,14.0,30,23310,30,-2.5553001718767236e-05,0.00024255925511312994,-0.5389780259711913,5.980562487793695,-0.000843529037681946,-0.000448255267245512,-9.56370383120575e-05,-9.551280826802788e-06,7.106560195646594e-05,0.0002901309074948566,0.0007309589824834606,0.45272415272415273,0.5118833118833119,0.035392535392535396
85,"[1, 2, 3, 4, 5, 6, 7, 8, 9, 10, 11, 12, 13, 14, 15, 16, 17, 18, 19, 20, 21, 22, 23, 24, 25, 26, 27, 28, 29, 30, 31, 32, 33, 34, 35, 36, 37, 38, 39, 40, 41, 42, 43, 44, 45, 46, 47, 48, 49, 50, 51, 52, 53, 54, 55, 56, 57, 58, 59, 60, 61, 62, 63, 64, 80, 81, 82, 83, 84, 85]","[65, 66, 67, 68, 69, 70, 71, 72, 73, 74, 75, 76, 77, 78, 79]","[86, 87, 88, 89, 90, 91, 92, 93, 94, 95, 96, 97, 98, 99, 100, 101, 102, 103, 104, 105, 106, 107, 108]",day,14.0,60,23280,60,-5.120889008112918e-05,0.00033388694514316104,-0.7121658847510899,5.3262059605506,-0.0012142959851659586,-0.0006520982926072394,-0.00014345692944772725,-1.9106759015952157e-05,9.549183069995637e-05,0.00036304610972839326,0.0009133986340085912,0.4411512027491409,0.5335481099656357,0.025300687285223368
85,"[1, 2, 3, 4, 5, 6, 7, 8, 9, 10, 11, 12, 13, 14, 15, 16, 17, 18, 19, 20, 21, 22, 23, 24, 25, 26, 27, 28, 29, 30, 31, 32, 33, 34, 35, 36, 37, 38, 39, 40, 41, 42, 43, 44, 45, 46, 47, 48, 49, 50, 51, 52, 53, 54, 55, 56, 57, 58, 59, 60, 61, 62, 63, 64, 80, 81, 82, 83, 84, 85]","[65, 66, 67, 68, 69, 70, 71, 72, 73, 74, 75, 76, 77, 78, 79]","[86, 87, 88, 89, 90, 91, 92, 93, 94, 95, 96, 97, 98, 99, 100, 101, 102, 103, 104, 105, 106, 107, 108]",day,14.0,300,23040,300,-0.0002519274542253446,0.0007712402922473503,-1.5063847440846687,5.5065670788588665,-0.002914320355971086,-0.0017438772488193642,-0.0004282092714957275,-9.94024384240455e-05,0.0001337715947039575,0.0006497974160997178,0.0014261239202420662,0.382421875,0.6065972222222222,0.010980902777777777
85,"[1, 2, 3, 4, 5, 6, 7, 8, 9, 10, 11, 12, 13, 14, 15, 16, 17, 18, 19, 20, 21, 22, 23, 24, 25, 26, 27, 28, 29, 30, 31, 32, 33, 34, 35, 36, 37, 38, 39, 40, 41, 42, 43, 44, 45, 46, 47, 48, 49, 50, 51, 52, 53, 54, 55, 56, 57, 58, 59, 60, 61, 62, 63, 64, 80, 81, 82, 83, 84, 85]","[65, 66, 67, 68, 69, 70, 71, 72, 73, 74, 75, 76, 77, 78, 79]","[86, 87, 88, 89, 90, 91, 92, 93, 94, 95, 96, 97, 98, 99, 100, 101, 102, 103, 104, 105, 106, 107, 108]",day,15.0,1,23339,1,1.5882508152448928e-07,2.8871214269086942e-05,-0.19503783421226956,7.732614595920312,-7.773948503924765e-05,-4.654778362819245e-05,-1.5506280043431353e-05,0.0,1.550790321536155e-05,4.657734167579086e-05,7.779323074325716e-05,0.37152405844294956,0.36715369124641156,0.2613222503106388
85,"[1, 2, 3, 4, 5, 6, 7, 8, 9, 10, 11, 12, 13, 14, 15, 16, 17, 18, 19, 20, 21, 22, 23, 24, 25, 26, 27, 28, 29, 30, 31, 32, 33, 34, 35, 36, 37, 38, 39, 40, 41, 42, 43, 44, 45, 46, 47, 48, 49, 50, 51, 52, 53, 54, 55, 56, 57, 58, 59, 60, 61, 62, 63, 64, 80, 81, 82, 83, 84, 85]","[65, 66, 67, 68, 69, 70, 71, 72, 73, 74, 75, 76, 77, 78, 79]","[86, 87, 88, 89, 90, 91, 92, 93, 94, 95, 96, 97, 98, 99, 100, 101, 102, 103, 104, 105, 106, 107, 108]",day,15.0,5,23335,5,8.232054203735399e-07,6.469625836466891e-05,0.054295568507273136,3.5747466742887655,-0.00017100085687676402,-0.00010103200306437188,-3.105204322451094e-05,0.0,3.1089210489554375e-05,0.00010845533267651586,0.0001785102116601056,0.4617098778658667,0.46252410542104133,0.07576601671309192
85,"[1, 2, 3, 4, 5, 6, 7, 8, 9, 10, 11, 12, 13, 14, 15, 16, 17, 18, 19, 20, 21, 22, 23, 24, 25, 26, 27, 28, 29, 30, 31, 32, 33, 34, 35, 36, 37, 38, 39, 40, 41, 42, 43, 44, 45, 46, 47, 48, 49, 50, 51, 52, 53, 54, 55, 56, 57, 58, 59, 60, 61, 62, 63, 64, 80, 81, 82, 83, 84, 85]","[65, 66, 67, 68, 69, 70, 71, 72, 73, 74, 75, 76, 77, 78, 79]","[86, 87, 88, 89, 90, 91, 92, 93, 94, 95, 96, 97, 98, 99, 100, 101, 102, 103, 104, 105, 106, 107, 108]",day,15.0,30,23310,30,5.3069957284751126e-06,0.00015516911114548326,-0.07157046156908643,2.7500180220100603,-0.0004199050707067797,-0.00024047300286824668,-7.756748371079425e-05,0.0,9.309975638882584e-05,0.000248810762369045,0.00041820487180035395,0.49776919776919776,0.4720720720720721,0.03015873015873016
85,"[1, 2, 3, 4, 5, 6, 7, 8, 9, 10, 11, 12, 13, 14, 15, 16, 17, 18, 19, 20, 21, 22, 23, 24, 25, 26, 27, 28, 29, 30, 31, 32, 33, 34, 35, 36, 37, 38, 39, 40, 41, 42, 43, 44, 45, 46, 47, 48, 49, 50, 51, 52, 53, 54, 55, 56, 57, 58, 59, 60, 61, 62, 63, 64, 80, 81, 82, 83, 84, 85]","[65, 66, 67, 68, 69, 70, 71, 72, 73, 74, 75, 76, 77, 78, 79]","[86, 87, 88, 89, 90, 91, 92, 93, 94, 95, 96, 97, 98, 99, 100, 101, 102, 103, 104, 105, 106, 107, 108]",day,15.0,60,23280,60,1.0818794169685056e-05,0.00021531509885164147,-0.08636810971888764,1.8731210664276645,-0.0005742506921112079,-0.00034137636744535627,-0.00010857594887614397,1.5508684863441147e-05,0.00013199808214664488,0.00034959357804762445,0.0005752238048364555,0.5211769759450172,0.45914948453608245,0.019673539518900343
85,"[1, 2, 3, 4, 5, 6, 7, 8, 9, 10, 11, 12, 13, 14, 15, 16, 17, 18, 19, 20, 21, 22, 23, 24, 25, 26, 27, 28, 29, 30, 31, 32, 33, 34, 35, 36, 37, 38, 39, 40, 41, 42, 43, 44, 45, 46, 47, 48, 49, 50, 51, 52, 53, 54, 55, 56, 57, 58, 59, 60, 61, 62, 63, 64, 80, 81, 82, 83, 84, 85]","[65, 66, 67, 68, 69, 70, 71, 72, 73, 74, 75, 76, 77, 78, 79]","[86, 87, 88, 89, 90, 91, 92, 93, 94, 95, 96, 97, 98, 99, 100, 101, 102, 103, 104, 105, 106, 107, 108]",day,15.0,300,23040,300,5.5955568125375014e-05,0.00046685575973009325,-0.09236462490472222,0.36260788128205546,-0.0011087541583045645,-0.0007136218130574578,-0.0002483448207008798,7.364792343300675e-05,0.0003416732671728262,0.0008633791830020295,0.0011581578934251892,0.5634114583333333,0.42964409722222224,0.006944444444444444
85,"[1, 2, 3, 4, 5, 6, 7, 8, 9, 10, 11, 12, 13, 14, 15, 16, 17, 18, 19, 20, 21, 22, 23, 24, 25, 26, 27, 28, 29, 30, 31, 32, 33, 34, 35, 36, 37, 38, 39, 40, 41, 42, 43, 44, 45, 46, 47, 48, 49, 50, 51, 52, 53, 54, 55, 56, 57, 58, 59, 60, 61, 62, 63, 64, 80, 81, 82, 83, 84, 85]","[65, 66, 67, 68, 69, 70, 71, 72, 73, 74, 75, 76, 77, 78, 79]","[86, 87, 88, 89, 90, 91, 92, 93, 94, 95, 96, 97, 98, 99, 100, 101, 102, 103, 104, 105, 106, 107, 108]",day,16.0,1,23339,1,-1.2923919294773428e-07,2.8814455709744746e-05,-2.465941990017486,89.91039053106897,-7.766703149873822e-05,-4.64835936166752e-05,-1.5511932555056784e-05,0.0,1.551632511376244e-05,4.649360712893902e-05,7.763010806116633e-05,0.366725223874202,0.3629547109987574,0.2703200651270406
85,"[1, 2, 3, 4, 5, 6, 7, 8, 9, 10, 11, 12, 13, 14, 15, 16, 17, 18, 19, 20, 21, 22, 23, 24, 25, 26, 27, 28, 29, 30, 31, 32, 33, 34, 35, 36, 37, 38, 39, 40, 41, 42, 43, 44, 45, 46, 47, 48, 49, 50, 51, 52, 53, 54, 55, 56, 57, 58, 59, 60, 61, 62, 63, 64, 80, 81, 82, 83, 84, 85]","[65, 66, 67, 68, 69, 70, 71, 72, 73, 74, 75, 76, 77, 78, 79]","[86, 87, 88, 89, 90, 91, 92, 93, 94, 95, 96, 97, 98, 99, 100, 101, 102, 103, 104, 105, 106, 107, 108]",day,16.0,5,23335,5,-6.250828217801263e-07,6.349323194938432e-05,-1.532192407050022,29.325106200630962,-0.00017066074891992634,-9.322995167604375e-05,-3.1065427674337176e-05,0.0,3.106699597665852e-05,9.32998012916908e-05,0.00015695059120050174,0.45905292479108634,0.46676665952431967,0.07418041568459396
85,"[1, 2, 3, 4, 5, 6, 7, 8, 9, 10, 11, 12, 13, 14, 15, 16, 17, 18, 19, 20, 21, 22, 23, 24, 25, 26, 27, 28, 29, 30, 31, 32, 33, 34, 35, 36, 37, 38, 39, 40, 41, 42, 43, 44, 45, 46, 47, 48, 49, 50, 51, 52, 53, 54, 55, 56, 57, 58, 59, 60, 61, 62, 63, 64, 80, 81, 82, 83, 84, 85]","[65, 66, 67, 68, 69, 70, 71, 72, 73, 74, 75, 76, 77, 78, 79]","[86, 87, 88, 89, 90, 91, 92, 93, 94, 95, 96, 97, 98, 99, 100, 101, 102, 103, 104, 105, 106, 107, 108]",day,16.0,30,23310,30,-4.007304999810206e-06,0.00015008871273124828,-0.5200095139524715,2.667027560080011,-0.0004415553855898646,-0.00025631505942558805,-7.767441858994029e-05,0.0,7.780696367309936e-05,0.00023243435485169605,0.0003417274194352182,0.4880737880737881,0.4842127842127842,0.027713427713427715
85,"[1, 2, 3, 4, 5, 6, 7, 8, 9, 10, 11, 12, 13, 14, 15, 16, 17, 18, 19, 20, 21, 22, 23, 24, 25, 26, 27, 28, 29, 30, 31, 32, 33, 34, 35, 36, 37, 38, 39, 40, 41, 42, 43, 44, 45, 46, 47, 48, 49, 50, 51, 52, 53, 54, 55, 56, 57, 58, 59, 60, 61, 62, 63, 64, 80, 81, 82, 83, 84, 85]","[65, 66, 67, 68, 69, 70, 71, 72, 73, 74, 75, 76, 77, 78, 79]","[86, 87, 88, 89, 90, 91, 92, 93, 94, 95, 96, 97, 98, 99, 100, 101, 102, 103, 104, 105, 106, 107, 108]",day,16.0,60,23280,60,-8.031877224161959e-06,0.00020405180871741266,-0.3410106319240151,1.5787485313212226,-0.0005900862102549265,-0.00036449903519085723,-0.0001224033881999098,0.0,0.0001162317661471679,0.0003106361829023907,0.0004658560678449297,0.49269759450171824,0.4867697594501718,0.020532646048109966
85,"[1, 2, 3, 4, 5, 6, 7, 8, 9, 10, 11, 12, 13, 14, 15, 16, 17, 18, 19, 20, 21, 22, 23, 24, 25, 26, 27, 28, 29, 30, 31, 32, 33, 34, 35, 36, 37, 38, 39, 40, 41, 42, 43, 44, 45, 46, 47, 48, 49, 50, 51, 52, 53, 54, 55, 56, 57, 58, 59, 60, 61, 62, 63, 64, 80, 81, 82, 83, 84, 85]","[65, 66, 67, 68, 69, 70, 71, 72, 73, 74, 75, 76, 77, 78, 79]","[86, 87, 88, 89, 90, 91, 92, 93, 94, 95, 96, 97, 98, 99, 100, 101, 102, 103, 104, 105, 106, 107, 108]",day,16.0,300,23040,300,-4.142878367557801e-05,0.00045064954633163685,-0.3493167307184682,0.9537347122827082,-0.0011933255607606374,-0.0008693222391255029,-0.0002948799528192936,0.0,0.00024838935030668807,0.0005900259223297621,0.001116634543435704,0.49201388888888886,0.49887152777777777,0.009114583333333334
85,"[1, 2, 3, 4, 5, 6, 7, 8, 9, 10, 11, 12, 13, 14, 15, 16, 17, 18, 19, 20, 21, 22, 23, 24, 25, 26, 27, 28, 29, 30, 31, 32, 33, 34, 35, 36, 37, 38, 39, 40, 41, 42, 43, 44, 45, 46, 47, 48, 49, 50, 51, 52, 53, 54, 55, 56, 57, 58, 59, 60, 61, 62, 63, 64, 80, 81, 82, 83, 84, 85]","[65, 66, 67, 68, 69, 70, 71, 72, 73, 74, 75, 76, 77, 78, 79]","[86, 87, 88, 89, 90, 91, 92, 93, 94, 95, 96, 97, 98, 99, 100, 101, 102, 103, 104, 105, 106, 107, 108]",day,17.0,1,23339,1,-3.1204704562075277e-07,5.666504400405955e-05,0.44868296028430227,241.0307886330903,-0.00014611728624408738,-8.588624187644271e-05,-2.0154055177912245e-05,0.0,2.0112170776687144e-05,8.036918834997128e-05,0.0001364930571973355,0.42126912035648484,0.42259736921033464,0.15613351043318052
85,"[1, 2, 3, 4, 5, 6, 7, 8, 9, 10, 11, 12, 13, 14, 15, 16, 17, 18, 19, 20, 21, 22, 23, 24, 25, 26, 27, 28, 29, 30, 31, 32, 33, 34, 35, 36, 37, 38, 39, 40, 41, 42, 43, 44, 45, 46, 47, 48, 49, 50, 51, 52, 53, 54, 55, 56, 57, 58, 59, 60, 61, 62, 63, 64, 80, 81, 82, 83, 84, 85]","[65, 66, 67, 68, 69, 70, 71, 72, 73, 74, 75, 76, 77, 78, 79]","[86, 87, 88, 89, 90, 91, 92, 93, 94, 95, 96, 97, 98, 99, 100, 101, 102, 103, 104, 105, 106, 107, 108]",day,17.0,5,23335,5,-1.403475765412222e-06,0.00011601556772388657,0.1860159077354813,6.143826420163968,-0.0003106383199628948,-0.0001945747736762593,-6.80341532237616e-05,0.0,6.749771781000558e-05,0.00018395114034157608,0.0002915583366455943,0.4758517248767945,0.47400899935718876,0.05013927576601671
85,"[1, 2, 3, 4, 5, 6, 7, 8, 9, 10, 11, 12, 13, 14, 15, 16, 17, 18, 19, 20, 21, 22, 23, 24, 25, 26, 27, 28, 29, 30, 31, 32, 33, 34, 35, 36, 37, 38, 39, 40, 41, 42, 43, 44, 45, 46, 47, 48, 49, 50, 51, 52, 53, 54, 55, 56, 57, 58, 59, 60, 61, 62, 63, 64, 80, 81, 82, 83, 84, 85]","[65, 66, 67, 68, 69, 70, 71, 72, 73, 74, 75, 76, 77, 78, 79]","[86, 87, 88, 89, 90, 91, 92, 93, 94, 95, 96, 97, 98, 99, 100, 101, 102, 103, 104, 105, 106, 107, 108]",day,17.0,30,23310,30,-9.34154021848861e-06,0.00026715835659771667,-0.1499863662800665,1.0827242424540238,-0.0007023400801061874,-0.00046862186120966154,-0.00016119400927394612,0.0,0.00015557240923302906,0.00040915608011732324,0.0006415842231733326,0.4882024882024882,0.48983268983268985,0.021964821964821964
85,"[1, 2, 3, 4, 5, 6, 7, 8, 9, 10, 11, 12, 13, 14, 15, 16, 17, 18, 19, 20, 21, 22, 23, 24, 25, 26, 27, 28, 29, 30, 31, 32, 33, 34, 35, 36, 37, 38, 39, 40, 41, 42, 43, 44, 45, 46, 47, 48, 49, 50, 51, 52, 53, 54, 55, 56, 57, 58, 59, 60, 61, 62, 63, 64, 80, 81, 82, 83, 84, 85]","[65, 66, 67, 68, 69, 70, 71, 72, 73, 74, 75, 76, 77, 78, 79]","[86, 87, 88, 89, 90, 91, 92, 93, 94, 95, 96, 97, 98, 99, 100, 101, 102, 103, 104, 105, 106, 107, 108]",day,17.0,60,23280,60,-1.8961532717733607e-05,0.0003622288754618557,-0.13565554450751866,0.9279175307608374,-0.0009696088797190372,-0.0006241971996016227,-0.00023400023400010905,0.0,0.00020505910097684543,0.0005526096516886958,0.000870056737060707,0.4899054982817869,0.49471649484536084,0.015378006872852233
85,"[1, 2, 3, 4, 5, 6, 7, 8, 9, 10, 11, 12, 13, 14, 15, 16, 17, 18, 19, 20, 21, 22, 23, 24, 25, 26, 27, 28, 29, 30, 31, 32, 33, 34, 35, 36, 37, 38, 39, 40, 41, 42, 43, 44, 45, 46, 47, 48, 49, 50, 51, 52, 53, 54, 55, 56, 57, 58, 59, 60, 61, 62, 63, 64, 80, 81, 82, 83, 84, 85]","[65, 66, 67, 68, 69, 70, 71, 72, 73, 74, 75, 76, 77, 78, 79]","[86, 87, 88, 89, 90, 91, 92, 93, 94, 95, 96, 97, 98, 99, 100, 101, 102, 103, 104, 105, 106, 107, 108]",day,17.0,300,23040,300,-0.00010098118889046677,0.0007771868777385902,-0.1931115665985214,-0.15760086549379304,-0.0020178196767151133,-0.0014332796279866889,-0.0006238363990821727,-5.86424282501552e-05,0.0004296480303526695,0.0011511190340170224,0.0015486600628081071,0.46488715277777776,0.5296440972222223,0.00546875
85,"[1, 2, 3, 4, 5, 6, 7, 8, 9, 10, 11, 12, 13, 14, 15, 16, 17, 18, 19, 20, 21, 22, 23, 24, 25, 26, 27, 28, 29, 30, 31, 32, 33, 34, 35, 36, 37, 38, 39, 40, 41, 42, 43, 44, 45, 46, 47, 48, 49, 50, 51, 52, 53, 54, 55, 56, 57, 58, 59, 60, 61, 62, 63, 64, 80, 81, 82, 83, 84, 85]","[65, 66, 67, 68, 69, 70, 71, 72, 73, 74, 75, 76, 77, 78, 79]","[86, 87, 88, 89, 90, 91, 92, 93, 94, 95, 96, 97, 98, 99, 100, 101, 102, 103, 104, 105, 106, 107, 108]",day,18.0,1,23339,1,-1.4052154314850966e-08,2.9942375348147006e-05,-0.33653903108942024,5.714369672458579,-8.20109074507469e-05,-5.1147228640902045e-05,-2.0133747717199224e-05,0.0,2.031602708818525e-05,4.321411308578762e-05,8.193866890615631e-05,0.38536355456531984,0.376537126697802,0.23809931873687817
85,"[1, 2, 3, 4, 5, 6, 7, 8, 9, 10, 11, 12, 13, 14, 15, 16, 17, 18, 19, 20, 21, 22, 23, 24, 25, 26, 27, 28, 29, 30, 31, 32, 33, 34, 35, 36, 37, 38, 39, 40, 41, 42, 43, 44, 45, 46, 47, 48, 49, 50, 51, 52, 53, 54, 55, 56, 57, 58, 59, 60, 61, 62, 63, 64, 80, 81, 82, 83, 84, 85]","[65, 66, 67, 68, 69, 70, 71, 72, 73, 74, 75, 76, 77, 78, 79]","[86, 87, 88, 89, 90, 91, 92, 93, 94, 95, 96, 97, 98, 99, 100, 101, 102, 103, 104, 105, 106, 107, 108]",day,18.0,5,23335,5,-1.0500556137084811e-07,6.6708250081579e-05,-0.1858090771750416,1.4519646402753041,-0.0001743225722958841,-0.00010270167014373444,-4.1002931709499535e-05,0.0,4.101428322844658e-05,0.00010266729635954874,0.00016381502455637965,0.4711806299550032,0.45656738804371116,0.07225198200128562
85,"[1, 2, 3, 4, 5, 6, 7, 8, 9, 10, 11, 12, 13, 14, 15, 16, 17, 18, 19, 20, 21, 22, 23, 24, 25, 26, 27, 28, 29, 30, 31, 32, 33, 34, 35, 36, 37, 38, 39, 40, 41, 42, 43, 44, 45, 46, 47, 48, 49, 50, 51, 52, 53, 54, 55, 56, 57, 58, 59, 60, 61, 62, 63, 64, 80, 81, 82, 83, 84, 85]","[65, 66, 67, 68, 69, 70, 71, 72, 73, 74, 75, 76, 77, 78, 79]","[86, 87, 88, 89, 90, 91, 92, 93, 94, 95, 96, 97, 98, 99, 100, 101, 102, 103, 104, 105, 106, 107, 108]",day,18.0,30,23310,30,-9.438276469986986e-07,0.0001616161005692075,-0.026032945288016925,0.8311927296557484,-0.00038979668226573396,-0.00026673232385421297,-0.00010244379678023274,0.0,0.0001024692049522713,0.00025661172952352597,0.00037889474363361986,0.49004719004719005,0.47970827970827973,0.030244530244530245
85,"[1, 2, 3, 4, 5, 6, 7, 8, 9, 10, 11, 12, 13, 14, 15, 16, 17, 18, 19, 20, 21, 22, 23, 24, 25, 26, 27, 28, 29, 30, 31, 32, 33, 34, 35, 36, 37, 38, 39, 40, 41, 42, 43, 44, 45, 46, 47, 48, 49, 50, 51, 52, 53, 54, 55, 56, 57, 58, 59, 60, 61, 62, 63, 64, 80, 81, 82, 83, 84, 85]","[65, 66, 67, 68, 69, 70, 71, 72, 73, 74, 75, 76, 77, 78, 79]","[86, 87, 88, 89, 90, 91, 92, 93, 94, 95, 96, 97, 98, 99, 100, 101, 102, 103, 104, 105, 106, 107, 108]",day,18.0,60,23280,60,-2.101732935792027e-06,0.0002262641309427127,-0.08922083487459631,0.5342982332139541,-0.0005543057445280474,-0.000389065219617013,-0.00014341871714748655,0.0,0.0001432345952498415,0.0003583105593646052,0.0005546155624101878,0.49922680412371134,0.4790807560137457,0.021692439862542955
85,"[1, 2, 3, 4, 5, 6, 7, 8, 9, 10, 11, 12, 13, 14, 15, 16, 17, 18, 19, 20, 21, 22, 23, 24, 25, 26, 27, 28, 29, 30, 31, 32, 33, 34, 35, 36, 37, 38, 39, 40, 41, 42, 43, 44, 45, 46, 47, 48, 49, 50, 51, 52, 53, 54, 55, 56, 57, 58, 59, 60, 61, 62, 63, 64, 80, 81, 82, 83, 84, 85]","[65, 66, 67, 68, 69, 70, 71, 72, 73, 74, 75, 76, 77, 78, 79]","[86, 87, 88, 89, 90, 91, 92, 93, 94, 95, 96, 97, 98, 99, 100, 101, 102, 103, 104, 105, 106, 107, 108]",day,18.0,300,23040,300,-1.5609761123884322e-05,0.0004721966302827085,-0.31592656988401324,-0.05263395776005497,-0.0011859251559974016,-0.0008706808495266671,-0.0003066195804481975,2.0293536785231936e-05,0.0003077412138252078,0.0007272727272729096,0.000974815877064053,0.5087239583333333,0.482421875,0.008854166666666666
85,"[1, 2, 3, 4, 5, 6, 7, 8, 9, 10, 11, 12, 13, 14, 15, 16, 17, 18, 19, 20, 21, 22, 23, 24, 25, 26, 27, 28, 29, 30, 31, 32, 33, 34, 35, 36, 37, 38, 39, 40, 41, 42, 43, 44, 45, 46, 47, 48, 49, 50, 51, 52, 53, 54, 55, 56, 57, 58, 59, 60, 61, 62, 63, 64, 80, 81, 82, 83, 84, 85]","[65, 66, 67, 68, 69, 70, 71, 72, 73, 74, 75, 76, 77, 78, 79]","[86, 87, 88, 89, 90, 91, 92, 93, 94, 95, 96, 97, 98, 99, 100, 101, 102, 103, 104, 105, 106, 107, 108]",day,19.0,1,23339,1,8.426896237740147e-08,3.832830978546834e-05,-0.19172177967378212,7.549199369502016,-0.00011223554499717459,-5.630958257872854e-05,-1.865010537349665e-05,0.0,1.8657760695539594e-05,5.621662138088901e-05,0.00010961950492815949,0.3423882771326964,0.3302626504991645,0.32734907236813915
85,"[1, 2, 3, 4, 5, 6, 7, 8, 9, 10, 11, 12, 13, 14, 15, 16, 17, 18, 19, 20, 21, 22, 23, 24, 25, 26, 27, 28, 29, 30, 31, 32, 33, 34, 35, 36, 37, 38, 39, 40, 41, 42, 43, 44, 45, 46, 47, 48, 49, 50, 51, 52, 53, 54, 55, 56, 57, 58, 59, 60, 61, 62, 63, 64, 80, 81, 82, 83, 84, 85]","[65, 66, 67, 68, 69, 70, 71, 72, 73, 74, 75, 76, 77, 78, 79]","[86, 87, 88, 89, 90, 91, 92, 93, 94, 95, 96, 97, 98, 99, 100, 101, 102, 103, 104, 105, 106, 107, 108]",day,19.0,5,23335,5,4.396608161715597e-07,8.512809396307186e-05,-0.28058217820253906,3.3616956580696185,-0.0002424807765771808,-0.00013984188569665656,-3.761966352083812e-05,0.0,4.67709346703149e-05,0.0001309490860998963,0.00022414667735616954,0.4748660809942147,0.4521962716948789,0.07293764731090636
85,"[1, 2, 3, 4, 5, 6, 7, 8, 9, 10, 11, 12, 13, 14, 15, 16, 17, 18, 19, 20, 21, 22, 23, 24, 25, 26, 27, 28, 29, 30, 31, 32, 33, 34, 35, 36, 37, 38, 39, 40, 41, 42, 43, 44, 45, 46, 47, 48, 49, 50, 51, 52, 53, 54, 55, 56, 57, 58, 59, 60, 61, 62, 63, 64, 80, 81, 82, 83, 84, 85]","[65, 66, 67, 68, 69, 70, 71, 72, 73, 74, 75, 76, 77, 78, 79]","[86, 87, 88, 89, 90, 91, 92, 93, 94, 95, 96, 97, 98, 99, 100, 101, 102, 103, 104, 105, 106, 107, 108]",day,19.0,30,23310,30,2.781934726860931e-06,0.00020921835516917706,-0.1698409237929549,2.596955364073108,-0.0005781199502088363,-0.0003264004371049123,-0.00011225234326728284,1.8692289360799919e-07,0.00012123929348684115,0.00033623155998725447,0.0005603173189204424,0.500986700986701,0.4725010725010725,0.02651222651222651
85,"[1, 2, 3, 4, 5, 6, 7, 8, 9, 10, 11, 12, 13, 14, 15, 16, 17, 18, 19, 20, 21, 22, 23, 24, 25, 26, 27, 28, 29, 30, 31, 32, 33, 34, 35, 36, 37, 38, 39, 40, 41, 42, 43, 44, 45, 46, 47, 48, 49, 50, 51, 52, 53, 54, 55, 56, 57, 58, 59, 60, 61, 62, 63, 64, 80, 81, 82, 83, 84, 85]","[65, 66, 67, 68, 69, 70, 71, 72, 73, 74, 75, 76, 77, 78, 79]","[86, 87, 88, 89, 90, 91, 92, 93, 94, 95, 96, 97, 98, 99, 100, 101, 102, 103, 104, 105, 106, 107, 108]",day,19.0,60,23280,60,5.960092618197071e-06,0.0002935764467487853,-0.1955018077033141,2.0585125450194086,-0.0007555314164904281,-0.00044823582035926626,-0.0001675934299102677,0.0,0.00017743121629359981,0.00048615307219118664,0.0007833621536851245,0.4979381443298969,0.4856958762886598,0.0163659793814433
85,"[1, 2, 3, 4, 5, 6, 7, 8, 9, 10, 11, 12, 13, 14, 15, 16, 17, 18, 19, 20, 21, 22, 23, 24, 25, 26, 27, 28, 29, 30, 31, 32, 33, 34, 35, 36, 37, 38, 39, 40, 41, 42, 43, 44, 45, 46, 47, 48, 49, 50, 51, 52, 53, 54, 55, 56, 57, 58, 59, 60, 61, 62, 63, 64, 80, 81, 82, 83, 84, 85]","[65, 66, 67, 68, 69, 70, 71, 72, 73, 74, 75, 76, 77, 78, 79]","[86, 87, 88, 89, 90, 91, 92, 93, 94, 95, 96, 97, 98, 99, 100, 101, 102, 103, 104, 105, 106, 107, 108]",day,19.0,300,23040,300,3.2300440456513546e-05,0.0006703919523709654,-0.1823030460052651,0.6686982832592236,-0.0018683468434252271,-0.0010286141761736145,-0.00039260676643101955,6.994562561812856e-05,0.0004466255015803111,0.0011189645847708984,0.0016243013737972088,0.5494791666666666,0.4423611111111111,0.008159722222222223
85,"[1, 2, 3, 4, 5, 6, 7, 8, 9, 10, 11, 12, 13, 14, 15, 16, 17, 18, 19, 20, 21, 22, 23, 24, 25, 26, 27, 28, 29, 30, 31, 32, 33, 34, 35, 36, 37, 38, 39, 40, 41, 42, 43, 44, 45, 46, 47, 48, 49, 50, 51, 52, 53, 54, 55, 56, 57, 58, 59, 60, 61, 62, 63, 64, 80, 81, 82, 83, 84, 85]","[65, 66, 67, 68, 69, 70, 71, 72, 73, 74, 75, 76, 77, 78, 79]","[86, 87, 88, 89, 90, 91, 92, 93, 94, 95, 96, 97, 98, 99, 100, 101, 102, 103, 104, 105, 106, 107, 108]",day,20.0,1,23339,1,2.743648611416585e-07,3.82530451492694e-05,-0.705786554419361,11.117129596372257,-0.000106551008205793,-5.828411563568725e-05,-1.9372711598797387e-05,0.0,1.938548027524689e-05,5.834305717611343e-05,9.776073209908364e-05,0.3901195423968465,0.37250953339903164,0.23737092420412187
85,"[1, 2, 3, 4, 5, 6, 7, 8, 9, 10, 11, 12, 13, 14, 15, 16, 17, 18, 19, 20, 21, 22, 23, 24, 25, 26, 27, 28, 29, 30, 31, 32, 33, 34, 35, 36, 37, 38, 39, 40, 41, 42, 43, 44, 45, 46, 47, 48, 49, 50, 51, 52, 53, 54, 55, 56, 57, 58, 59, 60, 61, 62, 63, 64, 80, 81, 82, 83, 84, 85]","[65, 66, 67, 68, 69, 70, 71, 72, 73, 74, 75, 76, 77, 78, 79]","[86, 87, 88, 89, 90, 91, 92, 93, 94, 95, 96, 97, 98, 99, 100, 101, 102, 103, 104, 105, 106, 107, 108]",day,20.0,5,23335,5,1.3631153266198662e-06,8.287349825033948e-05,-0.482955568295811,4.640447874324951,-0.00023206028975012672,-0.00012699690532884665,-3.892584140718913e-05,0.0,4.8438113046000986e-05,0.00013567363904236628,0.000213244416873426,0.4782086993786158,0.45189629312191987,0.06989500749946433
85,"[1, 2, 3, 4, 5, 6, 7, 8, 9, 10, 11, 12, 13, 14, 15, 16, 17, 18, 19, 20, 21, 22, 23, 24, 25, 26, 27, 28, 29, 30, 31, 32, 33, 34, 35, 36, 37, 38, 39, 40, 41, 42, 43, 44, 45, 46, 47, 48, 49, 50, 51, 52, 53, 54, 55, 56, 57, 58, 59, 60, 61, 62, 63, 64, 80, 81, 82, 83, 84, 85]","[65, 66, 67, 68, 69, 70, 71, 72, 73, 74, 75, 76, 77, 78, 79]","[86, 87, 88, 89, 90, 91, 92, 93, 94, 95, 96, 97, 98, 99, 100, 101, 102, 103, 104, 105, 106, 107, 108]",day,20.0,30,23310,30,8.317179500514804e-06,0.00020861759604555227,-0.3635483953410183,2.0214498525298925,-0.000581495758296996,-0.0003482904742554416,-9.742786533256664e-05,1.936070937613721e-05,0.00013541681781104042,0.0003305544831314733,0.0005227640516040188,0.524024024024024,0.4481767481767482,0.027799227799227798
85,"[1, 2, 3, 4, 5, 6, 7, 8, 9, 10, 11, 12, 13, 14, 15, 16, 17, 18, 19, 20, 21, 22, 23, 24, 25, 26, 27, 28, 29, 30, 31, 32, 33, 34, 35, 36, 37, 38, 39, 40, 41, 42, 43, 44, 45, 46, 47, 48, 49, 50, 51, 52, 53, 54, 55, 56, 57, 58, 59, 60, 61, 62, 63, 64, 80, 81, 82, 83, 84, 85]","[65, 66, 67, 68, 69, 70, 71, 72, 73, 74, 75, 76, 77, 78, 79]","[86, 87, 88, 89, 90, 91, 92, 93, 94, 95, 96, 97, 98, 99, 100, 101, 102, 103, 104, 105, 106, 107, 108]",day,20.0,60,23280,60,1.7065060999602057e-05,0.00030429465635465464,-0.30997906179992823,1.590976570906932,-0.00085109170499591,-0.0005043187142341199,-0.0001456020889149534,2.0237017127389123e-05,0.00019395114855813578,0.0004948772934355694,0.0007553614306139516,0.5335910652920962,0.44746563573883164,0.018943298969072164
85,"[1, 2, 3, 4, 5, 6, 7, 8, 9, 10, 11, 12, 13, 14, 15, 16, 17, 18, 19, 20, 21, 22, 23, 24, 25, 26, 27, 28, 29, 30, 31, 32, 33, 34, 35, 36, 37, 38, 39, 40, 41, 42, 43, 44, 45, 46, 47, 48, 49, 50, 51, 52, 53, 54, 55, 56, 57, 58, 59, 60, 61, 62, 63, 64, 80, 81, 82, 83, 84, 85]","[65, 66, 67, 68, 69, 70, 71, 72, 73, 74, 75, 76, 77, 78, 79]","[86, 87, 88, 89, 90, 91, 92, 93, 94, 95, 96, 97, 98, 99, 100, 101, 102, 103, 104, 105, 106, 107, 108]",day,20.0,300,23040,300,9.841977314280301e-05,0.0007865022534161515,-0.2639904648154388,2.3437241236844724,-0.002505575276845725,-0.0010886904825212484,-0.0003481254420798774,7.780516480759836e-05,0.0005243380233938555,0.0013894052953955516,0.00212981852721438,0.5493923611111111,0.4427517361111111,0.007855902777777778
85,"[1, 2, 3, 4, 5, 6, 7, 8, 9, 10, 11, 12, 13, 14, 15, 16, 17, 18, 19, 20, 21, 22, 23, 24, 25, 26, 27, 28, 29, 30, 31, 32, 33, 34, 35, 36, 37, 38, 39, 40, 41, 42, 43, 44, 45, 46, 47, 48, 49, 50, 51, 52, 53, 54, 55, 56, 57, 58, 59, 60, 61, 62, 63, 64, 80, 81, 82, 83, 84, 85]","[65, 66, 67, 68, 69, 70, 71, 72, 73, 74, 75, 76, 77, 78, 79]","[86, 87, 88, 89, 90, 91, 92, 93, 94, 95, 96, 97, 98, 99, 100, 101, 102, 103, 104, 105, 106, 107, 108]",day,21.0,1,23339,1,-3.6811579949195525e-07,4.316886940466834e-05,-0.7768985199890959,10.381706290379116,-0.00012175897021258209,-6.688828986997075e-05,-2.2142999490659676e-05,0.0,2.214299949043763e-05,6.676755986845251e-05,0.00011183585718360422,0.4008740734393076,0.39800334204550325,0.20112258451518916
85,"[1, 2, 3, 4, 5, 6, 7, 8, 9, 10, 11, 12, 13, 14, 15, 16, 17, 18, 19, 20, 21, 22, 23, 24, 25, 26, 27, 28, 29, 30, 31, 32, 33, 34, 35, 36, 37, 38, 39, 40, 41, 42, 43, 44, 45, 46, 47, 48, 49, 50, 51, 52, 53, 54, 55, 56, 57, 58, 59, 60, 61, 62, 63, 64, 80, 81, 82, 83, 84, 85]","[65, 66, 67, 68, 69, 70, 71, 72, 73, 74, 75, 76, 77, 78, 79]","[86, 87, 88, 89, 90, 91, 92, 93, 94, 95, 96, 97, 98, 99, 100, 101, 102, 103, 104, 105, 106, 107, 108]",day,21.0,5,23335,5,-1.8650859197681045e-06,9.421901195835928e-05,-0.5282379674985196,3.931304011948086,-0.00026811770952929416,-0.0001561853984982209,-4.4684249924653585e-05,0.0,4.454393330433071e-05,0.00014550241162576412,0.00024369699891383157,0.4720377115920291,0.458710092136276,0.06925219627169488
85,"[1, 2, 3, 4, 5, 6, 7, 8, 9, 10, 11, 12, 13, 14, 15, 16, 17, 18, 19, 20, 21, 22, 23, 24, 25, 26, 27, 28, 29, 30, 31, 32, 33, 34, 35, 36, 37, 38, 39, 40, 41, 42, 43, 44, 45, 46, 47, 48, 49, 50, 51, 52, 53, 54, 55, 56, 57, 58, 59, 60, 61, 62, 63, 64, 80, 81, 82, 83, 84, 85]","[65, 66, 67, 68, 69, 70, 71, 72, 73, 74, 75, 76, 77, 78, 79]","[86, 87, 88, 89, 90, 91, 92, 93, 94, 95, 96, 97, 98, 99, 100, 101, 102, 103, 104, 105, 106, 107, 108]",day,21.0,30,23310,30,-1.1903392075833084e-05,0.00023056462067692042,-0.38664716182996306,1.442382122701587,-0.0006685229870201226,-0.0004211977756836127,-0.00013249678242110985,0.0,0.00011180367276109049,0.00035766978137452554,0.0005488642039896918,0.48494208494208496,0.48841698841698844,0.02664092664092664
85,"[1, 2, 3, 4, 5, 6, 7, 8, 9, 10, 11, 12, 13, 14, 15, 16, 17, 18, 19, 20, 21, 22, 23, 24, 25, 26, 27, 28, 29, 30, 31, 32, 33, 34, 35, 36, 37, 38, 39, 40, 41, 42, 43, 44, 45, 46, 47, 48, 49, 50, 51, 52, 53, 54, 55, 56, 57, 58, 59, 60, 61, 62, 63, 64, 80, 81, 82, 83, 84, 85]","[65, 66, 67, 68, 69, 70, 71, 72, 73, 74, 75, 76, 77, 78, 79]","[86, 87, 88, 89, 90, 91, 92, 93, 94, 95, 96, 97, 98, 99, 100, 101, 102, 103, 104, 105, 106, 107, 108]",day,21.0,60,23280,60,-2.4227187291962494e-05,0.0003315792739816338,-0.3824628691929818,1.1316678962479525,-0.0009764880845018365,-0.0006091725921984592,-0.00019902477865790802,-1.6674214942669074e-06,0.00015655489884175422,0.0005149261512978451,0.0007374845595522882,0.48062714776632304,0.5018470790378007,0.01752577319587629
85,"[1, 2, 3, 4, 5, 6, 7, 8, 9, 10, 11, 12, 13, 14, 15, 16, 17, 18, 19, 20, 21, 22, 23, 24, 25, 26, 27, 28, 29, 30, 31, 32, 33, 34, 35, 36, 37, 38, 39, 40, 41, 42, 43, 44, 45, 46, 47, 48, 49, 50, 51, 52, 53, 54, 55, 56, 57, 58, 59, 60, 61, 62, 63, 64, 80, 81, 82, 83, 84, 85]","[65, 66, 67, 68, 69, 70, 71, 72, 73, 74, 75, 76, 77, 78, 79]","[86, 87, 88, 89, 90, 91, 92, 93, 94, 95, 96, 97, 98, 99, 100, 101, 102, 103, 104, 105, 106, 107, 108]",day,21.0,300,23040,300,-0.00013573671617293627,0.0008088183821650071,-0.41594967541269573,0.6256831383584447,-0.0023083621021853873,-0.0016645538529600878,-0.0005762666784874249,-6.71531539934711e-05,0.00033532479078846045,0.0011634023788208436,0.001689340374116055,0.45455729166666664,0.5396701388888889,0.005772569444444445
85,"[1, 2, 3, 4, 5, 6, 7, 8, 9, 10, 11, 12, 13, 14, 15, 16, 17, 18, 19, 20, 21, 22, 23, 24, 25, 26, 27, 28, 29, 30, 31, 32, 33, 34, 35, 36, 37, 38, 39, 40, 41, 42, 43, 44, 45, 46, 47, 48, 49, 50, 51, 52, 53, 54, 55, 56, 57, 58, 59, 60, 61, 62, 63, 64, 80, 81, 82, 83, 84, 85]","[65, 66, 67, 68, 69, 70, 71, 72, 73, 74, 75, 76, 77, 78, 79]","[86, 87, 88, 89, 90, 91, 92, 93, 94, 95, 96, 97, 98, 99, 100, 101, 102, 103, 104, 105, 106, 107, 108]",day,22.0,1,23339,1,-1.6142703077785713e-07,4.602843172418569e-05,-0.3179121044254153,8.272082058987213,-0.00013312530289467662,-6.659795977318473e-05,-1.6640873312656623e-05,0.0,1.66444740348215e-05,6.659563132682678e-05,0.00012468450822762818,0.40700115686190497,0.3975748746732936,0.1954239684648014
85,"[1, 2, 3, 4, 5, 6, 7, 8, 9, 10, 11, 12, 13, 14, 15, 16, 17, 18, 19, 20, 21, 22, 23, 24, 25, 26, 27, 28, 29, 30, 31, 32, 33, 34, 35, 36, 37, 38, 39, 40, 41, 42, 43, 44, 45, 46, 47, 48, 49, 50, 51, 52, 53, 54, 55, 56, 57, 58, 59, 60, 61, 62, 63, 64, 80, 81, 82, 83, 84, 85]","[65, 66, 67, 68, 69, 70, 71, 72, 73, 74, 75, 76, 77, 78, 79]","[86, 87, 88, 89, 90, 91, 92, 93, 94, 95, 96, 97, 98, 99, 100, 101, 102, 103, 104, 105, 106, 107, 108]",day,22.0,5,23335,5,-7.732013166831174e-07,0.00010164975950213848,-0.15552681157788142,7.456395256559691,-0.0002995838780121707,-0.00016559704183665146,-4.9672986174309486e-05,0.0,4.97380462898267e-05,0.0001497693552281465,0.00026288922416641377,0.4782515534604671,0.46509535033211913,0.05665309620741375
85,"[1, 2, 3, 4, 5, 6, 7, 8, 9, 10, 11, 12, 13, 14, 15, 16, 17, 18, 19, 20, 21, 22, 23, 24, 25, 26, 27, 28, 29, 30, 31, 32, 33, 34, 35, 36, 37, 38, 39, 40, 41, 42, 43, 44, 45, 46, 47, 48, 49, 50, 51, 52, 53, 54, 55, 56, 57, 58, 59, 60, 61, 62, 63, 64, 80, 81, 82, 83, 84, 85]","[65, 66, 67, 68, 69, 70, 71, 72, 73, 74, 75, 76, 77, 78, 79]","[86, 87, 88, 89, 90, 91, 92, 93, 94, 95, 96, 97, 98, 99, 100, 101, 102, 103, 104, 105, 106, 107, 108]",day,22.0,30,23310,30,-4.373522615263879e-06,0.0002474203505154349,0.09566270389090564,5.295277507708909,-0.0007312806833077079,-0.00041444801520497675,-0.00013067097933278093,3.737331254805021e-06,0.00013226829797735595,0.00036472658158138717,0.0006133029729920514,0.5027885027885027,0.4764049764049764,0.020806520806520807
85,"[1, 2, 3, 4, 5, 6, 7, 8, 9, 10, 11, 12, 13, 14, 15, 16, 17, 18, 19, 20, 21, 22, 23, 24, 25, 26, 27, 28, 29, 30, 31, 32, 33, 34, 35, 36, 37, 38, 39, 40, 41, 42, 43, 44, 45, 46, 47, 48, 49, 50, 51, 52, 53, 54, 55, 56, 57, 58, 59, 60, 61, 62, 63, 64, 80, 81, 82, 83, 84, 85]","[65, 66, 67, 68, 69, 70, 71, 72, 73, 74, 75, 76, 77, 78, 79]","[86, 87, 88, 89, 90, 91, 92, 93, 94, 95, 96, 97, 98, 99, 100, 101, 102, 103, 104, 105, 106, 107, 108]",day,22.0,60,23280,60,-8.07102426288856e-06,0.00034388075001681837,-0.19453020654190123,3.0220903124362195,-0.0010260114564243539,-0.0005966428898407539,-0.000188575896869575,1.6533298062171298e-05,0.00018313798630031908,0.0005076461158383447,0.0007819771313801936,0.5130154639175257,0.46988831615120275,0.01709621993127148
85,"[1, 2, 3, 4, 5, 6, 7, 8, 9, 10, 11, 12, 13, 14, 15, 16, 17, 18, 19, 20, 21, 22, 23, 24, 25, 26, 27, 28, 29, 30, 31, 32, 33, 34, 35, 36, 37, 38, 39, 40, 41, 42, 43, 44, 45, 46, 47, 48, 49, 50, 51, 52, 53, 54, 55, 56, 57, 58, 59, 60, 61, 62, 63, 64, 80, 81, 82, 83, 84, 85]","[65, 66, 67, 68, 69, 70, 71, 72, 73, 74, 75, 76, 77, 78, 79]","[86, 87, 88, 89, 90, 91, 92, 93, 94, 95, 96, 97, 98, 99, 100, 101, 102, 103, 104, 105, 106, 107, 108]",day,22.0,300,23040,300,-4.124744481428491e-05,0.0007372640869035079,-0.5581163140887825,1.390254456797127,-0.002372639035458438,-0.0012644915525222844,-0.0004394032521283231,0.0,0.00043047961225922693,0.0010557853715254639,0.0016435819642959307,0.4967013888888889,0.49752604166666664,0.005772569444444445
85,"[1, 2, 3, 4, 5, 6, 7, 8, 9, 10, 11, 12, 13, 14, 15, 16, 17, 18, 19, 20, 21, 22, 23, 24, 25, 26, 27, 28, 29, 30, 31, 32, 33, 34, 35, 36, 37, 38, 39, 40, 41, 42, 43, 44, 45, 46, 47, 48, 49, 50, 51, 52, 53, 54, 55, 56, 57, 58, 59, 60, 61, 62, 63, 64, 80, 81, 82, 83, 84, 85]","[65, 66, 67, 68, 69, 70, 71, 72, 73, 74, 75, 76, 77, 78, 79]","[86, 87, 88, 89, 90, 91, 92, 93, 94, 95, 96, 97, 98, 99, 100, 101, 102, 103, 104, 105, 106, 107, 108]",day,23.0,1,23339,1,2.5511586340638597e-07,3.401698243132033e-05,-1.927540645132417,84.1633175051048,-9.266101684377582e-05,-5.0741674136878245e-05,-1.685345917235015e-05,0.0,1.6858289221044487e-05,5.077774580675154e-05,9.304424910699271e-05,0.38000771241269976,0.3731093877201251,0.24688289986717513
85,"[1, 2, 3, 4, 5, 6, 7, 8, 9, 10, 11, 12, 13, 14, 15, 16, 17, 18, 19, 20, 21, 22, 23, 24, 25, 26, 27, 28, 29, 30, 31, 32, 33, 34, 35, 36, 37, 38, 39, 40, 41, 42, 43, 44, 45, 46, 47, 48, 49, 50, 51, 52, 53, 54, 55, 56, 57, 58, 59, 60, 61, 62, 63, 64, 80, 81, 82, 83, 84, 85]","[65, 66, 67, 68, 69, 70, 71, 72, 73, 74, 75, 76, 77, 78, 79]","[86, 87, 88, 89, 90, 91, 92, 93, 94, 95, 96, 97, 98, 99, 100, 101, 102, 103, 104, 105, 106, 107, 108]",day,23.0,5,23335,5,1.3448028619270815e-06,7.138963414732417e-05,-0.4390020569160163,8.693530559679635,-0.00018617470009864024,-0.00010989856482808147,-3.384094754632638e-05,0.0,3.3889401939268815e-05,0.00011807968692001403,0.00020237135651036462,0.4691664881079923,0.46175273194771804,0.0690807799442897
85,"[1, 2, 3, 4, 5, 6, 7, 8, 9, 10, 11, 12, 13, 14, 15, 16, 17, 18, 19, 20, 21, 22, 23, 24, 25, 26, 27, 28, 29, 30, 31, 32, 33, 34, 35, 36, 37, 38, 39, 40, 41, 42, 43, 44, 45, 46, 47, 48, 49, 50, 51, 52, 53, 54, 55, 56, 57, 58, 59, 60, 61, 62, 63, 64, 80, 81, 82, 83, 84, 85]","[65, 66, 67, 68, 69, 70, 71, 72, 73, 74, 75, 76, 77, 78, 79]","[86, 87, 88, 89, 90, 91, 92, 93, 94, 95, 96, 97, 98, 99, 100, 101, 102, 103, 104, 105, 106, 107, 108]",day,23.0,30,23310,30,7.91622858195519e-06,0.00017067262673244602,-0.2992573318729758,2.4604781971629244,-0.0004573041379036391,-0.0002620259935835256,-8.452370890033034e-05,8.422790386486412e-06,0.00010438826027364678,0.00028483875754593466,0.00042690203619515115,0.5077649077649078,0.46542256542256544,0.026812526812526813
85,"[1, 2, 3, 4, 5, 6, 7, 8, 9, 10, 11, 12, 13, 14, 15, 16, 17, 18, 19, 20, 21, 22, 23, 24, 25, 26, 27, 28, 29, 30, 31, 32, 33, 34, 35, 36, 37, 38, 39, 40, 41, 42, 43, 44, 45, 46, 47, 48, 49, 50, 51, 52, 53, 54, 55, 56, 57, 58, 59, 60, 61, 62, 63, 64, 80, 81, 82, 83, 84, 85]","[65, 66, 67, 68, 69, 70, 71, 72, 73, 74, 75, 76, 77, 78, 79]","[86, 87, 88, 89, 90, 91, 92, 93, 94, 95, 96, 97, 98, 99, 100, 101, 102, 103, 104, 105, 106, 107, 108]",day,23.0,60,23280,60,1.588412498629557e-05,0.00023833561326703294,-0.19462284492086343,2.409523847755138,-0.0006770185054142475,-0.00034621742458846856,-0.00011802593198362299,1.63541658440014e-05,0.00015221279349342254,0.0003973866751015631,0.0006437341460516887,0.5141323024054982,0.46580756013745706,0.020060137457044675
85,"[1, 2, 3, 4, 5, 6, 7, 8, 9, 10, 11, 12, 13, 14, 15, 16, 17, 18, 19, 20, 21, 22, 23, 24, 25, 26, 27, 28, 29, 30, 31, 32, 33, 34, 35, 36, 37, 38, 39, 40, 41, 42, 43, 44, 45, 46, 47, 48, 49, 50, 51, 52, 53, 54, 55, 56, 57, 58, 59, 60, 61, 62, 63, 64, 80, 81, 82, 83, 84, 85]","[65, 66, 67, 68, 69, 70, 71, 72, 73, 74, 75, 76, 77, 78, 79]","[86, 87, 88, 89, 90, 91, 92, 93, 94, 95, 96, 97, 98, 99, 100, 101, 102, 103, 104, 105, 106, 107, 108]",day,23.0,300,23040,300,7.876755594843677e-05,0.0004458872384551154,-0.17846061643386565,0.9025871644659915,-0.001235409096603719,-0.0005731144131945198,-0.00020877291442922274,6.77139761646739e-05,0.0003708214120594078,0.0008111948266075975,0.0011393078072121643,0.5588107638888888,0.43311631944444445,0.008072916666666667
85,"[1, 2, 3, 4, 5, 6, 7, 8, 9, 10, 11, 12, 13, 14, 15, 16, 17, 18, 19, 20, 21, 22, 23, 24, 25, 26, 27, 28, 29, 30, 31, 32, 33, 34, 35, 36, 37, 38, 39, 40, 41, 42, 43, 44, 45, 46, 47, 48, 49, 50, 51, 52, 53, 54, 55, 56, 57, 58, 59, 60, 61, 62, 63, 64, 80, 81, 82, 83, 84, 85]","[65, 66, 67, 68, 69, 70, 71, 72, 73, 74, 75, 76, 77, 78, 79]","[86, 87, 88, 89, 90, 91, 92, 93, 94, 95, 96, 97, 98, 99, 100, 101, 102, 103, 104, 105, 106, 107, 108]",day,24.0,1,23339,1,5.401990323940527e-08,2.3713821886521736e-05,-1.1321042464483382,47.18558244946874,-6.595244566539372e-05,-3.297717979167114e-05,-8.232587049405993e-06,0.0,8.23309539699224e-06,3.301310620318354e-05,6.593546434989328e-05,0.29354299670080125,0.29165774026307895,0.4147992630361198
85,"[1, 2, 3, 4, 5, 6, 7, 8, 9, 10, 11, 12, 13, 14, 15, 16, 17, 18, 19, 20, 21, 22, 23, 24, 25, 26, 27, 28, 29, 30, 31, 32, 33, 34, 35, 36, 37, 38, 39, 40, 41, 42, 43, 44, 45, 46, 47, 48, 49, 50, 51, 52, 53, 54, 55, 56, 57, 58, 59, 60, 61, 62, 63, 64, 80, 81, 82, 83, 84, 85]","[65, 66, 67, 68, 69, 70, 71, 72, 73, 74, 75, 76, 77, 78, 79]","[86, 87, 88, 89, 90, 91, 92, 93, 94, 95, 96, 97, 98, 99, 100, 101, 102, 103, 104, 105, 106, 107, 108]",day,24.0,5,23335,5,2.68619579646136e-07,5.0734682751978955e-05,-0.9050168251262624,15.693755863352147,-0.0001319908822478011,-8.234383491712016e-05,-2.4718110551380512e-05,0.0,3.127415002213141e-05,8.230588157820407e-05,0.00012765438185875942,0.4568245125348189,0.4354403256910221,0.10773516177415898
85,"[1, 2, 3, 4, 5, 6, 7, 8, 9, 10, 11, 12, 13, 14, 15, 16, 17, 18, 19, 20, 21, 22, 23, 24, 25, 26, 27, 28, 29, 30, 31, 32, 33, 34, 35, 36, 37, 38, 39, 40, 41, 42, 43, 44, 45, 46, 47, 48, 49, 50, 51, 52, 53, 54, 55, 56, 57, 58, 59, 60, 61, 62, 63, 64, 80, 81, 82, 83, 84, 85]","[65, 66, 67, 68, 69, 70, 71, 72, 73, 74, 75, 76, 77, 78, 79]","[86, 87, 88, 89, 90, 91, 92, 93, 94, 95, 96, 97, 98, 99, 100, 101, 102, 103, 104, 105, 106, 107, 108]",day,24.0,30,23310,30,1.8033255864369066e-06,0.0001140619737154602,-0.22642141387718595,5.4910256051454605,-0.0002888359230249504,-0.00018099413497949524,-6.441409579158175e-05,0.0,6.585337745534936e-05,0.00018133425764440547,0.000280674179535354,0.487001287001287,0.4691977691977692,0.0438009438009438
85,"[1, 2, 3, 4, 5, 6, 7, 8, 9, 10, 11, 12, 13, 14, 15, 16, 17, 18, 19, 20, 21, 22, 23, 24, 25, 26, 27, 28, 29, 30, 31, 32, 33, 34, 35, 36, 37, 38, 39, 40, 41, 42, 43, 44, 45, 46, 47, 48, 49, 50, 51, 52, 53, 54, 55, 56, 57, 58, 59, 60, 61, 62, 63, 64, 80, 81, 82, 83, 84, 85]","[65, 66, 67, 68, 69, 70, 71, 72, 73, 74, 75, 76, 77, 78, 79]","[86, 87, 88, 89, 90, 91, 92, 93, 94, 95, 96, 97, 98, 99, 100, 101, 102, 103, 104, 105, 106, 107, 108]",day,24.0,60,23280,60,3.3240446689991085e-06,0.00015416444448360876,-0.028786068863068875,2.472547416337534,-0.0004281189163053456,-0.0002470032332754446,-8.236418146467805e-05,0.0,9.062635167600419e-05,0.00024711289764556277,0.000395696307101574,0.49467353951890036,0.4756872852233677,0.029639175257731958
85,"[1, 2, 3, 4, 5, 6, 7, 8, 9, 10, 11, 12, 13, 14, 15, 16, 17, 18, 19, 20, 21, 22, 23, 24, 25, 26, 27, 28, 29, 30, 31, 32, 33, 34, 35, 36, 37, 38, 39, 40, 41, 42, 43, 44, 45, 46, 47, 48, 49, 50, 51, 52, 53, 54, 55, 56, 57, 58, 59, 60, 61, 62, 63, 64, 80, 81, 82, 83, 84, 85]","[65, 66, 67, 68, 69, 70, 71, 72, 73, 74, 75, 76, 77, 78, 79]","[86, 87, 88, 89, 90, 91, 92, 93, 94, 95, 96, 97, 98, 99, 100, 101, 102, 103, 104, 105, 106, 107, 108]",day,24.0,300,23040,300,1.779723912758592e-05,0.00030682075607666435,-0.23052663630889067,0.5691505895369375,-0.0007896880334076195,-0.0005230848013238809,-0.00017288503968104774,3.300031722242025e-05,0.00021425334672697804,0.0004861703088321456,0.0007416638222965744,0.5443142361111111,0.44231770833333334,0.013368055555555555
85,"[1, 2, 3, 4, 5, 6, 7, 8, 9, 10, 11, 12, 13, 14, 15, 16, 17, 18, 19, 20, 21, 22, 23, 24, 25, 26, 27, 28, 29, 30, 31, 32, 33, 34, 35, 36, 37, 38, 39, 40, 41, 42, 43, 44, 45, 46, 47, 48, 49, 50, 51, 52, 53, 54, 55, 56, 57, 58, 59, 60, 61, 62, 63, 64, 80, 81, 82, 83, 84, 85]","[65, 66, 67, 68, 69, 70, 71, 72, 73, 74, 75, 76, 77, 78, 79]","[86, 87, 88, 89, 90, 91, 92, 93, 94, 95, 96, 97, 98, 99, 100, 101, 102, 103, 104, 105, 106, 107, 108]",day,25.0,1,23339,1,3.0741911555470346e-07,1.97889471179808e-05,-0.4223102626577997,19.62529649155719,-5.384123082937897e-05,-3.534887733483982e-05,-8.964987692205995e-07,0.0,7.157805583357657e-06,3.5704672942471484e-05,5.380164195830872e-05,0.27781824414070866,0.2630361197994773,0.45914563605981407
85,"[1, 2, 3, 4, 5, 6, 7, 8, 9, 10, 11, 12, 13, 14, 15, 16, 17, 18, 19, 20, 21, 22, 23, 24, 25, 26, 27, 28, 29, 30, 31, 32, 33, 34, 35, 36, 37, 38, 39, 40, 41, 42, 43, 44, 45, 46, 47, 48, 49, 50, 51, 52, 53, 54, 55, 56, 57, 58, 59, 60, 61, 62, 63, 64, 80, 81, 82, 83, 84, 85]","[65, 66, 67, 68, 69, 70, 71, 72, 73, 74, 75, 76, 77, 78, 79]","[86, 87, 88, 89, 90, 91, 92, 93, 94, 95, 96, 97, 98, 99, 100, 101, 102, 103, 104, 105, 106, 107, 108]",day,25.0,5,23335,5,1.583453356873499e-06,4.232446481104812e-05,-0.009287373118061599,5.598767417366883,-0.0001076173740065367,-6.498190020753913e-05,-1.7925642820437737e-05,0.0,1.8044414322959668e-05,7.142384274414493e-05,0.00010770639237445145,0.4546389543604028,0.4095136061709878,0.1358474394686094
85,"[1, 2, 3, 4, 5, 6, 7, 8, 9, 10, 11, 12, 13, 14, 15, 16, 17, 18, 19, 20, 21, 22, 23, 24, 25, 26, 27, 28, 29, 30, 31, 32, 33, 34, 35, 36, 37, 38, 39, 40, 41, 42, 43, 44, 45, 46, 47, 48, 49, 50, 51, 52, 53, 54, 55, 56, 57, 58, 59, 60, 61, 62, 63, 64, 80, 81, 82, 83, 84, 85]","[65, 66, 67, 68, 69, 70, 71, 72, 73, 74, 75, 76, 77, 78, 79]","[86, 87, 88, 89, 90, 91, 92, 93, 94, 95, 96, 97, 98, 99, 100, 101, 102, 103, 104, 105, 106, 107, 108]",day,25.0,30,23310,30,9.899197383534084e-06,9.830004514552907e-05,0.3214778515949136,2.006975949201924,-0.00022430782713866003,-0.00014375266700299982,-4.854521511032939e-05,8.941904453219074e-06,6.28129430553237e-05,0.0001697874799074017,0.0002961984562784825,0.5198627198627198,0.4325182325182325,0.047619047619047616
85,"[1, 2, 3, 4, 5, 6, 7, 8, 9, 10, 11, 12, 13, 14, 15, 16, 17, 18, 19, 20, 21, 22, 23, 24, 25, 26, 27, 28, 29, 30, 31, 32, 33, 34, 35, 36, 37, 38, 39, 40, 41, 42, 43, 44, 45, 46, 47, 48, 49, 50, 51, 52, 53, 54, 55, 56, 57, 58, 59, 60, 61, 62, 63, 64, 80, 81, 82, 83, 84, 85]","[65, 66, 67, 68, 69, 70, 71, 72, 73, 74, 75, 76, 77, 78, 79]","[86, 87, 88, 89, 90, 91, 92, 93, 94, 95, 96, 97, 98, 99, 100, 101, 102, 103, 104, 105, 106, 107, 108]",day,25.0,60,23280,60,1.9914350149545093e-05,0.00013914765069514233,0.24906628770104414,1.3263612946196899,-0.00032076644050546224,-0.00020281992908059986,-6.28091387304408e-05,1.787150388721237e-05,9.869896814707069e-05,0.00025022810973592826,0.00042787459160815273,0.5434278350515463,0.4258591065292096,0.030713058419243985
85,"[1, 2, 3, 4, 5, 6, 7, 8, 9, 10, 11, 12, 13, 14, 15, 16, 17, 18, 19, 20, 21, 22, 23, 24, 25, 26, 27, 28, 29, 30, 31, 32, 33, 34, 35, 36, 37, 38, 39, 40, 41, 42, 43, 44, 45, 46, 47, 48, 49, 50, 51, 52, 53, 54, 55, 56, 57, 58, 59, 60, 61, 62, 63, 64, 80, 81, 82, 83, 84, 85]","[65, 66, 67, 68, 69, 70, 71, 72, 73, 74, 75, 76, 77, 78, 79]","[86, 87, 88, 89, 90, 91, 92, 93, 94, 95, 96, 97, 98, 99, 100, 101, 102, 103, 104, 105, 106, 107, 108]",day,25.0,300,23040,300,0.00010213563177448026,0.00029957807666944016,0.6189879978379332,1.0162308858194065,-0.000520522450985651,-0.0003314158664329714,-0.00010715290273399791,8.501220495760187e-05,0.0002688244313469035,0.0006358138731103024,0.000999611222938237,0.6086805555555556,0.378515625,0.012803819444444444
85,"[1, 2, 3, 4, 5, 6, 7, 8, 9, 10, 11, 12, 13, 14, 15, 16, 17, 18, 19, 20, 21, 22, 23, 24, 25, 26, 27, 28, 29, 30, 31, 32, 33, 34, 35, 36, 37, 38, 39, 40, 41, 42, 43, 44, 45, 46, 47, 48, 49, 50, 51, 52, 53, 54, 55, 56, 57, 58, 59, 60, 61, 62, 63, 64, 80, 81, 82, 83, 84, 85]","[65, 66, 67, 68, 69, 70, 71, 72, 73, 74, 75, 76, 77, 78, 79]","[86, 87, 88, 89, 90, 91, 92, 93, 94, 95, 96, 97, 98, 99, 100, 101, 102, 103, 104, 105, 106, 107, 108]",day,26.0,1,23339,1,6.914856726794901e-08,3.407200036806656e-05,-1.3736108749564606,22.548564606237598,-8.901200242017015e-05,-4.9156968865482487e-05,-2.093123048507728e-05,0.0,2.2045803834580546e-05,4.911068591291199e-05,8.900926907389638e-05,0.3834782981275976,0.3701101161146579,0.24641158575774455
85,"[1, 2, 3, 4, 5, 6, 7, 8, 9, 10, 11, 12, 13, 14, 15, 16, 17, 18, 19, 20, 21, 22, 23, 24, 25, 26, 27, 28, 29, 30, 31, 32, 33, 34, 35, 36, 37, 38, 39, 40, 41, 42, 43, 44, 45, 46, 47, 48, 49, 50, 51, 52, 53, 54, 55, 56, 57, 58, 59, 60, 61, 62, 63, 64, 80, 81, 82, 83, 84, 85]","[65, 66, 67, 68, 69, 70, 71, 72, 73, 74, 75, 76, 77, 78, 79]","[86, 87, 88, 89, 90, 91, 92, 93, 94, 95, 96, 97, 98, 99, 100, 101, 102, 103, 104, 105, 106, 107, 108]",day,26.0,5,23335,5,3.5385145739677506e-07,7.514259252840601e-05,-0.6419096936510829,5.00197463457045,-0.00020047257096156068,-0.00011152748037113192,-4.444740760511934e-05,0.0,4.451170657882031e-05,0.00011145041571003489,0.0001782714878331859,0.47332333404756805,0.4458538675808871,0.0808227983715449
85,"[1, 2, 3, 4, 5, 6, 7, 8, 9, 10, 11, 12, 13, 14, 15, 16, 17, 18, 19, 20, 21, 22, 23, 24, 25, 26, 27, 28, 29, 30, 31, 32, 33, 34, 35, 36, 37, 38, 39, 40, 41, 42, 43, 44, 45, 46, 47, 48, 49, 50, 51, 52, 53, 54, 55, 56, 57, 58, 59, 60, 61, 62, 63, 64, 80, 81, 82, 83, 84, 85]","[65, 66, 67, 68, 69, 70, 71, 72, 73, 74, 75, 76, 77, 78, 79]","[86, 87, 88, 89, 90, 91, 92, 93, 94, 95, 96, 97, 98, 99, 100, 101, 102, 103, 104, 105, 106, 107, 108]",day,26.0,30,23310,30,2.0175106235848265e-06,0.00018081384195374543,-0.15099616035570335,1.0034234638090087,-0.0004894079878062707,-0.00029779088069253337,-0.00011017938353810597,2.2271965427478335e-07,0.00011134121629163829,0.0002891008962124797,0.00044601862359010535,0.5020592020592021,0.4692835692835693,0.028657228657228657
85,"[1, 2, 3, 4, 5, 6, 7, 8, 9, 10, 11, 12, 13, 14, 15, 16, 17, 18, 19, 20, 21, 22, 23, 24, 25, 26, 27, 28, 29, 30, 31, 32, 33, 34, 35, 36, 37, 38, 39, 40, 41, 42, 43, 44, 45, 46, 47, 48, 49, 50, 51, 52, 53, 54, 55, 56, 57, 58, 59, 60, 61, 62, 63, 64, 80, 81, 82, 83, 84, 85]","[65, 66, 67, 68, 69, 70, 71, 72, 73, 74, 75, 76, 77, 78, 79]","[86, 87, 88, 89, 90, 91, 92, 93, 94, 95, 96, 97, 98, 99, 100, 101, 102, 103, 104, 105, 106, 107, 108]",day,26.0,60,23280,60,4.253477425568052e-06,0.00025856823860743994,-0.09136464877027861,0.9011686308703921,-0.0006689176104527439,-0.00042623216667189153,-0.00015566365533040138,1.1136105481091008e-05,0.0001667037119359449,0.00040104271104901557,0.000678907255502481,0.5106958762886598,0.4697594501718213,0.0195446735395189
85,"[1, 2, 3, 4, 5, 6, 7, 8, 9, 10, 11, 12, 13, 14, 15, 16, 17, 18, 19, 20, 21, 22, 23, 24, 25, 26, 27, 28, 29, 30, 31, 32, 33, 34, 35, 36, 37, 38, 39, 40, 41, 42, 43, 44, 45, 46, 47, 48, 49, 50, 51, 52, 53, 54, 55, 56, 57, 58, 59, 60, 61, 62, 63, 64, 80, 81, 82, 83, 84, 85]","[65, 66, 67, 68, 69, 70, 71, 72, 73, 74, 75, 76, 77, 78, 79]","[86, 87, 88, 89, 90, 91, 92, 93, 94, 95, 96, 97, 98, 99, 100, 101, 102, 103, 104, 105, 106, 107, 108]",day,26.0,300,23040,300,1.732133409726663e-05,0.0005200310656907506,-0.28766462161655887,0.8994449807392777,-0.0013110997484004783,-0.0008567364239314701,-0.0003112805860968626,4.455037533701578e-05,0.0003342858885336253,0.0008698580606643191,0.0012572636198427789,0.5365885416666667,0.45590277777777777,0.007508680555555556
85,"[1, 2, 3, 4, 5, 6, 7, 8, 9, 10, 11, 12, 13, 14, 15, 16, 17, 18, 19, 20, 21, 22, 23, 24, 25, 26, 27, 28, 29, 30, 31, 32, 33, 34, 35, 36, 37, 38, 39, 40, 41, 42, 43, 44, 45, 46, 47, 48, 49, 50, 51, 52, 53, 54, 55, 56, 57, 58, 59, 60, 61, 62, 63, 64, 80, 81, 82, 83, 84, 85]","[65, 66, 67, 68, 69, 70, 71, 72, 73, 74, 75, 76, 77, 78, 79]","[86, 87, 88, 89, 90, 91, 92, 93, 94, 95, 96, 97, 98, 99, 100, 101, 102, 103, 104, 105, 106, 107, 108]",day,27.0,1,23339,1,1.624771163497287e-07,2.729195221869645e-05,-0.22298686098089665,5.393330663653719,-8.244498017985658e-05,-4.588519890872389e-05,-9.182188391188006e-06,0.0,9.197178305608844e-06,4.063191626781903e-05,7.350136237107562e-05,0.3139380436179785,0.29658511504348944,0.38947684133853205
85,"[1, 2, 3, 4, 5, 6, 7, 8, 9, 10, 11, 12, 13, 14, 15, 16, 17, 18, 19, 20, 21, 22, 23, 24, 25, 26, 27, 28, 29, 30, 31, 32, 33, 34, 35, 36, 37, 38, 39, 40, 41, 42, 43, 44, 45, 46, 47, 48, 49, 50, 51, 52, 53, 54, 55, 56, 57, 58, 59, 60, 61, 62, 63, 64, 80, 81, 82, 83, 84, 85]","[65, 66, 67, 68, 69, 70, 71, 72, 73, 74, 75, 76, 77, 78, 79]","[86, 87, 88, 89, 90, 91, 92, 93, 94, 95, 96, 97, 98, 99, 100, 101, 102, 103, 104, 105, 106, 107, 108]",day,27.0,5,23335,5,8.185707202732516e-07,6.342645363153479e-05,-0.2584781798154656,2.9237762410223738,-0.00016546751745162292,-0.00010107497835379898,-3.67134150818238e-05,0.0,3.673027125317141e-05,0.00010101399689537161,0.00016246229732410616,0.4702378401542747,0.4386972359117206,0.09106492393400471
85,"[1, 2, 3, 4, 5, 6, 7, 8, 9, 10, 11, 12, 13, 14, 15, 16, 17, 18, 19, 20, 21, 22, 23, 24, 25, 26, 27, 28, 29, 30, 31, 32, 33, 34, 35, 36, 37, 38, 39, 40, 41, 42, 43, 44, 45, 46, 47, 48, 49, 50, 51, 52, 53, 54, 55, 56, 57, 58, 59, 60, 61, 62, 63, 64, 80, 81, 82, 83, 84, 85]","[65, 66, 67, 68, 69, 70, 71, 72, 73, 74, 75, 76, 77, 78, 79]","[86, 87, 88, 89, 90, 91, 92, 93, 94, 95, 96, 97, 98, 99, 100, 101, 102, 103, 104, 105, 106, 107, 108]",day,27.0,30,23310,30,5.807154196544056e-06,0.00015534980043368826,0.07320395643217988,1.2351461152986296,-0.0003690789369793479,-0.0002475728719151249,-9.178023650913136e-05,5.693740628864852e-06,0.00010102772751929834,0.00025706940874048456,0.0004043010056622109,0.5031746031746032,0.4676104676104676,0.029214929214929214
85,"[1, 2, 3, 4, 5, 6, 7, 8, 9, 10, 11, 12, 13, 14, 15, 16, 17, 18, 19, 20, 21, 22, 23, 24, 25, 26, 27, 28, 29, 30, 31, 32, 33, 34, 35, 36, 37, 38, 39, 40, 41, 42, 43, 44, 45, 46, 47, 48, 49, 50, 51, 52, 53, 54, 55, 56, 57, 58, 59, 60, 61, 62, 63, 64, 80, 81, 82, 83, 84, 85]","[65, 66, 67, 68, 69, 70, 71, 72, 73, 74, 75, 76, 77, 78, 79]","[86, 87, 88, 89, 90, 91, 92, 93, 94, 95, 96, 97, 98, 99, 100, 101, 102, 103, 104, 105, 106, 107, 108]",day,27.0,60,23280,60,1.2297955070161604e-05,0.0002156174307251183,0.1265908150577591,1.2504561119013315,-0.0005326813113074091,-0.000339977129658775,-0.0001262492452200059,1.8344921208557352e-05,0.00014683277124816208,0.00035284094490571865,0.0005517161222241418,0.519458762886598,0.4577319587628866,0.022809278350515463
85,"[1, 2, 3, 4, 5, 6, 7, 8, 9, 10, 11, 12, 13, 14, 15, 16, 17, 18, 19, 20, 21, 22, 23, 24, 25, 26, 27, 28, 29, 30, 31, 32, 33, 34, 35, 36, 37, 38, 39, 40, 41, 42, 43, 44, 45, 46, 47, 48, 49, 50, 51, 52, 53, 54, 55, 56, 57, 58, 59, 60, 61, 62, 63, 64, 80, 81, 82, 83, 84, 85]","[65, 66, 67, 68, 69, 70, 71, 72, 73, 74, 75, 76, 77, 78, 79]","[86, 87, 88, 89, 90, 91, 92, 93, 94, 95, 96, 97, 98, 99, 100, 101, 102, 103, 104, 105, 106, 107, 108]",day,27.0,300,23040,300,5.9152282075498585e-05,0.0004752531024139736,0.22823685510026462,1.7329655752531403,-0.0011930022526674,-0.0006713685610601094,-0.0002384074383721957,5.510046651746592e-05,0.0003120394794917658,0.0008558586747808294,0.0013754764668084053,0.5521267361111111,0.4395833333333333,0.008289930555555556
85,"[1, 2, 3, 4, 5, 6, 7, 8, 9, 10, 11, 12, 13, 14, 15, 16, 17, 18, 19, 20, 21, 22, 23, 24, 25, 26, 27, 28, 29, 30, 31, 32, 33, 34, 35, 36, 37, 38, 39, 40, 41, 42, 43, 44, 45, 46, 47, 48, 49, 50, 51, 52, 53, 54, 55, 56, 57, 58, 59, 60, 61, 62, 63, 64, 80, 81, 82, 83, 84, 85]","[65, 66, 67, 68, 69, 70, 71, 72, 73, 74, 75, 76, 77, 78, 79]","[86, 87, 88, 89, 90, 91, 92, 93, 94, 95, 96, 97, 98, 99, 100, 101, 102, 103, 104, 105, 106, 107, 108]",day,28.0,1,23339,1,5.051903450364225e-07,6.518856548436668e-05,-3.3667332729939385,148.05825066824082,-0.00016958690641266872,-9.76572711002488e-05,-2.6700606103657876e-05,0.0,2.7673186226651048e-05,9.789342968542502e-05,0.00017775742076595578,0.3946612965422683,0.3878486653241356,0.21749003813359613
85,"[1, 2, 3, 4, 5, 6, 7, 8, 9, 10, 11, 12, 13, 14, 15, 16, 17, 18, 19, 20, 21, 22, 23, 24, 25, 26, 27, 28, 29, 30, 31, 32, 33, 34, 35, 36, 37, 38, 39, 40, 41, 42, 43, 44, 45, 46, 47, 48, 49, 50, 51, 52, 53, 54, 55, 56, 57, 58, 59, 60, 61, 62, 63, 64, 80, 81, 82, 83, 84, 85]","[65, 66, 67, 68, 69, 70, 71, 72, 73, 74, 75, 76, 77, 78, 79]","[86, 87, 88, 89, 90, 91, 92, 93, 94, 95, 96, 97, 98, 99, 100, 101, 102, 103, 104, 105, 106, 107, 108]",day,28.0,5,23335,5,2.497152840775255e-06,0.0001456485968301997,-3.62541074370179,98.3055362013169,-0.0003413500286082516,-0.00020964848518227884,-7.122190074010382e-05,0.0,7.164799387382459e-05,0.0002141205865914264,0.0003497683393541928,0.49063638311549174,0.4677094493250482,0.04165416755946004
85,"[1, 2, 3, 4, 5, 6, 7, 8, 9, 10, 11, 12, 13, 14, 15, 16, 17, 18, 19, 20, 21, 22, 23, 24, 25, 26, 27, 28, 29, 30, 31, 32, 33, 34, 35, 36, 37, 38, 39, 40, 41, 42, 43, 44, 45, 46, 47, 48, 49, 50, 51, 52, 53, 54, 55, 56, 57, 58, 59, 60, 61, 62, 63, 64, 80, 81, 82, 83, 84, 85]","[65, 66, 67, 68, 69, 70, 71, 72, 73, 74, 75, 76, 77, 78, 79]","[86, 87, 88, 89, 90, 91, 92, 93, 94, 95, 96, 97, 98, 99, 100, 101, 102, 103, 104, 105, 106, 107, 108]",day,28.0,30,23310,30,1.5913894323423763e-05,0.00034118234546733414,-1.2786544148320527,16.31995726746798,-0.0008080658682026464,-0.000498385765620657,-0.00016917573581029521,1.7836917080016335e-05,0.00021350033804212742,0.0005195577682474028,0.0008233225073253613,0.5218361218361218,0.46263406263406265,0.01552981552981553
85,"[1, 2, 3, 4, 5, 6, 7, 8, 9, 10, 11, 12, 13, 14, 15, 16, 17, 18, 19, 20, 21, 22, 23, 24, 25, 26, 27, 28, 29, 30, 31, 32, 33, 34, 35, 36, 37, 38, 39, 40, 41, 42, 43, 44, 45, 46, 47, 48, 49, 50, 51, 52, 53, 54, 55, 56, 57, 58, 59, 60, 61, 62, 63, 64, 80, 81, 82, 83, 84, 85]","[65, 66, 67, 68, 69, 70, 71, 72, 73, 74, 75, 76, 77, 78, 79]","[86, 87, 88, 89, 90, 91, 92, 93, 94, 95, 96, 97, 98, 99, 100, 101, 102, 103, 104, 105, 106, 107, 108]",day,28.0,60,23280,60,3.2796457354697865e-05,0.0004738576587848915,-0.8902341846678862,8.65214389010869,-0.0010761283865182393,-0.0006846299526837629,-0.00023142894020272697,3.575962700563817e-05,0.0003030519110094332,0.0007472784386265974,0.0012374971593580716,0.5338917525773196,0.4558419243986254,0.010266323024054983
85,"[1, 2, 3, 4, 5, 6, 7, 8, 9, 10, 11, 12, 13, 14, 15, 16, 17, 18, 19, 20, 21, 22, 23, 24, 25, 26, 27, 28, 29, 30, 31, 32, 33, 34, 35, 36, 37, 38, 39, 40, 41, 42, 43, 44, 45, 46, 47, 48, 49, 50, 51, 52, 53, 54, 55, 56, 57, 58, 59, 60, 61, 62, 63, 64, 80, 81, 82, 83, 84, 85]","[65, 66, 67, 68, 69, 70, 71, 72, 73, 74, 75, 76, 77, 78, 79]","[86, 87, 88, 89, 90, 91, 92, 93, 94, 95, 96, 97, 98, 99, 100, 101, 102, 103, 104, 105, 106, 107, 108]",day,28.0,300,23040,300,0.00016602178352098285,0.0009937995401767758,-0.2889143341010621,2.977678895940433,-0.002474405936711095,-0.001205892504554984,-0.0004624249173824646,0.0001512516072906811,0.0007481563297584981,0.0017471635581850719,0.002810816246505205,0.5626736111111111,0.43411458333333336,0.0032118055555555554
85,"[1, 2, 3, 4, 5, 6, 7, 8, 9, 10, 11, 12, 13, 14, 15, 16, 17, 18, 19, 20, 21, 22, 23, 24, 25, 26, 27, 28, 29, 30, 31, 32, 33, 34, 35, 36, 37, 38, 39, 40, 41, 42, 43, 44, 45, 46, 47, 48, 49, 50, 51, 52, 53, 54, 55, 56, 57, 58, 59, 60, 61, 62, 63, 64, 80, 81, 82, 83, 84, 85]","[65, 66, 67, 68, 69, 70, 71, 72, 73, 74, 75, 76, 77, 78, 79]","[86, 87, 88, 89, 90, 91, 92, 93, 94, 95, 96, 97, 98, 99, 100, 101, 102, 103, 104, 105, 106, 107, 108]",day,29.0,1,23339,1,-2.3207113414708092e-07,3.343101734011391e-05,-0.362000194494636,13.39648196932673,-0.00010267752174142775,-5.140348653240867e-05,-8.565017044270817e-06,0.0,8.571808180368734e-06,5.1392831386531944e-05,0.00010246483150855738,0.28458802862162047,0.282874159132782,0.4325378122455975
85,"[1, 2, 3, 4, 5, 6, 7, 8, 9, 10, 11, 12, 13, 14, 15, 16, 17, 18, 19, 20, 21, 22, 23, 24, 25, 26, 27, 28, 29, 30, 31, 32, 33, 34, 35, 36, 37, 38, 39, 40, 41, 42, 43, 44, 45, 46, 47, 48, 49, 50, 51, 52, 53, 54, 55, 56, 57, 58, 59, 60, 61, 62, 63, 64, 80, 81, 82, 83, 84, 85]","[65, 66, 67, 68, 69, 70, 71, 72, 73, 74, 75, 76, 77, 78, 79]","[86, 87, 88, 89, 90, 91, 92, 93, 94, 95, 96, 97, 98, 99, 100, 101, 102, 103, 104, 105, 106, 107, 108]",day,29.0,5,23335,5,-1.145204100123711e-06,7.352242565588264e-05,-0.4386830435835774,6.372153571751882,-0.0002222424330455741,-0.00011948868455423645,-3.427650859488818e-05,0.0,3.425009418767111e-05,0.00011138261817003058,0.00018857787255915248,0.45005356760231413,0.4503106920934219,0.09963574030426398
85,"[1, 2, 3, 4, 5, 6, 7, 8, 9, 10, 11, 12, 13, 14, 15, 16, 17, 18, 19, 20, 21, 22, 23, 24, 25, 26, 27, 28, 29, 30, 31, 32, 33, 34, 35, 36, 37, 38, 39, 40, 41, 42, 43, 44, 45, 46, 47, 48, 49, 50, 51, 52, 53, 54, 55, 56, 57, 58, 59, 60, 61, 62, 63, 64, 80, 81, 82, 83, 84, 85]","[65, 66, 67, 68, 69, 70, 71, 72, 73, 74, 75, 76, 77, 78, 79]","[86, 87, 88, 89, 90, 91, 92, 93, 94, 95, 96, 97, 98, 99, 100, 101, 102, 103, 104, 105, 106, 107, 108]",day,29.0,30,23310,30,-6.751388368648369e-06,0.0001799940688252468,-0.7164666079915006,3.772020815124722,-0.0005634674441690801,-0.00030767469177642723,-8.688463155612225e-05,0.0,8.592302973314814e-05,0.00026559526167909683,0.00042678836514805117,0.4789360789360789,0.48906048906048905,0.032003432003432
85,"[1, 2, 3, 4, 5, 6, 7, 8, 9, 10, 11, 12, 13, 14, 15, 16, 17, 18, 19, 20, 21, 22, 23, 24, 25, 26, 27, 28, 29, 30, 31, 32, 33, 34, 35, 36, 37, 38, 39, 40, 41, 42, 43, 44, 45, 46, 47, 48, 49, 50, 51, 52, 53, 54, 55, 56, 57, 58, 59, 60, 61, 62, 63, 64, 80, 81, 82, 83, 84, 85]","[65, 66, 67, 68, 69, 70, 71, 72, 73, 74, 75, 76, 77, 78, 79]","[86, 87, 88, 89, 90, 91, 92, 93, 94, 95, 96, 97, 98, 99, 100, 101, 102, 103, 104, 105, 106, 107, 108]",day,29.0,60,23280,60,-1.351606718377616e-05,0.00025761805217182186,-0.8953469735765542,4.1843005827749264,-0.000871642390188987,-0.0004286697776722803,-0.00013714422859276154,0.0,0.00013689543376738111,0.00037665428272992685,0.0005584290129423117,0.4865549828178694,0.4929553264604811,0.020489690721649485
85,"[1, 2, 3, 4, 5, 6, 7, 8, 9, 10, 11, 12, 13, 14, 15, 16, 17, 18, 19, 20, 21, 22, 23, 24, 25, 26, 27, 28, 29, 30, 31, 32, 33, 34, 35, 36, 37, 38, 39, 40, 41, 42, 43, 44, 45, 46, 47, 48, 49, 50, 51, 52, 53, 54, 55, 56, 57, 58, 59, 60, 61, 62, 63, 64, 80, 81, 82, 83, 84, 85]","[65, 66, 67, 68, 69, 70, 71, 72, 73, 74, 75, 76, 77, 78, 79]","[86, 87, 88, 89, 90, 91, 92, 93, 94, 95, 96, 97, 98, 99, 100, 101, 102, 103, 104, 105, 106, 107, 108]",day,29.0,300,23040,300,-6.0801548278479065e-05,0.000587629660536437,-1.3020788220565482,4.935831800665697,-0.001874847225347579,-0.0010958913492372213,-0.00031724528204812863,-5.644950087368983e-06,0.0002915314403957314,0.0007532900219148984,0.0011154095384479624,0.487890625,0.5016059027777777,0.010503472222222223
85,"[1, 2, 3, 4, 5, 6, 7, 8, 9, 10, 11, 12, 13, 14, 15, 16, 17, 18, 19, 20, 21, 22, 23, 24, 25, 26, 27, 28, 29, 30, 31, 32, 33, 34, 35, 36, 37, 38, 39, 40, 41, 42, 43, 44, 45, 46, 47, 48, 49, 50, 51, 52, 53, 54, 55, 56, 57, 58, 59, 60, 61, 62, 63, 64, 80, 81, 82, 83, 84, 85]","[65, 66, 67, 68, 69, 70, 71, 72, 73, 74, 75, 76, 77, 78, 79]","[86, 87, 88, 89, 90, 91, 92, 93, 94, 95, 96, 97, 98, 99, 100, 101, 102, 103, 104, 105, 106, 107, 108]",day,30.0,1,23339,1,-2.429197594787956e-07,4.463623555227364e-05,-0.83896540006825,9.76705029550522,-0.00012542105640367396,-7.163208329576953e-05,-1.7913442246997313e-05,0.0,1.792211050788417e-05,7.153366964256503e-05,0.0001135917800092638,0.35074339089078366,0.33201936672522386,0.3172372423839925
85,"[1, 2, 3, 4, 5, 6, 7, 8, 9, 10, 11, 12, 13, 14, 15, 16, 17, 18, 19, 20, 21, 22, 23, 24, 25, 26, 27, 28, 29, 30, 31, 32, 33, 34, 35, 36, 37, 38, 39, 40, 41, 42, 43, 44, 45, 46, 47, 48, 49, 50, 51, 52, 53, 54, 55, 56, 57, 58, 59, 60, 61, 62, 63, 64, 80, 81, 82, 83, 84, 85]","[65, 66, 67, 68, 69, 70, 71, 72, 73, 74, 75, 76, 77, 78, 79]","[86, 87, 88, 89, 90, 91, 92, 93, 94, 95, 96, 97, 98, 99, 100, 101, 102, 103, 104, 105, 106, 107, 108]",day,30.0,5,23335,5,-1.2680661571304076e-06,9.62844497044914e-05,-0.6791421596435046,4.797817346371144,-0.0002833537219182425,-0.0001535096122144752,-5.371146202592936e-05,0.0,5.372252317226156e-05,0.00014338973329497406,0.00023317786162670994,0.47302335547460894,0.459438611527748,0.06753803299764302
85,"[1, 2, 3, 4, 5, 6, 7, 8, 9, 10, 11, 12, 13, 14, 15, 16, 17, 18, 19, 20, 21, 22, 23, 24, 25, 26, 27, 28, 29, 30, 31, 32, 33, 34, 35, 36, 37, 38, 39, 40, 41, 42, 43, 44, 45, 46, 47, 48, 49, 50, 51, 52, 53, 54, 55, 56, 57, 58, 59, 60, 61, 62, 63, 64, 80, 81, 82, 83, 84, 85]","[65, 66, 67, 68, 69, 70, 71, 72, 73, 74, 75, 76, 77, 78, 79]","[86, 87, 88, 89, 90, 91, 92, 93, 94, 95, 96, 97, 98, 99, 100, 101, 102, 103, 104, 105, 106, 107, 108]",day,30.0,30,23310,30,-7.577793598321531e-06,0.0002242863548276446,-0.37413592528213974,1.890974648016165,-0.0006415681890451285,-0.00038311871458314716,-0.00012557123701884,0.0,0.00012532674472742755,0.00035663338088465224,0.000528841431707947,0.48416988416988416,0.4898755898755899,0.025954525954525954
85,"[1, 2, 3, 4, 5, 6, 7, 8, 9, 10, 11, 12, 13, 14, 15, 16, 17, 18, 19, 20, 21, 22, 23, 24, 25, 26, 27, 28, 29, 30, 31, 32, 33, 34, 35, 36, 37, 38, 39, 40, 41, 42, 43, 44, 45, 46, 47, 48, 49, 50, 51, 52, 53, 54, 55, 56, 57, 58, 59, 60, 61, 62, 63, 64, 80, 81, 82, 83, 84, 85]","[65, 66, 67, 68, 69, 70, 71, 72, 73, 74, 75, 76, 77, 78, 79]","[86, 87, 88, 89, 90, 91, 92, 93, 94, 95, 96, 97, 98, 99, 100, 101, 102, 103, 104, 105, 106, 107, 108]",day,30.0,60,23280,60,-1.4752906802319119e-05,0.00030632519125432225,-0.20291029291285562,1.2099793828674308,-0.0008823277742148783,-0.0005193409742120236,-0.00019503772746767845,-8.95503688191912e-06,0.00016152456240026147,0.0004839869455867896,0.0007184994571478276,0.4752147766323024,0.5054553264604811,0.019329896907216496
85,"[1, 2, 3, 4, 5, 6, 7, 8, 9, 10, 11, 12, 13, 14, 15, 16, 17, 18, 19, 20, 21, 22, 23, 24, 25, 26, 27, 28, 29, 30, 31, 32, 33, 34, 35, 36, 37, 38, 39, 40, 41, 42, 43, 44, 45, 46, 47, 48, 49, 50, 51, 52, 53, 54, 55, 56, 57, 58, 59, 60, 61, 62, 63, 64, 80, 81, 82, 83, 84, 85]","[65, 66, 67, 68, 69, 70, 71, 72, 73, 74, 75, 76, 77, 78, 79]","[86, 87, 88, 89, 90, 91, 92, 93, 94, 95, 96, 97, 98, 99, 100, 101, 102, 103, 104, 105, 106, 107, 108]",day,30.0,300,23040,300,-6.181698092321727e-05,0.0007334911020741391,-0.0867163091541352,1.3742807080302608,-0.002150891863919706,-0.0013007212634493226,-0.0004659080727534848,-3.580219288706887e-05,0.0003582832856584006,0.0009903762457811548,0.001991569703774796,0.47508680555555555,0.5166666666666667,0.008246527777777778
85,"[1, 2, 3, 4, 5, 6, 7, 8, 9, 10, 11, 12, 13, 14, 15, 16, 17, 18, 19, 20, 21, 22, 23, 24, 25, 26, 27, 28, 29, 30, 31, 32, 33, 34, 35, 36, 37, 38, 39, 40, 41, 42, 43, 44, 45, 46, 47, 48, 49, 50, 51, 52, 53, 54, 55, 56, 57, 58, 59, 60, 61, 62, 63, 64, 80, 81, 82, 83, 84, 85]","[65, 66, 67, 68, 69, 70, 71, 72, 73, 74, 75, 76, 77, 78, 79]","[86, 87, 88, 89, 90, 91, 92, 93, 94, 95, 96, 97, 98, 99, 100, 101, 102, 103, 104, 105, 106, 107, 108]",day,31.0,1,23339,1,1.3155663906787532e-07,3.921343291068834e-05,-1.0146134623428245,16.24948135677669,-0.00010464514347730659,-6.529748558014025e-05,-2.2916595055266775e-05,0.0,2.2931440725848518e-05,6.66104552286661e-05,9.253171218064299e-05,0.39307596726509275,0.38206435579930587,0.22485967693560135
85,"[1, 2, 3, 4, 5, 6, 7, 8, 9, 10, 11, 12, 13, 14, 15, 16, 17, 18, 19, 20, 21, 22, 23, 24, 25, 26, 27, 28, 29, 30, 31, 32, 33, 34, 35, 36, 37, 38, 39, 40, 41, 42, 43, 44, 45, 46, 47, 48, 49, 50, 51, 52, 53, 54, 55, 56, 57, 58, 59, 60, 61, 62, 63, 64, 80, 81, 82, 83, 84, 85]","[65, 66, 67, 68, 69, 70, 71, 72, 73, 74, 75, 76, 77, 78, 79]","[86, 87, 88, 89, 90, 91, 92, 93, 94, 95, 96, 97, 98, 99, 100, 101, 102, 103, 104, 105, 106, 107, 108]",day,31.0,5,23335,5,5.972600602498081e-07,8.45935668144272e-05,-0.5910100946207031,5.10993068123487,-0.00022939873903894182,-0.0001374464960917754,-4.5922116091334786e-05,0.0,4.5980966169367754e-05,0.00013375815787115527,0.00020673648550416422,0.4749946432397686,0.4511677737304478,0.07383758302978359
85,"[1, 2, 3, 4, 5, 6, 7, 8, 9, 10, 11, 12, 13, 14, 15, 16, 17, 18, 19, 20, 21, 22, 23, 24, 25, 26, 27, 28, 29, 30, 31, 32, 33, 34, 35, 36, 37, 38, 39, 40, 41, 42, 43, 44, 45, 46, 47, 48, 49, 50, 51, 52, 53, 54, 55, 56, 57, 58, 59, 60, 61, 62, 63, 64, 80, 81, 82, 83, 84, 85]","[65, 66, 67, 68, 69, 70, 71, 72, 73, 74, 75, 76, 77, 78, 79]","[86, 87, 88, 89, 90, 91, 92, 93, 94, 95, 96, 97, 98, 99, 100, 101, 102, 103, 104, 105, 106, 107, 108]",day,31.0,30,23310,30,3.105365856605629e-06,0.00020373531544855795,-0.7696354589104657,4.103045160342214,-0.0005873372497453566,-0.0003328927292937767,-0.00011242032394231938,1.1497160202988965e-05,0.00012619852749562455,0.0002990829297323749,0.0004806261872609685,0.5172887172887173,0.45371085371085373,0.029000429000429002
85,"[1, 2, 3, 4, 5, 6, 7, 8, 9, 10, 11, 12, 13, 14, 15, 16, 17, 18, 19, 20, 21, 22, 23, 24, 25, 26, 27, 28, 29, 30, 31, 32, 33, 34, 35, 36, 37, 38, 39, 40, 41, 42, 43, 44, 45, 46, 47, 48, 49, 50, 51, 52, 53, 54, 55, 56, 57, 58, 59, 60, 61, 62, 63, 64, 80, 81, 82, 83, 84, 85]","[65, 66, 67, 68, 69, 70, 71, 72, 73, 74, 75, 76, 77, 78, 79]","[86, 87, 88, 89, 90, 91, 92, 93, 94, 95, 96, 97, 98, 99, 100, 101, 102, 103, 104, 105, 106, 107, 108]",day,31.0,60,23280,60,5.885543315512697e-06,0.00029014516748053986,-0.5762316163965397,2.3518659249093705,-0.000827884630647574,-0.0005042113116346447,-0.00013777030247680289,2.2964221742416413e-05,0.00017240487576347663,0.00043650064326405946,0.0007016579260427868,0.531701030927835,0.4468213058419244,0.02147766323024055
85,"[1, 2, 3, 4, 5, 6, 7, 8, 9, 10, 11, 12, 13, 14, 15, 16, 17, 18, 19, 20, 21, 22, 23, 24, 25, 26, 27, 28, 29, 30, 31, 32, 33, 34, 35, 36, 37, 38, 39, 40, 41, 42, 43, 44, 45, 46, 47, 48, 49, 50, 51, 52, 53, 54, 55, 56, 57, 58, 59, 60, 61, 62, 63, 64, 80, 81, 82, 83, 84, 85]","[65, 66, 67, 68, 69, 70, 71, 72, 73, 74, 75, 76, 77, 78, 79]","[86, 87, 88, 89, 90, 91, 92, 93, 94, 95, 96, 97, 98, 99, 100, 101, 102, 103, 104, 105, 106, 107, 108]",day,31.0,300,23040,300,2.253571516957471e-05,0.0006504962736022506,-0.2883867777104766,0.49738523530439105,-0.0017223166306894466,-0.0011372297431573475,-0.0003658585385451496,4.5924752299364435e-05,0.0004360761185031592,0.0010578859070316526,0.0014461287767982456,0.5279079861111111,0.46475694444444443,0.007335069444444444
85,"[1, 2, 3, 4, 5, 6, 7, 8, 9, 10, 11, 12, 13, 14, 15, 16, 17, 18, 19, 20, 21, 22, 23, 24, 25, 26, 27, 28, 29, 30, 31, 32, 33, 34, 35, 36, 37, 38, 39, 40, 41, 42, 43, 44, 45, 46, 47, 48, 49, 50, 51, 52, 53, 54, 55, 56, 57, 58, 59, 60, 61, 62, 63, 64, 80, 81, 82, 83, 84, 85]","[65, 66, 67, 68, 69, 70, 71, 72, 73, 74, 75, 76, 77, 78, 79]","[86, 87, 88, 89, 90, 91, 92, 93, 94, 95, 96, 97, 98, 99, 100, 101, 102, 103, 104, 105, 106, 107, 108]",day,32.0,1,23339,1,1.1307559704622962e-07,5.849297753294158e-05,0.25861435323509585,7.653891384215047,-0.00016991544656477008,-9.361869446241621e-05,-1.9863050247037606e-05,0.0,2.381235886206312e-05,9.293694237284517e-05,0.0001699638528280811,0.3603839067654998,0.34697287801533916,0.29264321521916103
85,"[1, 2, 3, 4, 5, 6, 7, 8, 9, 10, 11, 12, 13, 14, 15, 16, 17, 18, 19, 20, 21, 22, 23, 24, 25, 26, 27, 28, 29, 30, 31, 32, 33, 34, 35, 36, 37, 38, 39, 40, 41, 42, 43, 44, 45, 46, 47, 48, 49, 50, 51, 52, 53, 54, 55, 56, 57, 58, 59, 60, 61, 62, 63, 64, 80, 81, 82, 83, 84, 85]","[65, 66, 67, 68, 69, 70, 71, 72, 73, 74, 75, 76, 77, 78, 79]","[86, 87, 88, 89, 90, 91, 92, 93, 94, 95, 96, 97, 98, 99, 100, 101, 102, 103, 104, 105, 106, 107, 108]",day,32.0,5,23335,5,5.826426986099483e-07,0.0001279339707166958,0.2504542199390305,3.336813193155689,-0.000340105167341811,-0.00020413822200247012,-6.798212070235898e-05,0.0,6.798789815420925e-05,0.00020419727499967343,0.0003559440659440181,0.4798371544889651,0.46963788300835657,0.05052496250267838
85,"[1, 2, 3, 4, 5, 6, 7, 8, 9, 10, 11, 12, 13, 14, 15, 16, 17, 18, 19, 20, 21, 22, 23, 24, 25, 26, 27, 28, 29, 30, 31, 32, 33, 34, 35, 36, 37, 38, 39, 40, 41, 42, 43, 44, 45, 46, 47, 48, 49, 50, 51, 52, 53, 54, 55, 56, 57, 58, 59, 60, 61, 62, 63, 64, 80, 81, 82, 83, 84, 85]","[65, 66, 67, 68, 69, 70, 71, 72, 73, 74, 75, 76, 77, 78, 79]","[86, 87, 88, 89, 90, 91, 92, 93, 94, 95, 96, 97, 98, 99, 100, 101, 102, 103, 104, 105, 106, 107, 108]",day,32.0,30,23310,30,3.6217154857065586e-06,0.00030479499153454804,0.039857906903969245,1.5582339149967526,-0.0007820941254905856,-0.0004780489518949882,-0.000170431789865505,0.0,0.00017058296732763711,0.0005098927696962407,0.0008007409750742944,0.49124839124839126,0.4910767910767911,0.017674817674817676
85,"[1, 2, 3, 4, 5, 6, 7, 8, 9, 10, 11, 12, 13, 14, 15, 16, 17, 18, 19, 20, 21, 22, 23, 24, 25, 26, 27, 28, 29, 30, 31, 32, 33, 34, 35, 36, 37, 38, 39, 40, 41, 42, 43, 44, 45, 46, 47, 48, 49, 50, 51, 52, 53, 54, 55, 56, 57, 58, 59, 60, 61, 62, 63, 64, 80, 81, 82, 83, 84, 85]","[65, 66, 67, 68, 69, 70, 71, 72, 73, 74, 75, 76, 77, 78, 79]","[86, 87, 88, 89, 90, 91, 92, 93, 94, 95, 96, 97, 98, 99, 100, 101, 102, 103, 104, 105, 106, 107, 108]",day,32.0,60,23280,60,6.324485500854297e-06,0.0004220379822372745,-0.13434750719910388,1.3368948360125854,-0.0011056505296986696,-0.0006471086644829482,-0.00025459976916286653,0.0,0.00026429878458666956,0.0006972688320844189,0.0010314977555974298,0.49213917525773193,0.4972938144329897,0.010567010309278351
85,"[1, 2, 3, 4, 5, 6, 7, 8, 9, 10, 11, 12, 13, 14, 15, 16, 17, 18, 19, 20, 21, 22, 23, 24, 25, 26, 27, 28, 29, 30, 31, 32, 33, 34, 35, 36, 37, 38, 39, 40, 41, 42, 43, 44, 45, 46, 47, 48, 49, 50, 51, 52, 53, 54, 55, 56, 57, 58, 59, 60, 61, 62, 63, 64, 80, 81, 82, 83, 84, 85]","[65, 66, 67, 68, 69, 70, 71, 72, 73, 74, 75, 76, 77, 78, 79]","[86, 87, 88, 89, 90, 91, 92, 93, 94, 95, 96, 97, 98, 99, 100, 101, 102, 103, 104, 105, 106, 107, 108]",day,32.0,300,23040,300,3.309542124181354e-05,0.0009414229981593948,-0.08937085522676427,0.4067659592306412,-0.002351442809357731,-0.0015450702157765173,-0.0005439586591418077,5.0934650842826557e-05,0.0006385103744855902,0.0015121395925716818,0.0023484165205995833,0.5198350694444445,0.4756076388888889,0.004557291666666667
85,"[1, 2, 3, 4, 5, 6, 7, 8, 9, 10, 11, 12, 13, 14, 15, 16, 17, 18, 19, 20, 21, 22, 23, 24, 25, 26, 27, 28, 29, 30, 31, 32, 33, 34, 35, 36, 37, 38, 39, 40, 41, 42, 43, 44, 45, 46, 47, 48, 49, 50, 51, 52, 53, 54, 55, 56, 57, 58, 59, 60, 61, 62, 63, 64, 80, 81, 82, 83, 84, 85]","[65, 66, 67, 68, 69, 70, 71, 72, 73, 74, 75, 76, 77, 78, 79]","[86, 87, 88, 89, 90, 91, 92, 93, 94, 95, 96, 97, 98, 99, 100, 101, 102, 103, 104, 105, 106, 107, 108]",day,33.0,1,23339,1,-1.9397797850200905e-07,8.707570677940887e-05,0.23205867872081226,5.337824762579917,-0.00023792700518023623,-0.0001397356854602183,-4.740836304995e-05,0.0,4.83753469496806e-05,0.00013919603848444595,0.0002270661457618894,0.43827927503320624,0.43116671665452677,0.13055400831226702
85,"[1, 2, 3, 4, 5, 6, 7, 8, 9, 10, 11, 12, 13, 14, 15, 16, 17, 18, 19, 20, 21, 22, 23, 24, 25, 26, 27, 28, 29, 30, 31, 32, 33, 34, 35, 36, 37, 38, 39, 40, 41, 42, 43, 44, 45, 46, 47, 48, 49, 50, 51, 52, 53, 54, 55, 56, 57, 58, 59, 60, 61, 62, 63, 64, 80, 81, 82, 83, 84, 85]","[65, 66, 67, 68, 69, 70, 71, 72, 73, 74, 75, 76, 77, 78, 79]","[86, 87, 88, 89, 90, 91, 92, 93, 94, 95, 96, 97, 98, 99, 100, 101, 102, 103, 104, 105, 106, 107, 108]",day,33.0,5,23335,5,-1.0537444439564416e-06,0.0001920634824011409,0.5644484363876224,7.757778654066838,-0.00047167602927398187,-0.0003107449004008944,-0.00011347060192912206,0.0,0.00010492445439269638,0.000305589584870769,0.00048469455763983316,0.48253696164559673,0.489950717805871,0.027512320548532247
85,"[1, 2, 3, 4, 5, 6, 7, 8, 9, 10, 11, 12, 13, 14, 15, 16, 17, 18, 19, 20, 21, 22, 23, 24, 25, 26, 27, 28, 29, 30, 31, 32, 33, 34, 35, 36, 37, 38, 39, 40, 41, 42, 43, 44, 45, 46, 47, 48, 49, 50, 51, 52, 53, 54, 55, 56, 57, 58, 59, 60, 61, 62, 63, 64, 80, 81, 82, 83, 84, 85]","[65, 66, 67, 68, 69, 70, 71, 72, 73, 74, 75, 76, 77, 78, 79]","[86, 87, 88, 89, 90, 91, 92, 93, 94, 95, 96, 97, 98, 99, 100, 101, 102, 103, 104, 105, 106, 107, 108]",day,33.0,30,23310,30,-6.4964034829326865e-06,0.0004748415599315747,0.28883482493777146,1.6302156064965718,-0.0011341971666994843,-0.0007682073966395142,-0.00030902591148154746,-8.757027517181104e-06,0.00027941911622253457,0.0007703892870213002,0.0011766768317718831,0.4851994851994852,0.5038610038610039,0.010939510939510939
85,"[1, 2, 3, 4, 5, 6, 7, 8, 9, 10, 11, 12, 13, 14, 15, 16, 17, 18, 19, 20, 21, 22, 23, 24, 25, 26, 27, 28, 29, 30, 31, 32, 33, 34, 35, 36, 37, 38, 39, 40, 41, 42, 43, 44, 45, 46, 47, 48, 49, 50, 51, 52, 53, 54, 55, 56, 57, 58, 59, 60, 61, 62, 63, 64, 80, 81, 82, 83, 84, 85]","[65, 66, 67, 68, 69, 70, 71, 72, 73, 74, 75, 76, 77, 78, 79]","[86, 87, 88, 89, 90, 91, 92, 93, 94, 95, 96, 97, 98, 99, 100, 101, 102, 103, 104, 105, 106, 107, 108]",day,33.0,60,23280,60,-1.2431222595380987e-05,0.0006740306307051845,0.3399529080105966,1.6474176427748661,-0.0016229160277015909,-0.0010995436037308682,-0.00043535238638528484,-3.463503384509847e-05,0.00040039865781682504,0.0010796475169962847,0.0017051316131095403,0.4765034364261168,0.5165807560137458,0.006915807560137457
85,"[1, 2, 3, 4, 5, 6, 7, 8, 9, 10, 11, 12, 13, 14, 15, 16, 17, 18, 19, 20, 21, 22, 23, 24, 25, 26, 27, 28, 29, 30, 31, 32, 33, 34, 35, 36, 37, 38, 39, 40, 41, 42, 43, 44, 45, 46, 47, 48, 49, 50, 51, 52, 53, 54, 55, 56, 57, 58, 59, 60, 61, 62, 63, 64, 80, 81, 82, 83, 84, 85]","[65, 66, 67, 68, 69, 70, 71, 72, 73, 74, 75, 76, 77, 78, 79]","[86, 87, 88, 89, 90, 91, 92, 93, 94, 95, 96, 97, 98, 99, 100, 101, 102, 103, 104, 105, 106, 107, 108]",day,33.0,300,23040,300,-4.6341577892657083e-05,0.0015324211688331683,-0.006505811825784274,-0.07608428265550193,-0.0035123077240422273,-0.002543314745704811,-0.0011188224393826607,-9.605817352653645e-07,0.0009717866760480254,0.002438967472363528,0.003532622525060119,0.4968315972222222,0.5000868055555555,0.003081597222222222
85,"[1, 2, 3, 4, 5, 6, 7, 8, 9, 10, 11, 12, 13, 14, 15, 16, 17, 18, 19, 20, 21, 22, 23, 24, 25, 26, 27, 28, 29, 30, 31, 32, 33, 34, 35, 36, 37, 38, 39, 40, 41, 42, 43, 44, 45, 46, 47, 48, 49, 50, 51, 52, 53, 54, 55, 56, 57, 58, 59, 60, 61, 62, 63, 64, 80, 81, 82, 83, 84, 85]","[65, 66, 67, 68, 69, 70, 71, 72, 73, 74, 75, 76, 77, 78, 79]","[86, 87, 88, 89, 90, 91, 92, 93, 94, 95, 96, 97, 98, 99, 100, 101, 102, 103, 104, 105, 106, 107, 108]",day,34.0,1,23339,1,-2.0018746716259265e-07,3.829580920656552e-05,-0.6969686990854702,11.523193195575002,-0.00010712992506289431,-6.216718362902495e-05,-1.7783784750813325e-05,0.0,1.7815467388881956e-05,5.362792942564809e-05,0.00010659511058498605,0.3333904623162946,0.31890826513560994,0.34770127254809546
85,"[1, 2, 3, 4, 5, 6, 7, 8, 9, 10, 11, 12, 13, 14, 15, 16, 17, 18, 19, 20, 21, 22, 23, 24, 25, 26, 27, 28, 29, 30, 31, 32, 33, 34, 35, 36, 37, 38, 39, 40, 41, 42, 43, 44, 45, 46, 47, 48, 49, 50, 51, 52, 53, 54, 55, 56, 57, 58, 59, 60, 61, 62, 63, 64, 80, 81, 82, 83, 84, 85]","[65, 66, 67, 68, 69, 70, 71, 72, 73, 74, 75, 76, 77, 78, 79]","[86, 87, 88, 89, 90, 91, 92, 93, 94, 95, 96, 97, 98, 99, 100, 101, 102, 103, 104, 105, 106, 107, 108]",day,34.0,5,23335,5,-9.846740565367449e-07,8.40275353273379e-05,-0.5742067891544382,5.571654864064328,-0.0002485324161532021,-0.00013933359090109173,-4.45485891496511e-05,0.0,4.469473496371279e-05,0.00012488849241787392,0.00020528613629323456,0.47160917077351616,0.45485322476965934,0.07353760445682452
85,"[1, 2, 3, 4, 5, 6, 7, 8, 9, 10, 11, 12, 13, 14, 15, 16, 17, 18, 19, 20, 21, 22, 23, 24, 25, 26, 27, 28, 29, 30, 31, 32, 33, 34, 35, 36, 37, 38, 39, 40, 41, 42, 43, 44, 45, 46, 47, 48, 49, 50, 51, 52, 53, 54, 55, 56, 57, 58, 59, 60, 61, 62, 63, 64, 80, 81, 82, 83, 84, 85]","[65, 66, 67, 68, 69, 70, 71, 72, 73, 74, 75, 76, 77, 78, 79]","[86, 87, 88, 89, 90, 91, 92, 93, 94, 95, 96, 97, 98, 99, 100, 101, 102, 103, 104, 105, 106, 107, 108]",day,34.0,30,23310,30,-5.973618040107005e-06,0.00019806770782017344,-0.18972709555530187,2.056471998838812,-0.0005675690281265778,-0.00032102728731941976,-0.00011596090354490385,0.0,0.00010699955416848539,0.00030442921908019327,0.0005148993444245574,0.4762762762762763,0.4939081939081939,0.029815529815529814
85,"[1, 2, 3, 4, 5, 6, 7, 8, 9, 10, 11, 12, 13, 14, 15, 16, 17, 18, 19, 20, 21, 22, 23, 24, 25, 26, 27, 28, 29, 30, 31, 32, 33, 34, 35, 36, 37, 38, 39, 40, 41, 42, 43, 44, 45, 46, 47, 48, 49, 50, 51, 52, 53, 54, 55, 56, 57, 58, 59, 60, 61, 62, 63, 64, 80, 81, 82, 83, 84, 85]","[65, 66, 67, 68, 69, 70, 71, 72, 73, 74, 75, 76, 77, 78, 79]","[86, 87, 88, 89, 90, 91, 92, 93, 94, 95, 96, 97, 98, 99, 100, 101, 102, 103, 104, 105, 106, 107, 108]",day,34.0,60,23280,60,-1.3084277939096186e-05,0.00027646169405479116,-0.12023591018237441,1.7414949164059639,-0.000762842375618703,-0.000479514092386224,-0.00016571326421166432,-1.787357857274685e-07,0.00014270997320575685,0.00042710706150361766,0.0007133812487738478,0.47839347079037803,0.5015034364261168,0.020103092783505156
85,"[1, 2, 3, 4, 5, 6, 7, 8, 9, 10, 11, 12, 13, 14, 15, 16, 17, 18, 19, 20, 21, 22, 23, 24, 25, 26, 27, 28, 29, 30, 31, 32, 33, 34, 35, 36, 37, 38, 39, 40, 41, 42, 43, 44, 45, 46, 47, 48, 49, 50, 51, 52, 53, 54, 55, 56, 57, 58, 59, 60, 61, 62, 63, 64, 80, 81, 82, 83, 84, 85]","[65, 66, 67, 68, 69, 70, 71, 72, 73, 74, 75, 76, 77, 78, 79]","[86, 87, 88, 89, 90, 91, 92, 93, 94, 95, 96, 97, 98, 99, 100, 101, 102, 103, 104, 105, 106, 107, 108]",day,34.0,300,23040,300,-7.92655541715001e-05,0.0005195810278432359,-0.4207680558257151,0.2700679119966596,-0.0014188673891066816,-0.0010500032903365986,-0.000374603656154604,-2.376051400698742e-05,0.00024975036097585335,0.0007317528068625512,0.0010163290800391245,0.4716579861111111,0.5179253472222223,0.010416666666666666
85,"[1, 2, 3, 4, 5, 6, 7, 8, 9, 10, 11, 12, 13, 14, 15, 16, 17, 18, 19, 20, 21, 22, 23, 24, 25, 26, 27, 28, 29, 30, 31, 32, 33, 34, 35, 36, 37, 38, 39, 40, 41, 42, 43, 44, 45, 46, 47, 48, 49, 50, 51, 52, 53, 54, 55, 56, 57, 58, 59, 60, 61, 62, 63, 64, 80, 81, 82, 83, 84, 85]","[65, 66, 67, 68, 69, 70, 71, 72, 73, 74, 75, 76, 77, 78, 79]","[86, 87, 88, 89, 90, 91, 92, 93, 94, 95, 96, 97, 98, 99, 100, 101, 102, 103, 104, 105, 106, 107, 108]",day,35.0,1,23339,1,4.3283836720775496e-07,3.7832044402352874e-05,1.1658760011159193,25.104541504869875,-0.00010123376972308585,-5.880919775846927e-05,-1.684607739071975e-05,0.0,1.685005139240303e-05,5.8938283588272355e-05,0.00010135837127369206,0.38364968507648145,0.3853207078280989,0.23102960709541967
85,"[1, 2, 3, 4, 5, 6, 7, 8, 9, 10, 11, 12, 13, 14, 15, 16, 17, 18, 19, 20, 21, 22, 23, 24, 25, 26, 27, 28, 29, 30, 31, 32, 33, 34, 35, 36, 37, 38, 39, 40, 41, 42, 43, 44, 45, 46, 47, 48, 49, 50, 51, 52, 53, 54, 55, 56, 57, 58, 59, 60, 61, 62, 63, 64, 80, 81, 82, 83, 84, 85]","[65, 66, 67, 68, 69, 70, 71, 72, 73, 74, 75, 76, 77, 78, 79]","[86, 87, 88, 89, 90, 91, 92, 93, 94, 95, 96, 97, 98, 99, 100, 101, 102, 103, 104, 105, 106, 107, 108]",day,35.0,5,23335,5,2.2254225758218796e-06,8.324779795942977e-05,0.9874303809787222,16.025085142000954,-0.00021615859217201104,-0.00011854009341839555,-4.2148742914582815e-05,0.0,5.028006672058716e-05,0.0001348374450409473,0.00023563176591669954,0.4694664666809514,0.4682665523891151,0.062266980929933574
85,"[1, 2, 3, 4, 5, 6, 7, 8, 9, 10, 11, 12, 13, 14, 15, 16, 17, 18, 19, 20, 21, 22, 23, 24, 25, 26, 27, 28, 29, 30, 31, 32, 33, 34, 35, 36, 37, 38, 39, 40, 41, 42, 43, 44, 45, 46, 47, 48, 49, 50, 51, 52, 53, 54, 55, 56, 57, 58, 59, 60, 61, 62, 63, 64, 80, 81, 82, 83, 84, 85]","[65, 66, 67, 68, 69, 70, 71, 72, 73, 74, 75, 76, 77, 78, 79]","[86, 87, 88, 89, 90, 91, 92, 93, 94, 95, 96, 97, 98, 99, 100, 101, 102, 103, 104, 105, 106, 107, 108]",day,35.0,30,23310,30,1.331130229818657e-05,0.00020156295335197448,0.5424295044498948,2.4530481177231938,-0.0004709593881489493,-0.0002903754572605776,-0.00010945087235758599,0.0,0.00011867826322831121,0.0003484966828603207,0.0005633297510184661,0.49708279708279707,0.4808236808236808,0.022093522093522094
85,"[1, 2, 3, 4, 5, 6, 7, 8, 9, 10, 11, 12, 13, 14, 15, 16, 17, 18, 19, 20, 21, 22, 23, 24, 25, 26, 27, 28, 29, 30, 31, 32, 33, 34, 35, 36, 37, 38, 39, 40, 41, 42, 43, 44, 45, 46, 47, 48, 49, 50, 51, 52, 53, 54, 55, 56, 57, 58, 59, 60, 61, 62, 63, 64, 80, 81, 82, 83, 84, 85]","[65, 66, 67, 68, 69, 70, 71, 72, 73, 74, 75, 76, 77, 78, 79]","[86, 87, 88, 89, 90, 91, 92, 93, 94, 95, 96, 97, 98, 99, 100, 101, 102, 103, 104, 105, 106, 107, 108]",day,35.0,60,23280,60,2.6241699700900977e-05,0.0002785965452456558,0.7085326966538378,2.460117470733559,-0.0005900074029070634,-0.00038896062112478424,-0.00015119697606047477,1.681209129877903e-05,0.00018207940952763568,0.0004884460830741011,0.0008830890865908067,0.514561855670103,0.47079037800687284,0.014647766323024055
85,"[1, 2, 3, 4, 5, 6, 7, 8, 9, 10, 11, 12, 13, 14, 15, 16, 17, 18, 19, 20, 21, 22, 23, 24, 25, 26, 27, 28, 29, 30, 31, 32, 33, 34, 35, 36, 37, 38, 39, 40, 41, 42, 43, 44, 45, 46, 47, 48, 49, 50, 51, 52, 53, 54, 55, 56, 57, 58, 59, 60, 61, 62, 63, 64, 80, 81, 82, 83, 84, 85]","[65, 66, 67, 68, 69, 70, 71, 72, 73, 74, 75, 76, 77, 78, 79]","[86, 87, 88, 89, 90, 91, 92, 93, 94, 95, 96, 97, 98, 99, 100, 101, 102, 103, 104, 105, 106, 107, 108]",day,35.0,300,23040,300,0.00012696853386606345,0.0005744401637727878,0.13959737261011065,0.27184897776237893,-0.001197474411529117,-0.0007392777530281558,-0.00028605562940642315,0.00011682853488903522,0.000488520998043751,0.001131688041976897,0.0015030952439257898,0.5654947916666667,0.42803819444444446,0.0064670138888888885
85,"[1, 2, 3, 4, 5, 6, 7, 8, 9, 10, 11, 12, 13, 14, 15, 16, 17, 18, 19, 20, 21, 22, 23, 24, 25, 26, 27, 28, 29, 30, 31, 32, 33, 34, 35, 36, 37, 38, 39, 40, 41, 42, 43, 44, 45, 46, 47, 48, 49, 50, 51, 52, 53, 54, 55, 56, 57, 58, 59, 60, 61, 62, 63, 64, 80, 81, 82, 83, 84, 85]","[65, 66, 67, 68, 69, 70, 71, 72, 73, 74, 75, 76, 77, 78, 79]","[86, 87, 88, 89, 90, 91, 92, 93, 94, 95, 96, 97, 98, 99, 100, 101, 102, 103, 104, 105, 106, 107, 108]",day,36.0,1,23339,1,8.03058123208175e-07,0.0001642232706405075,0.11310489314792309,19.71788113442879,-0.0004387865999722984,-0.0002565695924094613,-7.57536302711248e-05,0.0,7.597485235111279e-05,0.0002581449518018752,0.00043942345310524954,0.4567033720382193,0.4511761429367154,0.09212048502506534
85,"[1, 2, 3, 4, 5, 6, 7, 8, 9, 10, 11, 12, 13, 14, 15, 16, 17, 18, 19, 20, 21, 22, 23, 24, 25, 26, 27, 28, 29, 30, 31, 32, 33, 34, 35, 36, 37, 38, 39, 40, 41, 42, 43, 44, 45, 46, 47, 48, 49, 50, 51, 52, 53, 54, 55, 56, 57, 58, 59, 60, 61, 62, 63, 64, 80, 81, 82, 83, 84, 85]","[65, 66, 67, 68, 69, 70, 71, 72, 73, 74, 75, 76, 77, 78, 79]","[86, 87, 88, 89, 90, 91, 92, 93, 94, 95, 96, 97, 98, 99, 100, 101, 102, 103, 104, 105, 106, 107, 108]",day,36.0,5,23335,5,4.025011495254032e-06,0.00035294904300505,0.7018960744212394,14.458745805694951,-0.0008813576120041678,-0.0005526988865099614,-0.00018817307030105646,0.0,0.00019147918513418016,0.0005493631178201008,0.0008997550558461941,0.49663595457467324,0.48125133919005786,0.022112706235268908
85,"[1, 2, 3, 4, 5, 6, 7, 8, 9, 10, 11, 12, 13, 14, 15, 16, 17, 18, 19, 20, 21, 22, 23, 24, 25, 26, 27, 28, 29, 30, 31, 32, 33, 34, 35, 36, 37, 38, 39, 40, 41, 42, 43, 44, 45, 46, 47, 48, 49, 50, 51, 52, 53, 54, 55, 56, 57, 58, 59, 60, 61, 62, 63, 64, 80, 81, 82, 83, 84, 85]","[65, 66, 67, 68, 69, 70, 71, 72, 73, 74, 75, 76, 77, 78, 79]","[86, 87, 88, 89, 90, 91, 92, 93, 94, 95, 96, 97, 98, 99, 100, 101, 102, 103, 104, 105, 106, 107, 108]",day,36.0,30,23310,30,2.5435215803702205e-05,0.000849021480633874,0.5591463217664278,4.407135620074167,-0.002019955373962018,-0.0012776823265465919,-0.000492095167854395,1.87381715293089e-05,0.0005254143312978243,0.0013167816384023422,0.002211230917618425,0.5060489060489061,0.48352638352638355,0.010424710424710425
85,"[1, 2, 3, 4, 5, 6, 7, 8, 9, 10, 11, 12, 13, 14, 15, 16, 17, 18, 19, 20, 21, 22, 23, 24, 25, 26, 27, 28, 29, 30, 31, 32, 33, 34, 35, 36, 37, 38, 39, 40, 41, 42, 43, 44, 45, 46, 47, 48, 49, 50, 51, 52, 53, 54, 55, 56, 57, 58, 59, 60, 61, 62, 63, 64, 80, 81, 82, 83, 84, 85]","[65, 66, 67, 68, 69, 70, 71, 72, 73, 74, 75, 76, 77, 78, 79]","[86, 87, 88, 89, 90, 91, 92, 93, 94, 95, 96, 97, 98, 99, 100, 101, 102, 103, 104, 105, 106, 107, 108]",day,36.0,60,23280,60,5.249335972766855e-05,0.0011916123188061465,0.27871668000788064,1.9554598683389175,-0.0028639700649354827,-0.0018304396524752796,-0.0006918257117355386,3.6448841071123894e-05,0.0007797790000666494,0.0019035123310308319,0.0033298830900461143,0.5100515463917525,0.4832044673539519,0.006743986254295533
85,"[1, 2, 3, 4, 5, 6, 7, 8, 9, 10, 11, 12, 13, 14, 15, 16, 17, 18, 19, 20, 21, 22, 23, 24, 25, 26, 27, 28, 29, 30, 31, 32, 33, 34, 35, 36, 37, 38, 39, 40, 41, 42, 43, 44, 45, 46, 47, 48, 49, 50, 51, 52, 53, 54, 55, 56, 57, 58, 59, 60, 61, 62, 63, 64, 80, 81, 82, 83, 84, 85]","[65, 66, 67, 68, 69, 70, 71, 72, 73, 74, 75, 76, 77, 78, 79]","[86, 87, 88, 89, 90, 91, 92, 93, 94, 95, 96, 97, 98, 99, 100, 101, 102, 103, 104, 105, 106, 107, 108]",day,36.0,300,23040,300,0.0003030388963585119,0.0023739544084191346,0.05041470267572344,2.1445160562993184,-0.006681306364786993,-0.0032002438379640286,-0.0009725912202592224,0.0002997742327677244,0.0014650342003845185,0.004307308056585268,0.007268280522741169,0.5690104166666666,0.4280815972222222,0.002907986111111111
85,"[1, 2, 3, 4, 5, 6, 7, 8, 9, 10, 11, 12, 13, 14, 15, 16, 17, 18, 19, 20, 21, 22, 23, 24, 25, 26, 27, 28, 29, 30, 31, 32, 33, 34, 35, 36, 37, 38, 39, 40, 41, 42, 43, 44, 45, 46, 47, 48, 49, 50, 51, 52, 53, 54, 55, 56, 57, 58, 59, 60, 61, 62, 63, 64, 80, 81, 82, 83, 84, 85]","[65, 66, 67, 68, 69, 70, 71, 72, 73, 74, 75, 76, 77, 78, 79]","[86, 87, 88, 89, 90, 91, 92, 93, 94, 95, 96, 97, 98, 99, 100, 101, 102, 103, 104, 105, 106, 107, 108]",day,37.0,1,23339,1,-2.443951655601016e-08,3.1648157710357366e-05,-0.6440741454526012,11.224100817311408,-8.784956992047066e-05,-4.400440044005638e-05,-1.4277085665703737e-05,0.0,1.8909798936483924e-05,4.395903896914355e-05,8.774743131343409e-05,0.37122413128240284,0.3603839067654998,0.26839196195209736
85,"[1, 2, 3, 4, 5, 6, 7, 8, 9, 10, 11, 12, 13, 14, 15, 16, 17, 18, 19, 20, 21, 22, 23, 24, 25, 26, 27, 28, 29, 30, 31, 32, 33, 34, 35, 36, 37, 38, 39, 40, 41, 42, 43, 44, 45, 46, 47, 48, 49, 50, 51, 52, 53, 54, 55, 56, 57, 58, 59, 60, 61, 62, 63, 64, 80, 81, 82, 83, 84, 85]","[65, 66, 67, 68, 69, 70, 71, 72, 73, 74, 75, 76, 77, 78, 79]","[86, 87, 88, 89, 90, 91, 92, 93, 94, 95, 96, 97, 98, 99, 100, 101, 102, 103, 104, 105, 106, 107, 108]",day,37.0,5,23335,5,-1.2137704638735963e-07,6.912702166818674e-05,-0.8290428107882001,8.08328000385752,-0.00019696331376264586,-0.00010980082131006874,-3.296558393062199e-05,0.0,4.325824395634559e-05,0.0001096371011950481,0.0001754987979909428,0.46938075851724875,0.4410970644953932,0.08952217698735805
85,"[1, 2, 3, 4, 5, 6, 7, 8, 9, 10, 11, 12, 13, 14, 15, 16, 17, 18, 19, 20, 21, 22, 23, 24, 25, 26, 27, 28, 29, 30, 31, 32, 33, 34, 35, 36, 37, 38, 39, 40, 41, 42, 43, 44, 45, 46, 47, 48, 49, 50, 51, 52, 53, 54, 55, 56, 57, 58, 59, 60, 61, 62, 63, 64, 80, 81, 82, 83, 84, 85]","[65, 66, 67, 68, 69, 70, 71, 72, 73, 74, 75, 76, 77, 78, 79]","[86, 87, 88, 89, 90, 91, 92, 93, 94, 95, 96, 97, 98, 99, 100, 101, 102, 103, 104, 105, 106, 107, 108]",day,37.0,30,23310,30,-8.360357184053846e-07,0.00016805352262122276,-1.14326212632317,8.365405509657627,-0.00045052246882064774,-0.0002752875812708555,-8.783872809536852e-05,2.8541401182469173e-06,9.881965413138794e-05,0.0002419951843247392,0.0003539703238439417,0.5046761046761047,0.4613041613041613,0.03401973401973402
85,"[1, 2, 3, 4, 5, 6, 7, 8, 9, 10, 11, 12, 13, 14, 15, 16, 17, 18, 19, 20, 21, 22, 23, 24, 25, 26, 27, 28, 29, 30, 31, 32, 33, 34, 35, 36, 37, 38, 39, 40, 41, 42, 43, 44, 45, 46, 47, 48, 49, 50, 51, 52, 53, 54, 55, 56, 57, 58, 59, 60, 61, 62, 63, 64, 80, 81, 82, 83, 84, 85]","[65, 66, 67, 68, 69, 70, 71, 72, 73, 74, 75, 76, 77, 78, 79]","[86, 87, 88, 89, 90, 91, 92, 93, 94, 95, 96, 97, 98, 99, 100, 101, 102, 103, 104, 105, 106, 107, 108]",day,37.0,60,23280,60,-1.9003297861162393e-06,0.00023667919376506286,-1.5656766516374523,12.150694213298213,-0.0006587706422288242,-0.00037361857280766576,-0.0001207533913892278,2.191912937288265e-05,0.00013223722934541104,0.00032941693203025757,0.0004838590131994014,0.5248281786941581,0.45150343642611684,0.023668384879725085
85,"[1, 2, 3, 4, 5, 6, 7, 8, 9, 10, 11, 12, 13, 14, 15, 16, 17, 18, 19, 20, 21, 22, 23, 24, 25, 26, 27, 28, 29, 30, 31, 32, 33, 34, 35, 36, 37, 38, 39, 40, 41, 42, 43, 44, 45, 46, 47, 48, 49, 50, 51, 52, 53, 54, 55, 56, 57, 58, 59, 60, 61, 62, 63, 64, 80, 81, 82, 83, 84, 85]","[65, 66, 67, 68, 69, 70, 71, 72, 73, 74, 75, 76, 77, 78, 79]","[86, 87, 88, 89, 90, 91, 92, 93, 94, 95, 96, 97, 98, 99, 100, 101, 102, 103, 104, 105, 106, 107, 108]",day,37.0,300,23040,300,-9.379767441767233e-06,0.0004983040084920823,-0.7601451833706553,1.7258953160194652,-0.0014912432841409306,-0.0009126562915298728,-0.0002792293985794114,2.1979350400935793e-05,0.0003260036222669238,0.0007249624348284466,0.000987786784799185,0.5181423611111111,0.47152777777777777,0.01032986111111111
85,"[1, 2, 3, 4, 5, 6, 7, 8, 9, 10, 11, 12, 13, 14, 15, 16, 17, 18, 19, 20, 21, 22, 23, 24, 25, 26, 27, 28, 29, 30, 31, 32, 33, 34, 35, 36, 37, 38, 39, 40, 41, 42, 43, 44, 45, 46, 47, 48, 49, 50, 51, 52, 53, 54, 55, 56, 57, 58, 59, 60, 61, 62, 63, 64, 80, 81, 82, 83, 84, 85]","[65, 66, 67, 68, 69, 70, 71, 72, 73, 74, 75, 76, 77, 78, 79]","[86, 87, 88, 89, 90, 91, 92, 93, 94, 95, 96, 97, 98, 99, 100, 101, 102, 103, 104, 105, 106, 107, 108]",day,38.0,1,23339,1,7.709837813957597e-08,4.209720583208532e-05,-0.18225103365783957,28.148446733034383,-0.0001088531583487562,-6.37619780287424e-05,-2.1227816931146393e-05,0.0,2.1231873288396486e-05,6.376195536672569e-05,0.00010640561821673167,0.3999742919576674,0.39534684433780365,0.2046788637045289
85,"[1, 2, 3, 4, 5, 6, 7, 8, 9, 10, 11, 12, 13, 14, 15, 16, 17, 18, 19, 20, 21, 22, 23, 24, 25, 26, 27, 28, 29, 30, 31, 32, 33, 34, 35, 36, 37, 38, 39, 40, 41, 42, 43, 44, 45, 46, 47, 48, 49, 50, 51, 52, 53, 54, 55, 56, 57, 58, 59, 60, 61, 62, 63, 64, 80, 81, 82, 83, 84, 85]","[65, 66, 67, 68, 69, 70, 71, 72, 73, 74, 75, 76, 77, 78, 79]","[86, 87, 88, 89, 90, 91, 92, 93, 94, 95, 96, 97, 98, 99, 100, 101, 102, 103, 104, 105, 106, 107, 108]",day,38.0,5,23335,5,4.16639629920719e-07,9.131720816388939e-05,-0.1355724915712744,4.367988074791535,-0.0002543915412118958,-0.00014856822683089187,-4.271414765882886e-05,0.0,5.3014117660787896e-05,0.0001383330442821684,0.0002340505232465473,0.47525176773087635,0.4572101992714806,0.06753803299764302
85,"[1, 2, 3, 4, 5, 6, 7, 8, 9, 10, 11, 12, 13, 14, 15, 16, 17, 18, 19, 20, 21, 22, 23, 24, 25, 26, 27, 28, 29, 30, 31, 32, 33, 34, 35, 36, 37, 38, 39, 40, 41, 42, 43, 44, 45, 46, 47, 48, 49, 50, 51, 52, 53, 54, 55, 56, 57, 58, 59, 60, 61, 62, 63, 64, 80, 81, 82, 83, 84, 85]","[65, 66, 67, 68, 69, 70, 71, 72, 73, 74, 75, 76, 77, 78, 79]","[86, 87, 88, 89, 90, 91, 92, 93, 94, 95, 96, 97, 98, 99, 100, 101, 102, 103, 104, 105, 106, 107, 108]",day,38.0,30,23310,30,2.7059155349982457e-06,0.00023018440664800886,0.0421733055745603,2.103734366633529,-0.0005919925381450675,-0.00038188628491497845,-0.00012776015160875787,3.1789558592176803e-06,0.00013829419431521384,0.0003614602569535608,0.0005720934105857812,0.5029172029172029,0.4731016731016731,0.02398112398112398
85,"[1, 2, 3, 4, 5, 6, 7, 8, 9, 10, 11, 12, 13, 14, 15, 16, 17, 18, 19, 20, 21, 22, 23, 24, 25, 26, 27, 28, 29, 30, 31, 32, 33, 34, 35, 36, 37, 38, 39, 40, 41, 42, 43, 44, 45, 46, 47, 48, 49, 50, 51, 52, 53, 54, 55, 56, 57, 58, 59, 60, 61, 62, 63, 64, 80, 81, 82, 83, 84, 85]","[65, 66, 67, 68, 69, 70, 71, 72, 73, 74, 75, 76, 77, 78, 79]","[86, 87, 88, 89, 90, 91, 92, 93, 94, 95, 96, 97, 98, 99, 100, 101, 102, 103, 104, 105, 106, 107, 108]",day,38.0,60,23280,60,5.098656557279511e-06,0.0003309689892763474,0.044726801876110285,1.7490009287775345,-0.0008565246351752931,-0.0005307455604378452,-0.00019135805764888825,0.0,0.00021210819640909984,0.0005118573214608734,0.000809726838830662,0.49720790378006874,0.48664089347079037,0.016151202749140895
85,"[1, 2, 3, 4, 5, 6, 7, 8, 9, 10, 11, 12, 13, 14, 15, 16, 17, 18, 19, 20, 21, 22, 23, 24, 25, 26, 27, 28, 29, 30, 31, 32, 33, 34, 35, 36, 37, 38, 39, 40, 41, 42, 43, 44, 45, 46, 47, 48, 49, 50, 51, 52, 53, 54, 55, 56, 57, 58, 59, 60, 61, 62, 63, 64, 80, 81, 82, 83, 84, 85]","[65, 66, 67, 68, 69, 70, 71, 72, 73, 74, 75, 76, 77, 78, 79]","[86, 87, 88, 89, 90, 91, 92, 93, 94, 95, 96, 97, 98, 99, 100, 101, 102, 103, 104, 105, 106, 107, 108]",day,38.0,300,23040,300,2.5127982132963415e-05,0.0007117321278261721,-0.15858423108510294,0.8628464268004512,-0.00189356767999753,-0.0012120284808832702,-0.00039291870390892325,4.260349988227663e-05,0.00044696304577213075,0.0011716424202319773,0.0017607127704712955,0.52421875,0.46901041666666665,0.0067708333333333336
85,"[1, 2, 3, 4, 5, 6, 7, 8, 9, 10, 11, 12, 13, 14, 15, 16, 17, 18, 19, 20, 21, 22, 23, 24, 25, 26, 27, 28, 29, 30, 31, 32, 33, 34, 35, 36, 37, 38, 39, 40, 41, 42, 43, 44, 45, 46, 47, 48, 49, 50, 51, 52, 53, 54, 55, 56, 57, 58, 59, 60, 61, 62, 63, 64, 80, 81, 82, 83, 84, 85]","[65, 66, 67, 68, 69, 70, 71, 72, 73, 74, 75, 76, 77, 78, 79]","[86, 87, 88, 89, 90, 91, 92, 93, 94, 95, 96, 97, 98, 99, 100, 101, 102, 103, 104, 105, 106, 107, 108]",day,39.0,1,23339,1,8.187651317352181e-08,6.0028123540458085e-05,0.14438711237459467,9.199138683204737,-0.00015589290831024893,-9.716199528069236e-05,-2.9160328346156117e-05,0.0,2.914007634702287e-05,9.721237495305956e-05,0.00017487526950012543,0.4186126226487853,0.42131196709370583,0.1600754102575089
85,"[1, 2, 3, 4, 5, 6, 7, 8, 9, 10, 11, 12, 13, 14, 15, 16, 17, 18, 19, 20, 21, 22, 23, 24, 25, 26, 27, 28, 29, 30, 31, 32, 33, 34, 35, 36, 37, 38, 39, 40, 41, 42, 43, 44, 45, 46, 47, 48, 49, 50, 51, 52, 53, 54, 55, 56, 57, 58, 59, 60, 61, 62, 63, 64, 80, 81, 82, 83, 84, 85]","[65, 66, 67, 68, 69, 70, 71, 72, 73, 74, 75, 76, 77, 78, 79]","[86, 87, 88, 89, 90, 91, 92, 93, 94, 95, 96, 97, 98, 99, 100, 101, 102, 103, 104, 105, 106, 107, 108]",day,39.0,5,23335,5,4.345819360201854e-07,0.00013445440654360664,0.1086964986702348,4.7402664454188,-0.0003500897994891639,-0.0002136256655581592,-6.828702010253096e-05,0.0,6.81145881984424e-05,0.00021408400268709826,0.0003794841174845587,0.47190914934647527,0.4785515320334262,0.04953931862009856
85,"[1, 2, 3, 4, 5, 6, 7, 8, 9, 10, 11, 12, 13, 14, 15, 16, 17, 18, 19, 20, 21, 22, 23, 24, 25, 26, 27, 28, 29, 30, 31, 32, 33, 34, 35, 36, 37, 38, 39, 40, 41, 42, 43, 44, 45, 46, 47, 48, 49, 50, 51, 52, 53, 54, 55, 56, 57, 58, 59, 60, 61, 62, 63, 64, 80, 81, 82, 83, 84, 85]","[65, 66, 67, 68, 69, 70, 71, 72, 73, 74, 75, 76, 77, 78, 79]","[86, 87, 88, 89, 90, 91, 92, 93, 94, 95, 96, 97, 98, 99, 100, 101, 102, 103, 104, 105, 106, 107, 108]",day,39.0,30,23310,30,3.602828442283923e-06,0.0003207141824897092,0.08367156101647949,2.3502007689487296,-0.0008372675180328148,-0.0005245473652699895,-0.0001751279406898565,0.0,0.0001752669169213794,0.0005264513607272647,0.0008555871536691306,0.48884598884598884,0.49206349206349204,0.01909051909051909
85,"[1, 2, 3, 4, 5, 6, 7, 8, 9, 10, 11, 12, 13, 14, 15, 16, 17, 18, 19, 20, 21, 22, 23, 24, 25, 26, 27, 28, 29, 30, 31, 32, 33, 34, 35, 36, 37, 38, 39, 40, 41, 42, 43, 44, 45, 46, 47, 48, 49, 50, 51, 52, 53, 54, 55, 56, 57, 58, 59, 60, 61, 62, 63, 64, 80, 81, 82, 83, 84, 85]","[65, 66, 67, 68, 69, 70, 71, 72, 73, 74, 75, 76, 77, 78, 79]","[86, 87, 88, 89, 90, 91, 92, 93, 94, 95, 96, 97, 98, 99, 100, 101, 102, 103, 104, 105, 106, 107, 108]",day,39.0,60,23280,60,8.274677690879578e-06,0.0004512653274505064,0.19828656381632465,2.457137644089885,-0.0011778229777083028,-0.0007003925119516363,-0.0002524664025481682,0.0,0.00025301489139067934,0.000729817268749544,0.001191280032566295,0.49493127147766325,0.49209621993127145,0.012972508591065293
85,"[1, 2, 3, 4, 5, 6, 7, 8, 9, 10, 11, 12, 13, 14, 15, 16, 17, 18, 19, 20, 21, 22, 23, 24, 25, 26, 27, 28, 29, 30, 31, 32, 33, 34, 35, 36, 37, 38, 39, 40, 41, 42, 43, 44, 45, 46, 47, 48, 49, 50, 51, 52, 53, 54, 55, 56, 57, 58, 59, 60, 61, 62, 63, 64, 80, 81, 82, 83, 84, 85]","[65, 66, 67, 68, 69, 70, 71, 72, 73, 74, 75, 76, 77, 78, 79]","[86, 87, 88, 89, 90, 91, 92, 93, 94, 95, 96, 97, 98, 99, 100, 101, 102, 103, 104, 105, 106, 107, 108]",day,39.0,300,23040,300,3.7237449941684174e-05,0.001003340970669177,-0.05953323988968735,1.671380650785939,-0.0029068830769248687,-0.0016338280201505517,-0.0005072675842296981,3.874649045609857e-05,0.000641769456205421,0.0015206175267040267,0.002938848414548042,0.5122829861111111,0.48233506944444443,0.005381944444444444
85,"[1, 2, 3, 4, 5, 6, 7, 8, 9, 10, 11, 12, 13, 14, 15, 16, 17, 18, 19, 20, 21, 22, 23, 24, 25, 26, 27, 28, 29, 30, 31, 32, 33, 34, 35, 36, 37, 38, 39, 40, 41, 42, 43, 44, 45, 46, 47, 48, 49, 50, 51, 52, 53, 54, 55, 56, 57, 58, 59, 60, 61, 62, 63, 64, 80, 81, 82, 83, 84, 85]","[65, 66, 67, 68, 69, 70, 71, 72, 73, 74, 75, 76, 77, 78, 79]","[86, 87, 88, 89, 90, 91, 92, 93, 94, 95, 96, 97, 98, 99, 100, 101, 102, 103, 104, 105, 106, 107, 108]",day,40.0,1,23339,1,2.1242001399419263e-07,3.400378173568246e-05,0.49350273464782196,28.107649317725244,-9.970934549360599e-05,-5.042025280820317e-05,-1.6769941556749046e-05,0.0,1.6772684007126948e-05,5.051389470898115e-05,8.840878168518479e-05,0.3878486653241356,0.3803933330476884,0.231758001628176
85,"[1, 2, 3, 4, 5, 6, 7, 8, 9, 10, 11, 12, 13, 14, 15, 16, 17, 18, 19, 20, 21, 22, 23, 24, 25, 26, 27, 28, 29, 30, 31, 32, 33, 34, 35, 36, 37, 38, 39, 40, 41, 42, 43, 44, 45, 46, 47, 48, 49, 50, 51, 52, 53, 54, 55, 56, 57, 58, 59, 60, 61, 62, 63, 64, 80, 81, 82, 83, 84, 85]","[65, 66, 67, 68, 69, 70, 71, 72, 73, 74, 75, 76, 77, 78, 79]","[86, 87, 88, 89, 90, 91, 92, 93, 94, 95, 96, 97, 98, 99, 100, 101, 102, 103, 104, 105, 106, 107, 108]",day,40.0,5,23335,5,1.050240706158207e-06,7.265265861175862e-05,-0.04869969927681271,6.577038789538591,-0.00020143267556341104,-0.00010391634022313134,-3.368279230575588e-05,0.0,3.3849784390915794e-05,0.00011746641736416485,0.000200737561683799,0.4630812084851082,0.46522391257767304,0.07169487893721876
85,"[1, 2, 3, 4, 5, 6, 7, 8, 9, 10, 11, 12, 13, 14, 15, 16, 17, 18, 19, 20, 21, 22, 23, 24, 25, 26, 27, 28, 29, 30, 31, 32, 33, 34, 35, 36, 37, 38, 39, 40, 41, 42, 43, 44, 45, 46, 47, 48, 49, 50, 51, 52, 53, 54, 55, 56, 57, 58, 59, 60, 61, 62, 63, 64, 80, 81, 82, 83, 84, 85]","[65, 66, 67, 68, 69, 70, 71, 72, 73, 74, 75, 76, 77, 78, 79]","[86, 87, 88, 89, 90, 91, 92, 93, 94, 95, 96, 97, 98, 99, 100, 101, 102, 103, 104, 105, 106, 107, 108]",day,40.0,30,23310,30,6.60006407977414e-06,0.0001697620642062037,-0.1749003939597364,3.099396011542976,-0.00047250063201384143,-0.00025185110562631063,-8.400961069920942e-05,7.751751193607603e-06,0.00010065087566246689,0.00026963285503394107,0.00045349752612462214,0.5048048048048048,0.465980265980266,0.029214929214929214
85,"[1, 2, 3, 4, 5, 6, 7, 8, 9, 10, 11, 12, 13, 14, 15, 16, 17, 18, 19, 20, 21, 22, 23, 24, 25, 26, 27, 28, 29, 30, 31, 32, 33, 34, 35, 36, 37, 38, 39, 40, 41, 42, 43, 44, 45, 46, 47, 48, 49, 50, 51, 52, 53, 54, 55, 56, 57, 58, 59, 60, 61, 62, 63, 64, 80, 81, 82, 83, 84, 85]","[65, 66, 67, 68, 69, 70, 71, 72, 73, 74, 75, 76, 77, 78, 79]","[86, 87, 88, 89, 90, 91, 92, 93, 94, 95, 96, 97, 98, 99, 100, 101, 102, 103, 104, 105, 106, 107, 108]",day,40.0,60,23280,60,1.4015801071656614e-05,0.00024335634177100846,-0.5793555793672044,4.157121677689344,-0.000704962677959774,-0.0003541930556271389,-0.00011736498834724607,1.6807146428265973e-05,0.0001514619232662051,0.0003714660075638587,0.0006414111588353011,0.5293814432989691,0.4520618556701031,0.018556701030927835
85,"[1, 2, 3, 4, 5, 6, 7, 8, 9, 10, 11, 12, 13, 14, 15, 16, 17, 18, 19, 20, 21, 22, 23, 24, 25, 26, 27, 28, 29, 30, 31, 32, 33, 34, 35, 36, 37, 38, 39, 40, 41, 42, 43, 44, 45, 46, 47, 48, 49, 50, 51, 52, 53, 54, 55, 56, 57, 58, 59, 60, 61, 62, 63, 64, 80, 81, 82, 83, 84, 85]","[65, 66, 67, 68, 69, 70, 71, 72, 73, 74, 75, 76, 77, 78, 79]","[86, 87, 88, 89, 90, 91, 92, 93, 94, 95, 96, 97, 98, 99, 100, 101, 102, 103, 104, 105, 106, 107, 108]",day,40.0,300,23040,300,8.199556922842308e-05,0.0004551961250092184,-0.2422144877089125,1.2847601756876186,-0.0011243010563414635,-0.0006535786152452094,-0.00020155872094451688,0.00010103648847525903,0.0003537020820903458,0.0008437116902272335,0.0011427477655904861,0.5982204861111111,0.39505208333333336,0.006727430555555556
85,"[1, 2, 3, 4, 5, 6, 7, 8, 9, 10, 11, 12, 13, 14, 15, 16, 17, 18, 19, 20, 21, 22, 23, 24, 25, 26, 27, 28, 29, 30, 31, 32, 33, 34, 35, 36, 37, 38, 39, 40, 41, 42, 43, 44, 45, 46, 47, 48, 49, 50, 51, 52, 53, 54, 55, 56, 57, 58, 59, 60, 61, 62, 63, 64, 80, 81, 82, 83, 84, 85]","[65, 66, 67, 68, 69, 70, 71, 72, 73, 74, 75, 76, 77, 78, 79]","[86, 87, 88, 89, 90, 91, 92, 93, 94, 95, 96, 97, 98, 99, 100, 101, 102, 103, 104, 105, 106, 107, 108]",day,41.0,1,23339,1,4.463035010572866e-08,3.730368209556278e-05,0.18736505493812003,7.696942684258529,-0.00011115488189923806,-6.654515092127111e-05,-2.218795416220054e-05,0.0,2.219805101111305e-05,5.7637342182714676e-05,0.00010018688361492332,0.3886199065941129,0.3725952268734736,0.23878486653241357
85,"[1, 2, 3, 4, 5, 6, 7, 8, 9, 10, 11, 12, 13, 14, 15, 16, 17, 18, 19, 20, 21, 22, 23, 24, 25, 26, 27, 28, 29, 30, 31, 32, 33, 34, 35, 36, 37, 38, 39, 40, 41, 42, 43, 44, 45, 46, 47, 48, 49, 50, 51, 52, 53, 54, 55, 56, 57, 58, 59, 60, 61, 62, 63, 64, 80, 81, 82, 83, 84, 85]","[65, 66, 67, 68, 69, 70, 71, 72, 73, 74, 75, 76, 77, 78, 79]","[86, 87, 88, 89, 90, 91, 92, 93, 94, 95, 96, 97, 98, 99, 100, 101, 102, 103, 104, 105, 106, 107, 108]",day,41.0,5,23335,5,2.2079181137525644e-07,8.335654359299425e-05,0.007674758495356758,2.605903111800197,-0.00022258657173294117,-0.0001338150675768146,-4.450229743668821e-05,0.0,4.4531032568850826e-05,0.00013344008540139285,0.00021215156042740267,0.47546603814013283,0.45309620741375617,0.07143775444611099
85,"[1, 2, 3, 4, 5, 6, 7, 8, 9, 10, 11, 12, 13, 14, 15, 16, 17, 18, 19, 20, 21, 22, 23, 24, 25, 26, 27, 28, 29, 30, 31, 32, 33, 34, 35, 36, 37, 38, 39, 40, 41, 42, 43, 44, 45, 46, 47, 48, 49, 50, 51, 52, 53, 54, 55, 56, 57, 58, 59, 60, 61, 62, 63, 64, 80, 81, 82, 83, 84, 85]","[65, 66, 67, 68, 69, 70, 71, 72, 73, 74, 75, 76, 77, 78, 79]","[86, 87, 88, 89, 90, 91, 92, 93, 94, 95, 96, 97, 98, 99, 100, 101, 102, 103, 104, 105, 106, 107, 108]",day,41.0,30,23310,30,2.4448982676310216e-06,0.00019693990593675387,-0.04033795593501032,1.612521445388392,-0.0004902319077073302,-0.00031220034342038794,-0.00011153903610217064,0.0,0.00012226875230070267,0.0003112854315618585,0.0005244184283365572,0.4975117975117975,0.4742170742170742,0.028271128271128272
85,"[1, 2, 3, 4, 5, 6, 7, 8, 9, 10, 11, 12, 13, 14, 15, 16, 17, 18, 19, 20, 21, 22, 23, 24, 25, 26, 27, 28, 29, 30, 31, 32, 33, 34, 35, 36, 37, 38, 39, 40, 41, 42, 43, 44, 45, 46, 47, 48, 49, 50, 51, 52, 53, 54, 55, 56, 57, 58, 59, 60, 61, 62, 63, 64, 80, 81, 82, 83, 84, 85]","[65, 66, 67, 68, 69, 70, 71, 72, 73, 74, 75, 76, 77, 78, 79]","[86, 87, 88, 89, 90, 91, 92, 93, 94, 95, 96, 97, 98, 99, 100, 101, 102, 103, 104, 105, 106, 107, 108]",day,41.0,60,23280,60,6.3822520038300545e-06,0.0002703825445271006,-0.020138090450277618,1.571379243857403,-0.000668906466327297,-0.0004316385704372871,-0.00015582305180902867,0.0,0.00016737802328148366,0.0004447706095580539,0.0006695563230213986,0.49969931271477663,0.48058419243986256,0.019716494845360824
85,"[1, 2, 3, 4, 5, 6, 7, 8, 9, 10, 11, 12, 13, 14, 15, 16, 17, 18, 19, 20, 21, 22, 23, 24, 25, 26, 27, 28, 29, 30, 31, 32, 33, 34, 35, 36, 37, 38, 39, 40, 41, 42, 43, 44, 45, 46, 47, 48, 49, 50, 51, 52, 53, 54, 55, 56, 57, 58, 59, 60, 61, 62, 63, 64, 80, 81, 82, 83, 84, 85]","[65, 66, 67, 68, 69, 70, 71, 72, 73, 74, 75, 76, 77, 78, 79]","[86, 87, 88, 89, 90, 91, 92, 93, 94, 95, 96, 97, 98, 99, 100, 101, 102, 103, 104, 105, 106, 107, 108]",day,41.0,300,23040,300,4.175771104335599e-05,0.0005801964384792653,0.04491578986268488,-0.002184879705630305,-0.001248595608792552,-0.0009588379775880174,-0.00033276370286391965,3.3379322626481134e-05,0.00042288944779556026,0.0010249882852484402,0.0014015811559774795,0.5225260416666667,0.46953125,0.007942708333333333
85,"[1, 2, 3, 4, 5, 6, 7, 8, 9, 10, 11, 12, 13, 14, 15, 16, 17, 18, 19, 20, 21, 22, 23, 24, 25, 26, 27, 28, 29, 30, 31, 32, 33, 34, 35, 36, 37, 38, 39, 40, 41, 42, 43, 44, 45, 46, 47, 48, 49, 50, 51, 52, 53, 54, 55, 56, 57, 58, 59, 60, 61, 62, 63, 64, 80, 81, 82, 83, 84, 85]","[65, 66, 67, 68, 69, 70, 71, 72, 73, 74, 75, 76, 77, 78, 79]","[86, 87, 88, 89, 90, 91, 92, 93, 94, 95, 96, 97, 98, 99, 100, 101, 102, 103, 104, 105, 106, 107, 108]",day,42.0,1,23339,1,1.674290311909253e-07,1.8651967553269216e-05,0.26367879649928044,10.547328450299363,-5.651167022943548e-05,-2.8304343396678977e-05,-7.542470710775184e-07,0.0,1.6976356328468611e-06,2.8326766244890498e-05,5.655928384026509e-05,0.2703200651270406,0.2668923261493637,0.4627876087235957
85,"[1, 2, 3, 4, 5, 6, 7, 8, 9, 10, 11, 12, 13, 14, 15, 16, 17, 18, 19, 20, 21, 22, 23, 24, 25, 26, 27, 28, 29, 30, 31, 32, 33, 34, 35, 36, 37, 38, 39, 40, 41, 42, 43, 44, 45, 46, 47, 48, 49, 50, 51, 52, 53, 54, 55, 56, 57, 58, 59, 60, 61, 62, 63, 64, 80, 81, 82, 83, 84, 85]","[65, 66, 67, 68, 69, 70, 71, 72, 73, 74, 75, 76, 77, 78, 79]","[86, 87, 88, 89, 90, 91, 92, 93, 94, 95, 96, 97, 98, 99, 100, 101, 102, 103, 104, 105, 106, 107, 108]",day,42.0,5,23335,5,8.493829685138661e-07,3.9938087107971826e-05,0.2246279899835459,4.725253821185898,-0.00010374990047194332,-5.671860413749563e-05,-1.8860451519331356e-05,0.0,1.886863655253812e-05,6.148402303438578e-05,0.00010825114685601078,0.4375830297835869,0.4245553889007928,0.13786158131562032
85,"[1, 2, 3, 4, 5, 6, 7, 8, 9, 10, 11, 12, 13, 14, 15, 16, 17, 18, 19, 20, 21, 22, 23, 24, 25, 26, 27, 28, 29, 30, 31, 32, 33, 34, 35, 36, 37, 38, 39, 40, 41, 42, 43, 44, 45, 46, 47, 48, 49, 50, 51, 52, 53, 54, 55, 56, 57, 58, 59, 60, 61, 62, 63, 64, 80, 81, 82, 83, 84, 85]","[65, 66, 67, 68, 69, 70, 71, 72, 73, 74, 75, 76, 77, 78, 79]","[86, 87, 88, 89, 90, 91, 92, 93, 94, 95, 96, 97, 98, 99, 100, 101, 102, 103, 104, 105, 106, 107, 108]",day,42.0,30,23310,30,4.9052738450032375e-06,9.699197629897865e-05,0.38584971409675983,2.661631505983328,-0.00023545977158984322,-0.0001505495914139343,-5.652485209328706e-05,0.0,5.661659243583195e-05,0.000160182872431891,0.00026446395901551066,0.4923208923208923,0.4613899613899614,0.04628914628914629
85,"[1, 2, 3, 4, 5, 6, 7, 8, 9, 10, 11, 12, 13, 14, 15, 16, 17, 18, 19, 20, 21, 22, 23, 24, 25, 26, 27, 28, 29, 30, 31, 32, 33, 34, 35, 36, 37, 38, 39, 40, 41, 42, 43, 44, 45, 46, 47, 48, 49, 50, 51, 52, 53, 54, 55, 56, 57, 58, 59, 60, 61, 62, 63, 64, 80, 81, 82, 83, 84, 85]","[65, 66, 67, 68, 69, 70, 71, 72, 73, 74, 75, 76, 77, 78, 79]","[86, 87, 88, 89, 90, 91, 92, 93, 94, 95, 96, 97, 98, 99, 100, 101, 102, 103, 104, 105, 106, 107, 108]",day,42.0,60,23280,60,9.92494181367052e-06,0.00013187517064755568,0.2887064181188672,1.7012703932174436,-0.0002930828572480859,-0.00019774765421933793,-7.541335947658379e-05,7.262662678475529e-06,8.510497908587045e-05,0.00022640655069605664,0.0003581857157140344,0.5097508591065292,0.4605670103092783,0.02968213058419244
85,"[1, 2, 3, 4, 5, 6, 7, 8, 9, 10, 11, 12, 13, 14, 15, 16, 17, 18, 19, 20, 21, 22, 23, 24, 25, 26, 27, 28, 29, 30, 31, 32, 33, 34, 35, 36, 37, 38, 39, 40, 41, 42, 43, 44, 45, 46, 47, 48, 49, 50, 51, 52, 53, 54, 55, 56, 57, 58, 59, 60, 61, 62, 63, 64, 80, 81, 82, 83, 84, 85]","[65, 66, 67, 68, 69, 70, 71, 72, 73, 74, 75, 76, 77, 78, 79]","[86, 87, 88, 89, 90, 91, 92, 93, 94, 95, 96, 97, 98, 99, 100, 101, 102, 103, 104, 105, 106, 107, 108]",day,42.0,300,23040,300,4.716533360231674e-05,0.0002831614790962725,0.42080675634526254,-0.015194429505033469,-0.0004905254074653587,-0.00037697440343775757,-0.00016059570125692701,2.8280809585057298e-05,0.00022934424456078073,0.0005378779300191372,0.0007910498361396456,0.5282552083333333,0.4615451388888889,0.010199652777777778
85,"[1, 2, 3, 4, 5, 6, 7, 8, 9, 10, 11, 12, 13, 14, 15, 16, 17, 18, 19, 20, 21, 22, 23, 24, 25, 26, 27, 28, 29, 30, 31, 32, 33, 34, 35, 36, 37, 38, 39, 40, 41, 42, 43, 44, 45, 46, 47, 48, 49, 50, 51, 52, 53, 54, 55, 56, 57, 58, 59, 60, 61, 62, 63, 64, 80, 81, 82, 83, 84, 85]","[65, 66, 67, 68, 69, 70, 71, 72, 73, 74, 75, 76, 77, 78, 79]","[86, 87, 88, 89, 90, 91, 92, 93, 94, 95, 96, 97, 98, 99, 100, 101, 102, 103, 104, 105, 106, 107, 108]",day,43.0,1,23339,1,2.582164035067932e-07,2.6893150847239293e-05,-0.2400999294940021,10.175342767769152,-8.620145723840177e-05,-3.593010021006871e-05,-8.621061252545026e-06,0.0,8.629914736602018e-06,3.882339332477166e-05,7.754846432082903e-05,0.3018552637216676,0.2845451818843995,0.4135995543939329
85,"[1, 2, 3, 4, 5, 6, 7, 8, 9, 10, 11, 12, 13, 14, 15, 16, 17, 18, 19, 20, 21, 22, 23, 24, 25, 26, 27, 28, 29, 30, 31, 32, 33, 34, 35, 36, 37, 38, 39, 40, 41, 42, 43, 44, 45, 46, 47, 48, 49, 50, 51, 52, 53, 54, 55, 56, 57, 58, 59, 60, 61, 62, 63, 64, 80, 81, 82, 83, 84, 85]","[65, 66, 67, 68, 69, 70, 71, 72, 73, 74, 75, 76, 77, 78, 79]","[86, 87, 88, 89, 90, 91, 92, 93, 94, 95, 96, 97, 98, 99, 100, 101, 102, 103, 104, 105, 106, 107, 108]",day,43.0,5,23335,5,1.2779052635270519e-06,5.9655587474595647e-05,-0.04598339410768394,6.835594852196781,-0.0001698161187856284,-8.665346072844748e-05,-2.589421350651655e-05,0.0,3.435773184090607e-05,8.669312541409457e-05,0.00016971792154913935,0.4569959288622241,0.42746946646668094,0.11553460467109493
85,"[1, 2, 3, 4, 5, 6, 7, 8, 9, 10, 11, 12, 13, 14, 15, 16, 17, 18, 19, 20, 21, 22, 23, 24, 25, 26, 27, 28, 29, 30, 31, 32, 33, 34, 35, 36, 37, 38, 39, 40, 41, 42, 43, 44, 45, 46, 47, 48, 49, 50, 51, 52, 53, 54, 55, 56, 57, 58, 59, 60, 61, 62, 63, 64, 80, 81, 82, 83, 84, 85]","[65, 66, 67, 68, 69, 70, 71, 72, 73, 74, 75, 76, 77, 78, 79]","[86, 87, 88, 89, 90, 91, 92, 93, 94, 95, 96, 97, 98, 99, 100, 101, 102, 103, 104, 105, 106, 107, 108]",day,43.0,30,23310,30,7.42309640323736e-06,0.000143589668028127,0.43148140710377414,3.4002910657575987,-0.00037739474337803667,-0.00020725533527852225,-6.909656244613593e-05,0.0,7.787208772913612e-05,0.00024156485716251286,0.0004313908264672328,0.48837408837408836,0.4754182754182754,0.03620763620763621
85,"[1, 2, 3, 4, 5, 6, 7, 8, 9, 10, 11, 12, 13, 14, 15, 16, 17, 18, 19, 20, 21, 22, 23, 24, 25, 26, 27, 28, 29, 30, 31, 32, 33, 34, 35, 36, 37, 38, 39, 40, 41, 42, 43, 44, 45, 46, 47, 48, 49, 50, 51, 52, 53, 54, 55, 56, 57, 58, 59, 60, 61, 62, 63, 64, 80, 81, 82, 83, 84, 85]","[65, 66, 67, 68, 69, 70, 71, 72, 73, 74, 75, 76, 77, 78, 79]","[86, 87, 88, 89, 90, 91, 92, 93, 94, 95, 96, 97, 98, 99, 100, 101, 102, 103, 104, 105, 106, 107, 108]",day,43.0,60,23280,60,1.4328899255189067e-05,0.00019939988538946878,0.41941192658806575,2.7676111550974953,-0.00048363214027911103,-0.0002931795233114931,-0.00010169277629271112,5.871863643869268e-06,0.00011215404789854944,0.00034647097529515446,0.0005779562356365934,0.5048109965635739,0.47164948453608246,0.023539518900343642
85,"[1, 2, 3, 4, 5, 6, 7, 8, 9, 10, 11, 12, 13, 14, 15, 16, 17, 18, 19, 20, 21, 22, 23, 24, 25, 26, 27, 28, 29, 30, 31, 32, 33, 34, 35, 36, 37, 38, 39, 40, 41, 42, 43, 44, 45, 46, 47, 48, 49, 50, 51, 52, 53, 54, 55, 56, 57, 58, 59, 60, 61, 62, 63, 64, 80, 81, 82, 83, 84, 85]","[65, 66, 67, 68, 69, 70, 71, 72, 73, 74, 75, 76, 77, 78, 79]","[86, 87, 88, 89, 90, 91, 92, 93, 94, 95, 96, 97, 98, 99, 100, 101, 102, 103, 104, 105, 106, 107, 108]",day,43.0,300,23040,300,6.701763709472253e-05,0.00043355667104588345,0.9696678272555596,3.05925286916405,-0.000848099145000768,-0.0005522287607643284,-0.00020739358116872442,3.449584341508327e-05,0.00029363481623623233,0.0007952430634605379,0.0016112454895213916,0.525390625,0.46488715277777776,0.009722222222222222
85,"[1, 2, 3, 4, 5, 6, 7, 8, 9, 10, 11, 12, 13, 14, 15, 16, 17, 18, 19, 20, 21, 22, 23, 24, 25, 26, 27, 28, 29, 30, 31, 32, 33, 34, 35, 36, 37, 38, 39, 40, 41, 42, 43, 44, 45, 46, 47, 48, 49, 50, 51, 52, 53, 54, 55, 56, 57, 58, 59, 60, 61, 62, 63, 64, 80, 81, 82, 83, 84, 85]","[65, 66, 67, 68, 69, 70, 71, 72, 73, 74, 75, 76, 77, 78, 79]","[86, 87, 88, 89, 90, 91, 92, 93, 94, 95, 96, 97, 98, 99, 100, 101, 102, 103, 104, 105, 106, 107, 108]",day,44.0,1,23339,1,-6.284903582374727e-08,4.2345162611098586e-05,-0.11597769526639463,6.294429382952082,-0.00011034124541557944,-6.311149118394254e-05,-1.6665210760602456e-05,0.0,1.5888374885975054e-05,6.311278572643796e-05,0.00011775603774817343,0.4103860491023609,0.41844123569990144,0.1711727151977377
85,"[1, 2, 3, 4, 5, 6, 7, 8, 9, 10, 11, 12, 13, 14, 15, 16, 17, 18, 19, 20, 21, 22, 23, 24, 25, 26, 27, 28, 29, 30, 31, 32, 33, 34, 35, 36, 37, 38, 39, 40, 41, 42, 43, 44, 45, 46, 47, 48, 49, 50, 51, 52, 53, 54, 55, 56, 57, 58, 59, 60, 61, 62, 63, 64, 80, 81, 82, 83, 84, 85]","[65, 66, 67, 68, 69, 70, 71, 72, 73, 74, 75, 76, 77, 78, 79]","[86, 87, 88, 89, 90, 91, 92, 93, 94, 95, 96, 97, 98, 99, 100, 101, 102, 103, 104, 105, 106, 107, 108]",day,44.0,5,23335,5,-3.5130456751002726e-07,9.385371751996086e-05,0.03741660235814173,2.2456644512592696,-0.00024330046491535028,-0.0001497470135840673,-5.432691765111519e-05,0.0,4.728728603697885e-05,0.00015683617533432948,0.0002447106946596466,0.4664666809513606,0.48253696164559673,0.05099635740304264
85,"[1, 2, 3, 4, 5, 6, 7, 8, 9, 10, 11, 12, 13, 14, 15, 16, 17, 18, 19, 20, 21, 22, 23, 24, 25, 26, 27, 28, 29, 30, 31, 32, 33, 34, 35, 36, 37, 38, 39, 40, 41, 42, 43, 44, 45, 46, 47, 48, 49, 50, 51, 52, 53, 54, 55, 56, 57, 58, 59, 60, 61, 62, 63, 64, 80, 81, 82, 83, 84, 85]","[65, 66, 67, 68, 69, 70, 71, 72, 73, 74, 75, 76, 77, 78, 79]","[86, 87, 88, 89, 90, 91, 92, 93, 94, 95, 96, 97, 98, 99, 100, 101, 102, 103, 104, 105, 106, 107, 108]",day,44.0,30,23310,30,-1.8842998516737466e-06,0.0002335790127811027,-0.19463683850842406,1.4120296234946572,-0.0006286028767262464,-0.00039233872330649564,-0.00013358984784281325,0.0,0.00014117868525997945,0.00036832113922851106,0.0005830918048157207,0.4942084942084942,0.48365508365508364,0.022136422136422137
85,"[1, 2, 3, 4, 5, 6, 7, 8, 9, 10, 11, 12, 13, 14, 15, 16, 17, 18, 19, 20, 21, 22, 23, 24, 25, 26, 27, 28, 29, 30, 31, 32, 33, 34, 35, 36, 37, 38, 39, 40, 41, 42, 43, 44, 45, 46, 47, 48, 49, 50, 51, 52, 53, 54, 55, 56, 57, 58, 59, 60, 61, 62, 63, 64, 80, 81, 82, 83, 84, 85]","[65, 66, 67, 68, 69, 70, 71, 72, 73, 74, 75, 76, 77, 78, 79]","[86, 87, 88, 89, 90, 91, 92, 93, 94, 95, 96, 97, 98, 99, 100, 101, 102, 103, 104, 105, 106, 107, 108]",day,44.0,60,23280,60,-4.000569646444175e-06,0.00032609609814282064,-0.40212362901391974,1.2235936966505712,-0.0009106674225506794,-0.0005634331862145459,-0.00018854584020733256,1.570462736943945e-05,0.0001918351387658057,0.0005033377588897769,0.0007655587788527443,0.5153780068728522,0.47212199312714775,0.0125
85,"[1, 2, 3, 4, 5, 6, 7, 8, 9, 10, 11, 12, 13, 14, 15, 16, 17, 18, 19, 20, 21, 22, 23, 24, 25, 26, 27, 28, 29, 30, 31, 32, 33, 34, 35, 36, 37, 38, 39, 40, 41, 42, 43, 44, 45, 46, 47, 48, 49, 50, 51, 52, 53, 54, 55, 56, 57, 58, 59, 60, 61, 62, 63, 64, 80, 81, 82, 83, 84, 85]","[65, 66, 67, 68, 69, 70, 71, 72, 73, 74, 75, 76, 77, 78, 79]","[86, 87, 88, 89, 90, 91, 92, 93, 94, 95, 96, 97, 98, 99, 100, 101, 102, 103, 104, 105, 106, 107, 108]",day,44.0,300,23040,300,-1.0664188468363625e-05,0.0007711920034195249,-0.7077914532909256,1.0366234075550294,-0.0022638775886686846,-0.0014467234155111695,-0.00046410652668144037,5.2482773079232103e-05,0.0005266581382478153,0.001100891171519458,0.0014665055009391548,0.5254340277777778,0.4697482638888889,0.0048177083333333336
85,"[1, 2, 3, 4, 5, 6, 7, 8, 9, 10, 11, 12, 13, 14, 15, 16, 17, 18, 19, 20, 21, 22, 23, 24, 25, 26, 27, 28, 29, 30, 31, 32, 33, 34, 35, 36, 37, 38, 39, 40, 41, 42, 43, 44, 45, 46, 47, 48, 49, 50, 51, 52, 53, 54, 55, 56, 57, 58, 59, 60, 61, 62, 63, 64, 80, 81, 82, 83, 84, 85]","[65, 66, 67, 68, 69, 70, 71, 72, 73, 74, 75, 76, 77, 78, 79]","[86, 87, 88, 89, 90, 91, 92, 93, 94, 95, 96, 97, 98, 99, 100, 101, 102, 103, 104, 105, 106, 107, 108]",day,45.0,1,23339,1,-1.0804793308857838e-07,3.2661701353794267e-05,-0.8550232436539926,17.98691823765529,-8.911426877880935e-05,-4.973803634461536e-05,-1.4452517422436362e-05,0.0,1.889305700208954e-05,4.456834444415136e-05,8.876434274611267e-05,0.3731093877201251,0.35999828613051116,0.2668923261493637
85,"[1, 2, 3, 4, 5, 6, 7, 8, 9, 10, 11, 12, 13, 14, 15, 16, 17, 18, 19, 20, 21, 22, 23, 24, 25, 26, 27, 28, 29, 30, 31, 32, 33, 34, 35, 36, 37, 38, 39, 40, 41, 42, 43, 44, 45, 46, 47, 48, 49, 50, 51, 52, 53, 54, 55, 56, 57, 58, 59, 60, 61, 62, 63, 64, 80, 81, 82, 83, 84, 85]","[65, 66, 67, 68, 69, 70, 71, 72, 73, 74, 75, 76, 77, 78, 79]","[86, 87, 88, 89, 90, 91, 92, 93, 94, 95, 96, 97, 98, 99, 100, 101, 102, 103, 104, 105, 106, 107, 108]",day,45.0,5,23335,5,-5.799764953133378e-07,7.135788362357499e-05,-0.49156420526634603,9.698293377604928,-0.00019948703518535505,-0.00011128421989781145,-3.8446269006842115e-05,0.0,4.416675885487997e-05,0.00011095404950143272,0.00017752529735481914,0.46278122991214915,0.4485536747375187,0.08866509535033212
85,"[1, 2, 3, 4, 5, 6, 7, 8, 9, 10, 11, 12, 13, 14, 15, 16, 17, 18, 19, 20, 21, 22, 23, 24, 25, 26, 27, 28, 29, 30, 31, 32, 33, 34, 35, 36, 37, 38, 39, 40, 41, 42, 43, 44, 45, 46, 47, 48, 49, 50, 51, 52, 53, 54, 55, 56, 57, 58, 59, 60, 61, 62, 63, 64, 80, 81, 82, 83, 84, 85]","[65, 66, 67, 68, 69, 70, 71, 72, 73, 74, 75, 76, 77, 78, 79]","[86, 87, 88, 89, 90, 91, 92, 93, 94, 95, 96, 97, 98, 99, 100, 101, 102, 103, 104, 105, 106, 107, 108]",day,45.0,30,23310,30,-4.629463084766349e-06,0.0001702320990899132,-0.4890083378191858,3.4305631268513332,-0.00045659156626481125,-0.00028882960440165806,-9.974964893083582e-05,0.0,9.397488213264138e-05,0.00025599278234591513,0.0003886747818629477,0.4985842985842986,0.4674388674388674,0.03397683397683398
85,"[1, 2, 3, 4, 5, 6, 7, 8, 9, 10, 11, 12, 13, 14, 15, 16, 17, 18, 19, 20, 21, 22, 23, 24, 25, 26, 27, 28, 29, 30, 31, 32, 33, 34, 35, 36, 37, 38, 39, 40, 41, 42, 43, 44, 45, 46, 47, 48, 49, 50, 51, 52, 53, 54, 55, 56, 57, 58, 59, 60, 61, 62, 63, 64, 80, 81, 82, 83, 84, 85]","[65, 66, 67, 68, 69, 70, 71, 72, 73, 74, 75, 76, 77, 78, 79]","[86, 87, 88, 89, 90, 91, 92, 93, 94, 95, 96, 97, 98, 99, 100, 101, 102, 103, 104, 105, 106, 107, 108]",day,45.0,60,23280,60,-9.85779954228541e-06,0.00023610705808547336,-0.3865043449423714,2.026791025055183,-0.0006652505700075994,-0.0003997363964500511,-0.00014436744847201588,0.0,0.00013333333333331865,0.00036038196289974703,0.0005519634787285823,0.4835910652920962,0.49243986254295535,0.023969072164948455
85,"[1, 2, 3, 4, 5, 6, 7, 8, 9, 10, 11, 12, 13, 14, 15, 16, 17, 18, 19, 20, 21, 22, 23, 24, 25, 26, 27, 28, 29, 30, 31, 32, 33, 34, 35, 36, 37, 38, 39, 40, 41, 42, 43, 44, 45, 46, 47, 48, 49, 50, 51, 52, 53, 54, 55, 56, 57, 58, 59, 60, 61, 62, 63, 64, 80, 81, 82, 83, 84, 85]","[65, 66, 67, 68, 69, 70, 71, 72, 73, 74, 75, 76, 77, 78, 79]","[86, 87, 88, 89, 90, 91, 92, 93, 94, 95, 96, 97, 98, 99, 100, 101, 102, 103, 104, 105, 106, 107, 108]",day,45.0,300,23040,300,-4.9668902216035354e-05,0.0004712572493883681,-0.17058109861391269,0.1943103477605006,-0.0011317768603059453,-0.0008666685926783102,-0.00033528400186033647,-4.414815300468611e-05,0.0002663825253064189,0.000710922799955882,0.0010251269046795807,0.4584201388888889,0.5319444444444444,0.009635416666666667
85,"[1, 2, 3, 4, 5, 6, 7, 8, 9, 10, 11, 12, 13, 14, 15, 16, 17, 18, 19, 20, 21, 22, 23, 24, 25, 26, 27, 28, 29, 30, 31, 32, 33, 34, 35, 36, 37, 38, 39, 40, 41, 42, 43, 44, 45, 46, 47, 48, 49, 50, 51, 52, 53, 54, 55, 56, 57, 58, 59, 60, 61, 62, 63, 64, 80, 81, 82, 83, 84, 85]","[65, 66, 67, 68, 69, 70, 71, 72, 73, 74, 75, 76, 77, 78, 79]","[86, 87, 88, 89, 90, 91, 92, 93, 94, 95, 96, 97, 98, 99, 100, 101, 102, 103, 104, 105, 106, 107, 108]",day,46.0,1,23339,1,2.8371329479155136e-07,2.351668393484725e-05,-0.31464145211056305,16.589756635476302,-6.589052028179277e-05,-3.2973971996097526e-05,-4.9421623699585915e-06,0.0,8.218277468885482e-06,3.301038176517501e-05,6.593763816427512e-05,0.27743262350572007,0.2690775097476327,0.45348986674664726
85,"[1, 2, 3, 4, 5, 6, 7, 8, 9, 10, 11, 12, 13, 14, 15, 16, 17, 18, 19, 20, 21, 22, 23, 24, 25, 26, 27, 28, 29, 30, 31, 32, 33, 34, 35, 36, 37, 38, 39, 40, 41, 42, 43, 44, 45, 46, 47, 48, 49, 50, 51, 52, 53, 54, 55, 56, 57, 58, 59, 60, 61, 62, 63, 64, 80, 81, 82, 83, 84, 85]","[65, 66, 67, 68, 69, 70, 71, 72, 73, 74, 75, 76, 77, 78, 79]","[86, 87, 88, 89, 90, 91, 92, 93, 94, 95, 96, 97, 98, 99, 100, 101, 102, 103, 104, 105, 106, 107, 108]",day,46.0,5,23335,5,1.37183526332409e-06,4.9437322064590174e-05,-0.11726102167572292,8.03129336523217,-0.0001317457964854496,-7.41224117427608e-05,-2.4663852247475138e-05,0.0,2.6385583964838588e-05,8.20534785764826e-05,0.0001315947383035132,0.4609385043925434,0.4235268909363617,0.11553460467109493
85,"[1, 2, 3, 4, 5, 6, 7, 8, 9, 10, 11, 12, 13, 14, 15, 16, 17, 18, 19, 20, 21, 22, 23, 24, 25, 26, 27, 28, 29, 30, 31, 32, 33, 34, 35, 36, 37, 38, 39, 40, 41, 42, 43, 44, 45, 46, 47, 48, 49, 50, 51, 52, 53, 54, 55, 56, 57, 58, 59, 60, 61, 62, 63, 64, 80, 81, 82, 83, 84, 85]","[65, 66, 67, 68, 69, 70, 71, 72, 73, 74, 75, 76, 77, 78, 79]","[86, 87, 88, 89, 90, 91, 92, 93, 94, 95, 96, 97, 98, 99, 100, 101, 102, 103, 104, 105, 106, 107, 108]",day,46.0,30,23310,30,7.908779736303295e-06,0.00011250343019237588,-0.14691611728209997,4.248368027568478,-0.0002969221744356854,-0.00016508883018329646,-4.940467368197421e-05,8.22957214463571e-06,6.596154162497037e-05,0.00018099249703840137,0.0003120235261042925,0.5169026169026169,0.43942513942513944,0.04367224367224367
85,"[1, 2, 3, 4, 5, 6, 7, 8, 9, 10, 11, 12, 13, 14, 15, 16, 17, 18, 19, 20, 21, 22, 23, 24, 25, 26, 27, 28, 29, 30, 31, 32, 33, 34, 35, 36, 37, 38, 39, 40, 41, 42, 43, 44, 45, 46, 47, 48, 49, 50, 51, 52, 53, 54, 55, 56, 57, 58, 59, 60, 61, 62, 63, 64, 80, 81, 82, 83, 84, 85]","[65, 66, 67, 68, 69, 70, 71, 72, 73, 74, 75, 76, 77, 78, 79]","[86, 87, 88, 89, 90, 91, 92, 93, 94, 95, 96, 97, 98, 99, 100, 101, 102, 103, 104, 105, 106, 107, 108]",day,46.0,60,23280,60,1.5871223174734668e-05,0.00015958270902595616,-0.11246602765776044,3.1162007699368486,-0.0004124201822785756,-0.00023301972458897313,-6.597564988497506e-05,1.645440484421279e-05,9.897458210150756e-05,0.0002633311389070858,0.00046226742170363266,0.5340635738831615,0.43603951890034365,0.029896907216494847
85,"[1, 2, 3, 4, 5, 6, 7, 8, 9, 10, 11, 12, 13, 14, 15, 16, 17, 18, 19, 20, 21, 22, 23, 24, 25, 26, 27, 28, 29, 30, 31, 32, 33, 34, 35, 36, 37, 38, 39, 40, 41, 42, 43, 44, 45, 46, 47, 48, 49, 50, 51, 52, 53, 54, 55, 56, 57, 58, 59, 60, 61, 62, 63, 64, 80, 81, 82, 83, 84, 85]","[65, 66, 67, 68, 69, 70, 71, 72, 73, 74, 75, 76, 77, 78, 79]","[86, 87, 88, 89, 90, 91, 92, 93, 94, 95, 96, 97, 98, 99, 100, 101, 102, 103, 104, 105, 106, 107, 108]",day,46.0,300,23040,300,7.577936051099961e-05,0.00033283786021824044,0.6294269046037868,1.4476833788608987,-0.000577502673986906,-0.0004442402437842996,-0.0001319968651015413,4.945109286902394e-05,0.0002635708078994048,0.0006435229301633427,0.001216089588646505,0.5705295138888888,0.41631944444444446,0.013151041666666667
85,"[1, 2, 3, 4, 5, 6, 7, 8, 9, 10, 11, 12, 13, 14, 15, 16, 17, 18, 19, 20, 21, 22, 23, 24, 25, 26, 27, 28, 29, 30, 31, 32, 33, 34, 35, 36, 37, 38, 39, 40, 41, 42, 43, 44, 45, 46, 47, 48, 49, 50, 51, 52, 53, 54, 55, 56, 57, 58, 59, 60, 61, 62, 63, 64, 80, 81, 82, 83, 84, 85]","[65, 66, 67, 68, 69, 70, 71, 72, 73, 74, 75, 76, 77, 78, 79]","[86, 87, 88, 89, 90, 91, 92, 93, 94, 95, 96, 97, 98, 99, 100, 101, 102, 103, 104, 105, 106, 107, 108]",day,47.0,1,23339,1,2.2913767907297546e-08,2.5208916894237903e-05,0.08263420454265288,15.463160477825246,-7.519253717306107e-05,-3.881806748129435e-05,-1.5348838413753452e-05,0.0,1.5374579499627394e-05,3.882985456693522e-05,6.227507974261745e-05,0.3684390933630404,0.3644115000642701,0.2671494065726895
85,"[1, 2, 3, 4, 5, 6, 7, 8, 9, 10, 11, 12, 13, 14, 15, 16, 17, 18, 19, 20, 21, 22, 23, 24, 25, 26, 27, 28, 29, 30, 31, 32, 33, 34, 35, 36, 37, 38, 39, 40, 41, 42, 43, 44, 45, 46, 47, 48, 49, 50, 51, 52, 53, 54, 55, 56, 57, 58, 59, 60, 61, 62, 63, 64, 80, 81, 82, 83, 84, 85]","[65, 66, 67, 68, 69, 70, 71, 72, 73, 74, 75, 76, 77, 78, 79]","[86, 87, 88, 89, 90, 91, 92, 93, 94, 95, 96, 97, 98, 99, 100, 101, 102, 103, 104, 105, 106, 107, 108]",day,47.0,5,23335,5,1.0459873856898009e-07,5.607238637236789e-05,0.05087446031105254,5.176445406643882,-0.0001552955631831332,-9.121872111811367e-05,-3.103758651712418e-05,0.0,3.105397180291902e-05,8.548748853467458e-05,0.0001477081958149462,0.461024212556246,0.45759588600814227,0.08137990143561175
85,"[1, 2, 3, 4, 5, 6, 7, 8, 9, 10, 11, 12, 13, 14, 15, 16, 17, 18, 19, 20, 21, 22, 23, 24, 25, 26, 27, 28, 29, 30, 31, 32, 33, 34, 35, 36, 37, 38, 39, 40, 41, 42, 43, 44, 45, 46, 47, 48, 49, 50, 51, 52, 53, 54, 55, 56, 57, 58, 59, 60, 61, 62, 63, 64, 80, 81, 82, 83, 84, 85]","[65, 66, 67, 68, 69, 70, 71, 72, 73, 74, 75, 76, 77, 78, 79]","[86, 87, 88, 89, 90, 91, 92, 93, 94, 95, 96, 97, 98, 99, 100, 101, 102, 103, 104, 105, 106, 107, 108]",day,47.0,30,23310,30,2.5328813147619685e-07,0.0001322978294963036,-0.10798923495648369,2.3516247944526514,-0.0003339964069850865,-0.00020963473477050298,-7.758914814565143e-05,0.0,7.763839529278949e-05,0.0002173627839334169,0.0003332246091194313,0.486014586014586,0.4824109824109824,0.03157443157443157
85,"[1, 2, 3, 4, 5, 6, 7, 8, 9, 10, 11, 12, 13, 14, 15, 16, 17, 18, 19, 20, 21, 22, 23, 24, 25, 26, 27, 28, 29, 30, 31, 32, 33, 34, 35, 36, 37, 38, 39, 40, 41, 42, 43, 44, 45, 46, 47, 48, 49, 50, 51, 52, 53, 54, 55, 56, 57, 58, 59, 60, 61, 62, 63, 64, 80, 81, 82, 83, 84, 85]","[65, 66, 67, 68, 69, 70, 71, 72, 73, 74, 75, 76, 77, 78, 79]","[86, 87, 88, 89, 90, 91, 92, 93, 94, 95, 96, 97, 98, 99, 100, 101, 102, 103, 104, 105, 106, 107, 108]",day,47.0,60,23280,60,5.528402075640886e-07,0.00018465109508632738,-0.28655221145153636,2.333039600575293,-0.00047920917489541307,-0.0003102655500288154,-0.00010112397869108114,0.0,0.00010873111642684119,0.00029509726976978396,0.0004500464711958152,0.4977233676975945,0.48217353951890035,0.020103092783505156
85,"[1, 2, 3, 4, 5, 6, 7, 8, 9, 10, 11, 12, 13, 14, 15, 16, 17, 18, 19, 20, 21, 22, 23, 24, 25, 26, 27, 28, 29, 30, 31, 32, 33, 34, 35, 36, 37, 38, 39, 40, 41, 42, 43, 44, 45, 46, 47, 48, 49, 50, 51, 52, 53, 54, 55, 56, 57, 58, 59, 60, 61, 62, 63, 64, 80, 81, 82, 83, 84, 85]","[65, 66, 67, 68, 69, 70, 71, 72, 73, 74, 75, 76, 77, 78, 79]","[86, 87, 88, 89, 90, 91, 92, 93, 94, 95, 96, 97, 98, 99, 100, 101, 102, 103, 104, 105, 106, 107, 108]",day,47.0,300,23040,300,-3.1793736667608147e-06,0.00042562018584310374,-0.11827162791373524,0.20121723325036767,-0.00102970122299354,-0.0007472471626898623,-0.00025700618411589327,1.550483769185984e-05,0.0002717132881658868,0.0006835269993163973,0.0010422662290185958,0.5090277777777777,0.4816840277777778,0.009288194444444444
85,"[1, 2, 3, 4, 5, 6, 7, 8, 9, 10, 11, 12, 13, 14, 15, 16, 17, 18, 19, 20, 21, 22, 23, 24, 25, 26, 27, 28, 29, 30, 31, 32, 33, 34, 35, 36, 37, 38, 39, 40, 41, 42, 43, 44, 45, 46, 47, 48, 49, 50, 51, 52, 53, 54, 55, 56, 57, 58, 59, 60, 61, 62, 63, 64, 80, 81, 82, 83, 84, 85]","[65, 66, 67, 68, 69, 70, 71, 72, 73, 74, 75, 76, 77, 78, 79]","[86, 87, 88, 89, 90, 91, 92, 93, 94, 95, 96, 97, 98, 99, 100, 101, 102, 103, 104, 105, 106, 107, 108]",day,48.0,1,23339,1,-7.344479063044659e-09,3.253208890657911e-05,-0.7321330082112174,15.119605916428446,-9.189760842734262e-05,-5.5081244835775145e-05,-9.191303189104438e-06,0.0,1.4699343311885826e-05,5.506607929506302e-05,9.186151108521833e-05,0.3282060071125584,0.3185654912378422,0.3532285016495994
85,"[1, 2, 3, 4, 5, 6, 7, 8, 9, 10, 11, 12, 13, 14, 15, 16, 17, 18, 19, 20, 21, 22, 23, 24, 25, 26, 27, 28, 29, 30, 31, 32, 33, 34, 35, 36, 37, 38, 39, 40, 41, 42, 43, 44, 45, 46, 47, 48, 49, 50, 51, 52, 53, 54, 55, 56, 57, 58, 59, 60, 61, 62, 63, 64, 80, 81, 82, 83, 84, 85]","[65, 66, 67, 68, 69, 70, 71, 72, 73, 74, 75, 76, 77, 78, 79]","[86, 87, 88, 89, 90, 91, 92, 93, 94, 95, 96, 97, 98, 99, 100, 101, 102, 103, 104, 105, 106, 107, 108]",day,48.0,5,23335,5,1.239386220906538e-07,7.341068322099968e-05,-0.494794530426014,6.418841718002371,-0.00020203994225573396,-0.00011846768186098977,-3.6733981691294826e-05,0.0,3.675794890622974e-05,0.00011027992721523994,0.00018386510220073316,0.4686093850439254,0.4538247268052282,0.07756588815084636
85,"[1, 2, 3, 4, 5, 6, 7, 8, 9, 10, 11, 12, 13, 14, 15, 16, 17, 18, 19, 20, 21, 22, 23, 24, 25, 26, 27, 28, 29, 30, 31, 32, 33, 34, 35, 36, 37, 38, 39, 40, 41, 42, 43, 44, 45, 46, 47, 48, 49, 50, 51, 52, 53, 54, 55, 56, 57, 58, 59, 60, 61, 62, 63, 64, 80, 81, 82, 83, 84, 85]","[65, 66, 67, 68, 69, 70, 71, 72, 73, 74, 75, 76, 77, 78, 79]","[86, 87, 88, 89, 90, 91, 92, 93, 94, 95, 96, 97, 98, 99, 100, 101, 102, 103, 104, 105, 106, 107, 108]",day,48.0,30,23310,30,8.652776910703203e-07,0.00017499373797762483,-0.16221275386575623,1.456284801617775,-0.000459330846822148,-0.0002756114209926941,-0.00010102471202375063,0.0,0.00011011396795690409,0.0002846598636256248,0.00043180062877413495,0.48434148434148433,0.4875589875589876,0.0280995280995281
85,"[1, 2, 3, 4, 5, 6, 7, 8, 9, 10, 11, 12, 13, 14, 15, 16, 17, 18, 19, 20, 21, 22, 23, 24, 25, 26, 27, 28, 29, 30, 31, 32, 33, 34, 35, 36, 37, 38, 39, 40, 41, 42, 43, 44, 45, 46, 47, 48, 49, 50, 51, 52, 53, 54, 55, 56, 57, 58, 59, 60, 61, 62, 63, 64, 80, 81, 82, 83, 84, 85]","[65, 66, 67, 68, 69, 70, 71, 72, 73, 74, 75, 76, 77, 78, 79]","[86, 87, 88, 89, 90, 91, 92, 93, 94, 95, 96, 97, 98, 99, 100, 101, 102, 103, 104, 105, 106, 107, 108]",day,48.0,60,23280,60,7.852216799168835e-07,0.00024179511817872313,-0.09660303744765884,1.0169618540849124,-0.0006062813790957222,-0.0003856466008006487,-0.00014703483619302182,0.0,0.00015612981735357856,0.0003859939343811014,0.0006073769217678859,0.48445017182130584,0.4975085910652921,0.01804123711340206
85,"[1, 2, 3, 4, 5, 6, 7, 8, 9, 10, 11, 12, 13, 14, 15, 16, 17, 18, 19, 20, 21, 22, 23, 24, 25, 26, 27, 28, 29, 30, 31, 32, 33, 34, 35, 36, 37, 38, 39, 40, 41, 42, 43, 44, 45, 46, 47, 48, 49, 50, 51, 52, 53, 54, 55, 56, 57, 58, 59, 60, 61, 62, 63, 64, 80, 81, 82, 83, 84, 85]","[65, 66, 67, 68, 69, 70, 71, 72, 73, 74, 75, 76, 77, 78, 79]","[86, 87, 88, 89, 90, 91, 92, 93, 94, 95, 96, 97, 98, 99, 100, 101, 102, 103, 104, 105, 106, 107, 108]",day,48.0,300,23040,300,1.0700118990455282e-06,0.0004915308663168408,0.07165156062554459,0.37934043534392137,-0.0011199772920912287,-0.0007900686539119405,-0.00031243682343629064,0.0,0.00029384217002426105,0.0008456527475284247,0.0012233538981314851,0.4950086805555556,0.4968315972222222,0.008159722222222223
85,"[1, 2, 3, 4, 5, 6, 7, 8, 9, 10, 11, 12, 13, 14, 15, 16, 17, 18, 19, 20, 21, 22, 23, 24, 25, 26, 27, 28, 29, 30, 31, 32, 33, 34, 35, 36, 37, 38, 39, 40, 41, 42, 43, 44, 45, 46, 47, 48, 49, 50, 51, 52, 53, 54, 55, 56, 57, 58, 59, 60, 61, 62, 63, 64, 80, 81, 82, 83, 84, 85]","[65, 66, 67, 68, 69, 70, 71, 72, 73, 74, 75, 76, 77, 78, 79]","[86, 87, 88, 89, 90, 91, 92, 93, 94, 95, 96, 97, 98, 99, 100, 101, 102, 103, 104, 105, 106, 107, 108]",day,49.0,1,23339,1,4.22006955535472e-07,4.921879589014188e-05,0.3715008920718958,10.666866504729889,-0.00013470734828580078,-6.746158905746036e-05,-1.6835725410502267e-05,0.0,1.684125433665251e-05,7.509161177403634e-05,0.00015017840935498394,0.41488495651056173,0.4132139337589443,0.17190110973049402
85,"[1, 2, 3, 4, 5, 6, 7, 8, 9, 10, 11, 12, 13, 14, 15, 16, 17, 18, 19, 20, 21, 22, 23, 24, 25, 26, 27, 28, 29, 30, 31, 32, 33, 34, 35, 36, 37, 38, 39, 40, 41, 42, 43, 44, 45, 46, 47, 48, 49, 50, 51, 52, 53, 54, 55, 56, 57, 58, 59, 60, 61, 62, 63, 64, 80, 81, 82, 83, 84, 85]","[65, 66, 67, 68, 69, 70, 71, 72, 73, 74, 75, 76, 77, 78, 79]","[86, 87, 88, 89, 90, 91, 92, 93, 94, 95, 96, 97, 98, 99, 100, 101, 102, 103, 104, 105, 106, 107, 108]",day,49.0,5,23335,5,2.109520219903202e-06,0.00011139902736629613,0.5840257506116766,8.742407629077876,-0.00029319750027949397,-0.000163759264810015,-5.033599275516831e-05,0.0,5.0455783914715724e-05,0.00016733601070950677,0.00033529031957327146,0.4782086993786158,0.47190914934647527,0.049882151274908935
85,"[1, 2, 3, 4, 5, 6, 7, 8, 9, 10, 11, 12, 13, 14, 15, 16, 17, 18, 19, 20, 21, 22, 23, 24, 25, 26, 27, 28, 29, 30, 31, 32, 33, 34, 35, 36, 37, 38, 39, 40, 41, 42, 43, 44, 45, 46, 47, 48, 49, 50, 51, 52, 53, 54, 55, 56, 57, 58, 59, 60, 61, 62, 63, 64, 80, 81, 82, 83, 84, 85]","[65, 66, 67, 68, 69, 70, 71, 72, 73, 74, 75, 76, 77, 78, 79]","[86, 87, 88, 89, 90, 91, 92, 93, 94, 95, 96, 97, 98, 99, 100, 101, 102, 103, 104, 105, 106, 107, 108]",day,49.0,30,23310,30,1.3050883281736076e-05,0.00025923920637177425,0.19582950845394176,4.4925659052676865,-0.0006562452674618857,-0.000368784723936616,-0.00011786396816806932,0.0,0.00013419528885827425,0.0004271638185754376,0.000806264683986626,0.4998283998283998,0.4782925782925783,0.021879021879021878
85,"[1, 2, 3, 4, 5, 6, 7, 8, 9, 10, 11, 12, 13, 14, 15, 16, 17, 18, 19, 20, 21, 22, 23, 24, 25, 26, 27, 28, 29, 30, 31, 32, 33, 34, 35, 36, 37, 38, 39, 40, 41, 42, 43, 44, 45, 46, 47, 48, 49, 50, 51, 52, 53, 54, 55, 56, 57, 58, 59, 60, 61, 62, 63, 64, 80, 81, 82, 83, 84, 85]","[65, 66, 67, 68, 69, 70, 71, 72, 73, 74, 75, 76, 77, 78, 79]","[86, 87, 88, 89, 90, 91, 92, 93, 94, 95, 96, 97, 98, 99, 100, 101, 102, 103, 104, 105, 106, 107, 108]",day,49.0,60,23280,60,2.6405849707757323e-05,0.0003516105390043011,0.36283821632096974,3.0400048758982887,-0.0008916380508020417,-0.0004922748344951322,-0.000167653025299086,8.619979118051901e-06,0.00020081278389111334,0.0006181042476987363,0.0011022359676665914,0.5075171821305842,0.4782216494845361,0.014261168384879725
85,"[1, 2, 3, 4, 5, 6, 7, 8, 9, 10, 11, 12, 13, 14, 15, 16, 17, 18, 19, 20, 21, 22, 23, 24, 25, 26, 27, 28, 29, 30, 31, 32, 33, 34, 35, 36, 37, 38, 39, 40, 41, 42, 43, 44, 45, 46, 47, 48, 49, 50, 51, 52, 53, 54, 55, 56, 57, 58, 59, 60, 61, 62, 63, 64, 80, 81, 82, 83, 84, 85]","[65, 66, 67, 68, 69, 70, 71, 72, 73, 74, 75, 76, 77, 78, 79]","[86, 87, 88, 89, 90, 91, 92, 93, 94, 95, 96, 97, 98, 99, 100, 101, 102, 103, 104, 105, 106, 107, 108]",day,49.0,300,23040,300,0.00013477330167968683,0.0008273920086720026,0.723752693414212,1.9017520196610853,-0.0016588833460880656,-0.0010229726715965393,-0.0003849243539965075,3.355690624984309e-05,0.0005512483516356137,0.001607282334535642,0.0027141994927064334,0.5207465277777777,0.47378472222222223,0.00546875
85,"[1, 2, 3, 4, 5, 6, 7, 8, 9, 10, 11, 12, 13, 14, 15, 16, 17, 18, 19, 20, 21, 22, 23, 24, 25, 26, 27, 28, 29, 30, 31, 32, 33, 34, 35, 36, 37, 38, 39, 40, 41, 42, 43, 44, 45, 46, 47, 48, 49, 50, 51, 52, 53, 54, 55, 56, 57, 58, 59, 60, 61, 62, 63, 64, 80, 81, 82, 83, 84, 85]","[65, 66, 67, 68, 69, 70, 71, 72, 73, 74, 75, 76, 77, 78, 79]","[86, 87, 88, 89, 90, 91, 92, 93, 94, 95, 96, 97, 98, 99, 100, 101, 102, 103, 104, 105, 106, 107, 108]",day,50.0,1,23339,1,-8.299143594648558e-08,3.202310209623395e-05,0.008808217949248945,3.862300811813425,-8.945115909131163e-05,-4.6370139405349486e-05,-2.011018157643818e-05,0.0,1.8364819450056302e-05,4.49272456900518e-05,8.94759305694759e-05,0.36406872616650243,0.3693388748446806,0.266592398988817
85,"[1, 2, 3, 4, 5, 6, 7, 8, 9, 10, 11, 12, 13, 14, 15, 16, 17, 18, 19, 20, 21, 22, 23, 24, 25, 26, 27, 28, 29, 30, 31, 32, 33, 34, 35, 36, 37, 38, 39, 40, 41, 42, 43, 44, 45, 46, 47, 48, 49, 50, 51, 52, 53, 54, 55, 56, 57, 58, 59, 60, 61, 62, 63, 64, 80, 81, 82, 83, 84, 85]","[65, 66, 67, 68, 69, 70, 71, 72, 73, 74, 75, 76, 77, 78, 79]","[86, 87, 88, 89, 90, 91, 92, 93, 94, 95, 96, 97, 98, 99, 100, 101, 102, 103, 104, 105, 106, 107, 108]",day,50.0,5,23335,5,-4.290264979906623e-07,7.041407170110672e-05,-0.07109604338394473,2.3539048515368783,-0.00019037858117522787,-0.00011199484206850797,-4.460601735167824e-05,0.0,4.451951364670137e-05,0.00011179429849095257,0.00017941644800290035,0.45888150846368114,0.454081851296336,0.08703664023998285
85,"[1, 2, 3, 4, 5, 6, 7, 8, 9, 10, 11, 12, 13, 14, 15, 16, 17, 18, 19, 20, 21, 22, 23, 24, 25, 26, 27, 28, 29, 30, 31, 32, 33, 34, 35, 36, 37, 38, 39, 40, 41, 42, 43, 44, 45, 46, 47, 48, 49, 50, 51, 52, 53, 54, 55, 56, 57, 58, 59, 60, 61, 62, 63, 64, 80, 81, 82, 83, 84, 85]","[65, 66, 67, 68, 69, 70, 71, 72, 73, 74, 75, 76, 77, 78, 79]","[86, 87, 88, 89, 90, 91, 92, 93, 94, 95, 96, 97, 98, 99, 100, 101, 102, 103, 104, 105, 106, 107, 108]",day,50.0,30,23310,30,-2.6479789636604476e-06,0.00016182449846372424,-0.0526401389108648,2.1556519338872775,-0.0004467821576247788,-0.0002683543171498881,-8.95736295237759e-05,0.0,8.952150754226729e-05,0.00024615109201575613,0.000403684427780977,0.48228228228228226,0.48022308022308025,0.037494637494637495
85,"[1, 2, 3, 4, 5, 6, 7, 8, 9, 10, 11, 12, 13, 14, 15, 16, 17, 18, 19, 20, 21, 22, 23, 24, 25, 26, 27, 28, 29, 30, 31, 32, 33, 34, 35, 36, 37, 38, 39, 40, 41, 42, 43, 44, 45, 46, 47, 48, 49, 50, 51, 52, 53, 54, 55, 56, 57, 58, 59, 60, 61, 62, 63, 64, 80, 81, 82, 83, 84, 85]","[65, 66, 67, 68, 69, 70, 71, 72, 73, 74, 75, 76, 77, 78, 79]","[86, 87, 88, 89, 90, 91, 92, 93, 94, 95, 96, 97, 98, 99, 100, 101, 102, 103, 104, 105, 106, 107, 108]",day,50.0,60,23280,60,-5.588427524883921e-06,0.00022173070897239152,-0.047973876307236415,1.7565516540880255,-0.0005998292057781229,-0.00037979088044103325,-0.00013412453936495483,0.0,0.0001265716747237411,0.00033533828367964257,0.0005109200983196128,0.4854810996563574,0.49115120274914087,0.02336769759450172
85,"[1, 2, 3, 4, 5, 6, 7, 8, 9, 10, 11, 12, 13, 14, 15, 16, 17, 18, 19, 20, 21, 22, 23, 24, 25, 26, 27, 28, 29, 30, 31, 32, 33, 34, 35, 36, 37, 38, 39, 40, 41, 42, 43, 44, 45, 46, 47, 48, 49, 50, 51, 52, 53, 54, 55, 56, 57, 58, 59, 60, 61, 62, 63, 64, 80, 81, 82, 83, 84, 85]","[65, 66, 67, 68, 69, 70, 71, 72, 73, 74, 75, 76, 77, 78, 79]","[86, 87, 88, 89, 90, 91, 92, 93, 94, 95, 96, 97, 98, 99, 100, 101, 102, 103, 104, 105, 106, 107, 108]",day,50.0,300,23040,300,-3.7053280504253145e-05,0.0004903298600031826,-0.00969035245282228,0.7308018333501751,-0.0012778737888431556,-0.0008950748506342254,-0.0003359401671277906,-2.2589767063263544e-05,0.00027934365417620066,0.0007389828308205671,0.001187557762583891,0.4703125,0.5190104166666667,0.010677083333333334
85,"[1, 2, 3, 4, 5, 6, 7, 8, 9, 10, 11, 12, 13, 14, 15, 16, 17, 18, 19, 20, 21, 22, 23, 24, 25, 26, 27, 28, 29, 30, 31, 32, 33, 34, 35, 36, 37, 38, 39, 40, 41, 42, 43, 44, 45, 46, 47, 48, 49, 50, 51, 52, 53, 54, 55, 56, 57, 58, 59, 60, 61, 62, 63, 64, 80, 81, 82, 83, 84, 85]","[65, 66, 67, 68, 69, 70, 71, 72, 73, 74, 75, 76, 77, 78, 79]","[86, 87, 88, 89, 90, 91, 92, 93, 94, 95, 96, 97, 98, 99, 100, 101, 102, 103, 104, 105, 106, 107, 108]",day,51.0,1,23339,1,1.1894697372429967e-07,8.380643868245849e-05,-0.1808276652330141,34.98097110484546,-0.0002327760306689064,-0.00012496028049636677,-3.559163287203404e-05,0.0,3.560492772236579e-05,0.00012495135823564762,0.0002330088296915277,0.3840353057114701,0.3824499764342945,0.2335147178542354
85,"[1, 2, 3, 4, 5, 6, 7, 8, 9, 10, 11, 12, 13, 14, 15, 16, 17, 18, 19, 20, 21, 22, 23, 24, 25, 26, 27, 28, 29, 30, 31, 32, 33, 34, 35, 36, 37, 38, 39, 40, 41, 42, 43, 44, 45, 46, 47, 48, 49, 50, 51, 52, 53, 54, 55, 56, 57, 58, 59, 60, 61, 62, 63, 64, 80, 81, 82, 83, 84, 85]","[65, 66, 67, 68, 69, 70, 71, 72, 73, 74, 75, 76, 77, 78, 79]","[86, 87, 88, 89, 90, 91, 92, 93, 94, 95, 96, 97, 98, 99, 100, 101, 102, 103, 104, 105, 106, 107, 108]",day,51.0,5,23335,5,5.919556672685443e-07,0.0001844193816741071,0.0242049089991333,10.020585632762096,-0.0005188881334778461,-0.0002815187764002802,-8.045375920362474e-05,0.0,8.049693441014583e-05,0.00028519353356486475,0.0005181924947004068,0.482579815727448,0.47692307692307695,0.04049710734947504
85,"[1, 2, 3, 4, 5, 6, 7, 8, 9, 10, 11, 12, 13, 14, 15, 16, 17, 18, 19, 20, 21, 22, 23, 24, 25, 26, 27, 28, 29, 30, 31, 32, 33, 34, 35, 36, 37, 38, 39, 40, 41, 42, 43, 44, 45, 46, 47, 48, 49, 50, 51, 52, 53, 54, 55, 56, 57, 58, 59, 60, 61, 62, 63, 64, 80, 81, 82, 83, 84, 85]","[65, 66, 67, 68, 69, 70, 71, 72, 73, 74, 75, 76, 77, 78, 79]","[86, 87, 88, 89, 90, 91, 92, 93, 94, 95, 96, 97, 98, 99, 100, 101, 102, 103, 104, 105, 106, 107, 108]",day,51.0,30,23310,30,3.886127244883967e-06,0.0004526659956785786,0.625480702430382,8.21844456280208,-0.0012666893021787196,-0.0007171222399968813,-0.0002053388090349495,1.7813247499276486e-07,0.00021250321866989053,0.0006792597869291761,0.0012551573552090933,0.5006435006435006,0.4848133848133848,0.014543114543114542
85,"[1, 2, 3, 4, 5, 6, 7, 8, 9, 10, 11, 12, 13, 14, 15, 16, 17, 18, 19, 20, 21, 22, 23, 24, 25, 26, 27, 28, 29, 30, 31, 32, 33, 34, 35, 36, 37, 38, 39, 40, 41, 42, 43, 44, 45, 46, 47, 48, 49, 50, 51, 52, 53, 54, 55, 56, 57, 58, 59, 60, 61, 62, 63, 64, 80, 81, 82, 83, 84, 85]","[65, 66, 67, 68, 69, 70, 71, 72, 73, 74, 75, 76, 77, 78, 79]","[86, 87, 88, 89, 90, 91, 92, 93, 94, 95, 96, 97, 98, 99, 100, 101, 102, 103, 104, 105, 106, 107, 108]",day,51.0,60,23280,60,6.380074633321928e-06,0.0006694959426208131,1.0911624964595892,12.204897356830273,-0.001961827825939445,-0.0009904912839166446,-0.00026831111582714673,0.0,0.0002852049910873067,0.0009659755740359709,0.0018242993541899917,0.4892182130584192,0.4986254295532646,0.012156357388316151
85,"[1, 2, 3, 4, 5, 6, 7, 8, 9, 10, 11, 12, 13, 14, 15, 16, 17, 18, 19, 20, 21, 22, 23, 24, 25, 26, 27, 28, 29, 30, 31, 32, 33, 34, 35, 36, 37, 38, 39, 40, 41, 42, 43, 44, 45, 46, 47, 48, 49, 50, 51, 52, 53, 54, 55, 56, 57, 58, 59, 60, 61, 62, 63, 64, 80, 81, 82, 83, 84, 85]","[65, 66, 67, 68, 69, 70, 71, 72, 73, 74, 75, 76, 77, 78, 79]","[86, 87, 88, 89, 90, 91, 92, 93, 94, 95, 96, 97, 98, 99, 100, 101, 102, 103, 104, 105, 106, 107, 108]",day,51.0,300,23040,300,2.6410107565608835e-05,0.001556650228478071,0.443317523408285,5.571641831320919,-0.00468233975936078,-0.002527542191671683,-0.0005720772663230234,0.00010715114054249408,0.0006422120656529584,0.0019864029822307615,0.005923309591615734,0.5515190972222223,0.44427083333333334,0.004210069444444444
85,"[1, 2, 3, 4, 5, 6, 7, 8, 9, 10, 11, 12, 13, 14, 15, 16, 17, 18, 19, 20, 21, 22, 23, 24, 25, 26, 27, 28, 29, 30, 31, 32, 33, 34, 35, 36, 37, 38, 39, 40, 41, 42, 43, 44, 45, 46, 47, 48, 49, 50, 51, 52, 53, 54, 55, 56, 57, 58, 59, 60, 61, 62, 63, 64, 80, 81, 82, 83, 84, 85]","[65, 66, 67, 68, 69, 70, 71, 72, 73, 74, 75, 76, 77, 78, 79]","[86, 87, 88, 89, 90, 91, 92, 93, 94, 95, 96, 97, 98, 99, 100, 101, 102, 103, 104, 105, 106, 107, 108]",day,52.0,1,23339,1,6.71300968563265e-08,2.782185297608558e-05,-0.1804879682403957,23.478890428680717,-7.987646630206903e-05,-4.622058157494058e-05,-7.735926415564087e-06,0.0,8.964422217649926e-06,4.622724079239582e-05,7.739607411711535e-05,0.35455675050344915,0.3421740434465915,0.3032692060499593
85,"[1, 2, 3, 4, 5, 6, 7, 8, 9, 10, 11, 12, 13, 14, 15, 16, 17, 18, 19, 20, 21, 22, 23, 24, 25, 26, 27, 28, 29, 30, 31, 32, 33, 34, 35, 36, 37, 38, 39, 40, 41, 42, 43, 44, 45, 46, 47, 48, 49, 50, 51, 52, 53, 54, 55, 56, 57, 58, 59, 60, 61, 62, 63, 64, 80, 81, 82, 83, 84, 85]","[65, 66, 67, 68, 69, 70, 71, 72, 73, 74, 75, 76, 77, 78, 79]","[86, 87, 88, 89, 90, 91, 92, 93, 94, 95, 96, 97, 98, 99, 100, 101, 102, 103, 104, 105, 106, 107, 108]",day,52.0,5,23335,5,3.299658292013819e-07,6.023687902956732e-05,-0.15190976954983282,6.184073174506667,-0.0001853987464788176,-9.278862291952627e-05,-2.374280127726003e-05,0.0,3.082008390820068e-05,9.276007606318082e-05,0.00016716769859853814,0.46676665952431967,0.44859652881937007,0.08463681165631026
85,"[1, 2, 3, 4, 5, 6, 7, 8, 9, 10, 11, 12, 13, 14, 15, 16, 17, 18, 19, 20, 21, 22, 23, 24, 25, 26, 27, 28, 29, 30, 31, 32, 33, 34, 35, 36, 37, 38, 39, 40, 41, 42, 43, 44, 45, 46, 47, 48, 49, 50, 51, 52, 53, 54, 55, 56, 57, 58, 59, 60, 61, 62, 63, 64, 80, 81, 82, 83, 84, 85]","[65, 66, 67, 68, 69, 70, 71, 72, 73, 74, 75, 76, 77, 78, 79]","[86, 87, 88, 89, 90, 91, 92, 93, 94, 95, 96, 97, 98, 99, 100, 101, 102, 103, 104, 105, 106, 107, 108]",day,52.0,30,23310,30,2.072427974508104e-06,0.0001417154092273244,-0.2949980770558342,4.261769044891369,-0.00042395672207890645,-0.00023207958782700544,-6.168555786911778e-05,7.703151361004856e-06,6.961714438497024e-05,0.000208847154372338,0.00041777325014065393,0.5095667095667096,0.45834405834405834,0.03208923208923209
85,"[1, 2, 3, 4, 5, 6, 7, 8, 9, 10, 11, 12, 13, 14, 15, 16, 17, 18, 19, 20, 21, 22, 23, 24, 25, 26, 27, 28, 29, 30, 31, 32, 33, 34, 35, 36, 37, 38, 39, 40, 41, 42, 43, 44, 45, 46, 47, 48, 49, 50, 51, 52, 53, 54, 55, 56, 57, 58, 59, 60, 61, 62, 63, 64, 80, 81, 82, 83, 84, 85]","[65, 66, 67, 68, 69, 70, 71, 72, 73, 74, 75, 76, 77, 78, 79]","[86, 87, 88, 89, 90, 91, 92, 93, 94, 95, 96, 97, 98, 99, 100, 101, 102, 103, 104, 105, 106, 107, 108]",day,52.0,60,23280,60,4.204542425093426e-06,0.00019228241433136983,-0.39650032835506643,3.5097303781307385,-0.0005728431197778517,-0.0003241043338189531,-7.728124577718876e-05,7.884577213346233e-06,0.00010017260510419845,0.0002941085415313349,0.0005419151933317011,0.5229810996563574,0.4518041237113402,0.025214776632302406
85,"[1, 2, 3, 4, 5, 6, 7, 8, 9, 10, 11, 12, 13, 14, 15, 16, 17, 18, 19, 20, 21, 22, 23, 24, 25, 26, 27, 28, 29, 30, 31, 32, 33, 34, 35, 36, 37, 38, 39, 40, 41, 42, 43, 44, 45, 46, 47, 48, 49, 50, 51, 52, 53, 54, 55, 56, 57, 58, 59, 60, 61, 62, 63, 64, 80, 81, 82, 83, 84, 85]","[65, 66, 67, 68, 69, 70, 71, 72, 73, 74, 75, 76, 77, 78, 79]","[86, 87, 88, 89, 90, 91, 92, 93, 94, 95, 96, 97, 98, 99, 100, 101, 102, 103, 104, 105, 106, 107, 108]",day,52.0,300,23040,300,2.80770811595437e-05,0.0004008231329000455,-0.7261441306553105,2.0158953855256065,-0.0012210258168170018,-0.0007574522097128888,-0.00013120709328254265,6.931967659773441e-05,0.00023920445231323528,0.000619157187764352,0.0010032584038790798,0.59296875,0.39674479166666665,0.010286458333333333
85,"[1, 2, 3, 4, 5, 6, 7, 8, 9, 10, 11, 12, 13, 14, 15, 16, 17, 18, 19, 20, 21, 22, 23, 24, 25, 26, 27, 28, 29, 30, 31, 32, 33, 34, 35, 36, 37, 38, 39, 40, 41, 42, 43, 44, 45, 46, 47, 48, 49, 50, 51, 52, 53, 54, 55, 56, 57, 58, 59, 60, 61, 62, 63, 64, 80, 81, 82, 83, 84, 85]","[65, 66, 67, 68, 69, 70, 71, 72, 73, 74, 75, 76, 77, 78, 79]","[86, 87, 88, 89, 90, 91, 92, 93, 94, 95, 96, 97, 98, 99, 100, 101, 102, 103, 104, 105, 106, 107, 108]",day,53.0,1,23339,1,3.106374160478519e-07,3.642989106061632e-05,-0.01364664987037255,3.905666235455303,-0.00010074096115139541,-5.8229462290382266e-05,-2.2140468977971395e-05,0.0,2.2192328582804066e-05,6.516710430415343e-05,0.00010071969827336602,0.37109559107073997,0.36591113586700375,0.2629932730622563
85,"[1, 2, 3, 4, 5, 6, 7, 8, 9, 10, 11, 12, 13, 14, 15, 16, 17, 18, 19, 20, 21, 22, 23, 24, 25, 26, 27, 28, 29, 30, 31, 32, 33, 34, 35, 36, 37, 38, 39, 40, 41, 42, 43, 44, 45, 46, 47, 48, 49, 50, 51, 52, 53, 54, 55, 56, 57, 58, 59, 60, 61, 62, 63, 64, 80, 81, 82, 83, 84, 85]","[65, 66, 67, 68, 69, 70, 71, 72, 73, 74, 75, 76, 77, 78, 79]","[86, 87, 88, 89, 90, 91, 92, 93, 94, 95, 96, 97, 98, 99, 100, 101, 102, 103, 104, 105, 106, 107, 108]",day,53.0,5,23335,5,1.528487637745519e-06,8.066661968156336e-05,0.050284138448105906,2.020806038144743,-0.00020210682901836252,-0.00013232289262238295,-4.475975203077631e-05,0.0,4.477378047407221e-05,0.0001341900623452519,0.000204530384815631,0.47872294836083135,0.45069637883008357,0.07058067280908506
85,"[1, 2, 3, 4, 5, 6, 7, 8, 9, 10, 11, 12, 13, 14, 15, 16, 17, 18, 19, 20, 21, 22, 23, 24, 25, 26, 27, 28, 29, 30, 31, 32, 33, 34, 35, 36, 37, 38, 39, 40, 41, 42, 43, 44, 45, 46, 47, 48, 49, 50, 51, 52, 53, 54, 55, 56, 57, 58, 59, 60, 61, 62, 63, 64, 80, 81, 82, 83, 84, 85]","[65, 66, 67, 68, 69, 70, 71, 72, 73, 74, 75, 76, 77, 78, 79]","[86, 87, 88, 89, 90, 91, 92, 93, 94, 95, 96, 97, 98, 99, 100, 101, 102, 103, 104, 105, 106, 107, 108]",day,53.0,30,23310,30,9.195674912410438e-06,0.00018462229883675727,0.05036042650799351,1.3212458449108722,-0.0004471093697208084,-0.0002904703385099294,-0.00010756475854067915,4.588957330131649e-06,0.00011359030014335136,0.00031322398091412353,0.0004948785737841454,0.5051051051051051,0.4661089661089661,0.028785928785928786
85,"[1, 2, 3, 4, 5, 6, 7, 8, 9, 10, 11, 12, 13, 14, 15, 16, 17, 18, 19, 20, 21, 22, 23, 24, 25, 26, 27, 28, 29, 30, 31, 32, 33, 34, 35, 36, 37, 38, 39, 40, 41, 42, 43, 44, 45, 46, 47, 48, 49, 50, 51, 52, 53, 54, 55, 56, 57, 58, 59, 60, 61, 62, 63, 64, 80, 81, 82, 83, 84, 85]","[65, 66, 67, 68, 69, 70, 71, 72, 73, 74, 75, 76, 77, 78, 79]","[86, 87, 88, 89, 90, 91, 92, 93, 94, 95, 96, 97, 98, 99, 100, 101, 102, 103, 104, 105, 106, 107, 108]",day,53.0,60,23280,60,1.849203688307597e-05,0.00025417230917142684,-0.028884224832186427,1.3337850000696498,-0.0006266453641768965,-0.0003804928053647794,-0.00013420116755002987,1.1190313664366514e-05,0.00016785141792857727,0.0004479319289290684,0.0006522338561941043,0.5129725085910652,0.46554982817869417,0.02147766323024055
85,"[1, 2, 3, 4, 5, 6, 7, 8, 9, 10, 11, 12, 13, 14, 15, 16, 17, 18, 19, 20, 21, 22, 23, 24, 25, 26, 27, 28, 29, 30, 31, 32, 33, 34, 35, 36, 37, 38, 39, 40, 41, 42, 43, 44, 45, 46, 47, 48, 49, 50, 51, 52, 53, 54, 55, 56, 57, 58, 59, 60, 61, 62, 63, 64, 80, 81, 82, 83, 84, 85]","[65, 66, 67, 68, 69, 70, 71, 72, 73, 74, 75, 76, 77, 78, 79]","[86, 87, 88, 89, 90, 91, 92, 93, 94, 95, 96, 97, 98, 99, 100, 101, 102, 103, 104, 105, 106, 107, 108]",day,53.0,300,23040,300,8.615417356500672e-05,0.0004985695099604947,0.21588294152351117,0.3584157377165256,-0.0009903398665325736,-0.000692752910679606,-0.00025744131318061747,8.957663842401598e-05,0.0003914769867459089,0.0010063838448507777,0.001381493324741152,0.57265625,0.419140625,0.008203125
85,"[1, 2, 3, 4, 5, 6, 7, 8, 9, 10, 11, 12, 13, 14, 15, 16, 17, 18, 19, 20, 21, 22, 23, 24, 25, 26, 27, 28, 29, 30, 31, 32, 33, 34, 35, 36, 37, 38, 39, 40, 41, 42, 43, 44, 45, 46, 47, 48, 49, 50, 51, 52, 53, 54, 55, 56, 57, 58, 59, 60, 61, 62, 63, 64, 80, 81, 82, 83, 84, 85]","[65, 66, 67, 68, 69, 70, 71, 72, 73, 74, 75, 76, 77, 78, 79]","[86, 87, 88, 89, 90, 91, 92, 93, 94, 95, 96, 97, 98, 99, 100, 101, 102, 103, 104, 105, 106, 107, 108]",day,54.0,1,23339,1,6.632081541456036e-08,5.1178282559951386e-05,-0.3315377706102559,6.934333825687119,-0.00015253607859464947,-8.415964074180993e-05,-1.6890180049466963e-05,0.0,1.6926631516755997e-05,8.408038757912184e-05,0.00014350717301478476,0.3652255880714684,0.34825828013196797,0.2865161317965637
85,"[1, 2, 3, 4, 5, 6, 7, 8, 9, 10, 11, 12, 13, 14, 15, 16, 17, 18, 19, 20, 21, 22, 23, 24, 25, 26, 27, 28, 29, 30, 31, 32, 33, 34, 35, 36, 37, 38, 39, 40, 41, 42, 43, 44, 45, 46, 47, 48, 49, 50, 51, 52, 53, 54, 55, 56, 57, 58, 59, 60, 61, 62, 63, 64, 80, 81, 82, 83, 84, 85]","[65, 66, 67, 68, 69, 70, 71, 72, 73, 74, 75, 76, 77, 78, 79]","[86, 87, 88, 89, 90, 91, 92, 93, 94, 95, 96, 97, 98, 99, 100, 101, 102, 103, 104, 105, 106, 107, 108]",day,54.0,5,23335,5,3.368519854041416e-07,0.00011566553291764537,-0.16715569173320025,4.506902168632536,-0.00034012149508977574,-0.00018622662290742608,-5.069708491756142e-05,0.0,5.0932921342727866e-05,0.00017755997165072034,0.00032213927658769403,0.488065138204414,0.4535676023141204,0.05836725948146561
85,"[1, 2, 3, 4, 5, 6, 7, 8, 9, 10, 11, 12, 13, 14, 15, 16, 17, 18, 19, 20, 21, 22, 23, 24, 25, 26, 27, 28, 29, 30, 31, 32, 33, 34, 35, 36, 37, 38, 39, 40, 41, 42, 43, 44, 45, 46, 47, 48, 49, 50, 51, 52, 53, 54, 55, 56, 57, 58, 59, 60, 61, 62, 63, 64, 80, 81, 82, 83, 84, 85]","[65, 66, 67, 68, 69, 70, 71, 72, 73, 74, 75, 76, 77, 78, 79]","[86, 87, 88, 89, 90, 91, 92, 93, 94, 95, 96, 97, 98, 99, 100, 101, 102, 103, 104, 105, 106, 107, 108]",day,54.0,30,23310,30,1.5245595895024583e-06,0.0002829586169921376,-0.20958411461685744,3.908666236120947,-0.0008297018359508901,-0.0004560159909930028,-0.00013458836991098178,5.047574783700881e-07,0.00013507404521140298,0.00043945360874627634,0.0007968404995753574,0.5018876018876018,0.4749034749034749,0.023208923208923208
85,"[1, 2, 3, 4, 5, 6, 7, 8, 9, 10, 11, 12, 13, 14, 15, 16, 17, 18, 19, 20, 21, 22, 23, 24, 25, 26, 27, 28, 29, 30, 31, 32, 33, 34, 35, 36, 37, 38, 39, 40, 41, 42, 43, 44, 45, 46, 47, 48, 49, 50, 51, 52, 53, 54, 55, 56, 57, 58, 59, 60, 61, 62, 63, 64, 80, 81, 82, 83, 84, 85]","[65, 66, 67, 68, 69, 70, 71, 72, 73, 74, 75, 76, 77, 78, 79]","[86, 87, 88, 89, 90, 91, 92, 93, 94, 95, 96, 97, 98, 99, 100, 101, 102, 103, 104, 105, 106, 107, 108]",day,54.0,60,23280,60,2.274533256640734e-06,0.00040799622923585853,-0.31696494989962204,3.3167567554223503,-0.0013030040773053854,-0.0006593183662428892,-0.0001849508830184532,1.6073006057770733e-05,0.00020193861066242214,0.000625602353617527,0.0011847796178445513,0.5077319587628866,0.47697594501718216,0.015292096219931271
85,"[1, 2, 3, 4, 5, 6, 7, 8, 9, 10, 11, 12, 13, 14, 15, 16, 17, 18, 19, 20, 21, 22, 23, 24, 25, 26, 27, 28, 29, 30, 31, 32, 33, 34, 35, 36, 37, 38, 39, 40, 41, 42, 43, 44, 45, 46, 47, 48, 49, 50, 51, 52, 53, 54, 55, 56, 57, 58, 59, 60, 61, 62, 63, 64, 80, 81, 82, 83, 84, 85]","[65, 66, 67, 68, 69, 70, 71, 72, 73, 74, 75, 76, 77, 78, 79]","[86, 87, 88, 89, 90, 91, 92, 93, 94, 95, 96, 97, 98, 99, 100, 101, 102, 103, 104, 105, 106, 107, 108]",day,54.0,300,23040,300,3.1013930647272e-05,0.0010861457733669694,-1.0805089726269042,5.4717187682604695,-0.004294335846936322,-0.0017217543665127288,-0.00039748413932177984,0.00010094212654276902,0.0005307794090362861,0.0016695059373927216,0.002728431450536744,0.5530381944444445,0.4393229166666667,0.007638888888888889
85,"[1, 2, 3, 4, 5, 6, 7, 8, 9, 10, 11, 12, 13, 14, 15, 16, 17, 18, 19, 20, 21, 22, 23, 24, 25, 26, 27, 28, 29, 30, 31, 32, 33, 34, 35, 36, 37, 38, 39, 40, 41, 42, 43, 44, 45, 46, 47, 48, 49, 50, 51, 52, 53, 54, 55, 56, 57, 58, 59, 60, 61, 62, 63, 64, 80, 81, 82, 83, 84, 85]","[65, 66, 67, 68, 69, 70, 71, 72, 73, 74, 75, 76, 77, 78, 79]","[86, 87, 88, 89, 90, 91, 92, 93, 94, 95, 96, 97, 98, 99, 100, 101, 102, 103, 104, 105, 106, 107, 108]",day,55.0,1,23339,1,3.438056479141775e-07,4.6612226129069524e-05,0.3163807239817998,14.837575169423355,-0.00013460292579279277,-7.71534988379008e-05,-1.9314154379834747e-05,0.0,1.9372242482829094e-05,7.702424532989304e-05,0.00012476849841451692,0.41779853464158706,0.3986031963665967,0.18359826899181628
85,"[1, 2, 3, 4, 5, 6, 7, 8, 9, 10, 11, 12, 13, 14, 15, 16, 17, 18, 19, 20, 21, 22, 23, 24, 25, 26, 27, 28, 29, 30, 31, 32, 33, 34, 35, 36, 37, 38, 39, 40, 41, 42, 43, 44, 45, 46, 47, 48, 49, 50, 51, 52, 53, 54, 55, 56, 57, 58, 59, 60, 61, 62, 63, 64, 80, 81, 82, 83, 84, 85]","[65, 66, 67, 68, 69, 70, 71, 72, 73, 74, 75, 76, 77, 78, 79]","[86, 87, 88, 89, 90, 91, 92, 93, 94, 95, 96, 97, 98, 99, 100, 101, 102, 103, 104, 105, 106, 107, 108]",day,55.0,5,23335,5,1.7638073109391251e-06,0.00010256538082058004,0.08112290435673335,3.056100029236366,-0.0002713313998916611,-0.00016376418911522305,-5.780458197657268e-05,0.0,5.792735909171398e-05,0.00016413512387360995,0.0002704633541581813,0.4820227126633812,0.46145275337475894,0.056524533961859864
85,"[1, 2, 3, 4, 5, 6, 7, 8, 9, 10, 11, 12, 13, 14, 15, 16, 17, 18, 19, 20, 21, 22, 23, 24, 25, 26, 27, 28, 29, 30, 31, 32, 33, 34, 35, 36, 37, 38, 39, 40, 41, 42, 43, 44, 45, 46, 47, 48, 49, 50, 51, 52, 53, 54, 55, 56, 57, 58, 59, 60, 61, 62, 63, 64, 80, 81, 82, 83, 84, 85]","[65, 66, 67, 68, 69, 70, 71, 72, 73, 74, 75, 76, 77, 78, 79]","[86, 87, 88, 89, 90, 91, 92, 93, 94, 95, 96, 97, 98, 99, 100, 101, 102, 103, 104, 105, 106, 107, 108]",day,55.0,30,23310,30,1.0453018621679375e-05,0.0002531217068362222,-0.22078020306171484,1.982580342879376,-0.0006884358071129903,-0.0003980192493703794,-0.0001345187922174862,9.640412610534277e-06,0.00015458265100676272,0.0004167785307039536,0.0006584918025062335,0.5085800085800086,0.468983268983269,0.022436722436722435
85,"[1, 2, 3, 4, 5, 6, 7, 8, 9, 10, 11, 12, 13, 14, 15, 16, 17, 18, 19, 20, 21, 22, 23, 24, 25, 26, 27, 28, 29, 30, 31, 32, 33, 34, 35, 36, 37, 38, 39, 40, 41, 42, 43, 44, 45, 46, 47, 48, 49, 50, 51, 52, 53, 54, 55, 56, 57, 58, 59, 60, 61, 62, 63, 64, 80, 81, 82, 83, 84, 85]","[65, 66, 67, 68, 69, 70, 71, 72, 73, 74, 75, 76, 77, 78, 79]","[86, 87, 88, 89, 90, 91, 92, 93, 94, 95, 96, 97, 98, 99, 100, 101, 102, 103, 104, 105, 106, 107, 108]",day,55.0,60,23280,60,2.070312832814943e-05,0.0003602109633808948,-0.24171213546907436,1.7400998185527232,-0.0009256055466599144,-0.0005777360117408092,-0.00018338971764092493,1.9320498084174353e-05,0.0002333359035675553,0.0005979153970692153,0.0009119456349815014,0.5211769759450172,0.4650773195876289,0.013745704467353952
85,"[1, 2, 3, 4, 5, 6, 7, 8, 9, 10, 11, 12, 13, 14, 15, 16, 17, 18, 19, 20, 21, 22, 23, 24, 25, 26, 27, 28, 29, 30, 31, 32, 33, 34, 35, 36, 37, 38, 39, 40, 41, 42, 43, 44, 45, 46, 47, 48, 49, 50, 51, 52, 53, 54, 55, 56, 57, 58, 59, 60, 61, 62, 63, 64, 80, 81, 82, 83, 84, 85]","[65, 66, 67, 68, 69, 70, 71, 72, 73, 74, 75, 76, 77, 78, 79]","[86, 87, 88, 89, 90, 91, 92, 93, 94, 95, 96, 97, 98, 99, 100, 101, 102, 103, 104, 105, 106, 107, 108]",day,55.0,300,23040,300,0.0001031329405050228,0.0007937028742070375,0.26777963960884565,0.009172894977412138,-0.0015530267801956699,-0.0011430191109170207,-0.0004456155306703513,7.727900619913797e-05,0.0005985162589290383,0.0014754680340725134,0.002202406576655642,0.5335069444444445,0.4599826388888889,0.006510416666666667
85,"[1, 2, 3, 4, 5, 6, 7, 8, 9, 10, 11, 12, 13, 14, 15, 16, 17, 18, 19, 20, 21, 22, 23, 24, 25, 26, 27, 28, 29, 30, 31, 32, 33, 34, 35, 36, 37, 38, 39, 40, 41, 42, 43, 44, 45, 46, 47, 48, 49, 50, 51, 52, 53, 54, 55, 56, 57, 58, 59, 60, 61, 62, 63, 64, 80, 81, 82, 83, 84, 85]","[65, 66, 67, 68, 69, 70, 71, 72, 73, 74, 75, 76, 77, 78, 79]","[86, 87, 88, 89, 90, 91, 92, 93, 94, 95, 96, 97, 98, 99, 100, 101, 102, 103, 104, 105, 106, 107, 108]",day,56.0,1,23339,1,1.6009150218977476e-07,3.4888605687627144e-05,-1.4072569058938649,40.70061911072208,-0.00010836858569098772,-4.9983380526419374e-05,-1.1316672891226176e-05,0.0,1.64372644454458e-05,4.9993334221953845e-05,0.00010001000100001711,0.3303483439736064,0.30973906337032436,0.35991259265606923
85,"[1, 2, 3, 4, 5, 6, 7, 8, 9, 10, 11, 12, 13, 14, 15, 16, 17, 18, 19, 20, 21, 22, 23, 24, 25, 26, 27, 28, 29, 30, 31, 32, 33, 34, 35, 36, 37, 38, 39, 40, 41, 42, 43, 44, 45, 46, 47, 48, 49, 50, 51, 52, 53, 54, 55, 56, 57, 58, 59, 60, 61, 62, 63, 64, 80, 81, 82, 83, 84, 85]","[65, 66, 67, 68, 69, 70, 71, 72, 73, 74, 75, 76, 77, 78, 79]","[86, 87, 88, 89, 90, 91, 92, 93, 94, 95, 96, 97, 98, 99, 100, 101, 102, 103, 104, 105, 106, 107, 108]",day,56.0,5,23335,5,7.141250427280654e-07,7.732973939142267e-05,-0.8377482212814553,14.007350951973285,-0.00021667750054177315,-0.00011689594335841935,-3.3217073575841916e-05,0.0,3.331723000532527e-05,0.00011653847434489606,0.0002080051013352735,0.4770087850867795,0.43904006856653094,0.08395114634668953
85,"[1, 2, 3, 4, 5, 6, 7, 8, 9, 10, 11, 12, 13, 14, 15, 16, 17, 18, 19, 20, 21, 22, 23, 24, 25, 26, 27, 28, 29, 30, 31, 32, 33, 34, 35, 36, 37, 38, 39, 40, 41, 42, 43, 44, 45, 46, 47, 48, 49, 50, 51, 52, 53, 54, 55, 56, 57, 58, 59, 60, 61, 62, 63, 64, 80, 81, 82, 83, 84, 85]","[65, 66, 67, 68, 69, 70, 71, 72, 73, 74, 75, 76, 77, 78, 79]","[86, 87, 88, 89, 90, 91, 92, 93, 94, 95, 96, 97, 98, 99, 100, 101, 102, 103, 104, 105, 106, 107, 108]",day,56.0,30,23310,30,4.134507832975134e-06,0.0001910782447218206,-1.3835892777555527,12.180295270685452,-0.0005499147045407749,-0.00028284613104717085,-8.297979340685102e-05,8.32140598472364e-06,9.962743663094464e-05,0.0002841245486532418,0.0004844634246448875,0.5148863148863149,0.4561990561990562,0.028914628914628916
85,"[1, 2, 3, 4, 5, 6, 7, 8, 9, 10, 11, 12, 13, 14, 15, 16, 17, 18, 19, 20, 21, 22, 23, 24, 25, 26, 27, 28, 29, 30, 31, 32, 33, 34, 35, 36, 37, 38, 39, 40, 41, 42, 43, 44, 45, 46, 47, 48, 49, 50, 51, 52, 53, 54, 55, 56, 57, 58, 59, 60, 61, 62, 63, 64, 80, 81, 82, 83, 84, 85]","[65, 66, 67, 68, 69, 70, 71, 72, 73, 74, 75, 76, 77, 78, 79]","[86, 87, 88, 89, 90, 91, 92, 93, 94, 95, 96, 97, 98, 99, 100, 101, 102, 103, 104, 105, 106, 107, 108]",day,56.0,60,23280,60,8.745603223519192e-06,0.0002703983073229097,-1.4457620891671088,10.866953688888017,-0.0007580614923897555,-0.00039831777203001574,-0.00010003412666456657,1.6602746094385168e-05,0.00014934970655555713,0.0004089822678092879,0.0006507948456144395,0.5262886597938145,0.4515463917525773,0.02216494845360825
85,"[1, 2, 3, 4, 5, 6, 7, 8, 9, 10, 11, 12, 13, 14, 15, 16, 17, 18, 19, 20, 21, 22, 23, 24, 25, 26, 27, 28, 29, 30, 31, 32, 33, 34, 35, 36, 37, 38, 39, 40, 41, 42, 43, 44, 45, 46, 47, 48, 49, 50, 51, 52, 53, 54, 55, 56, 57, 58, 59, 60, 61, 62, 63, 64, 80, 81, 82, 83, 84, 85]","[65, 66, 67, 68, 69, 70, 71, 72, 73, 74, 75, 76, 77, 78, 79]","[86, 87, 88, 89, 90, 91, 92, 93, 94, 95, 96, 97, 98, 99, 100, 101, 102, 103, 104, 105, 106, 107, 108]",day,56.0,300,23040,300,4.3656497547837664e-05,0.0005826285012824763,-0.676897807236756,3.9077084563436895,-0.0020149378432989286,-0.0008329030001167359,-0.0002157072189351572,6.646947389410407e-05,0.0003159991198567469,0.0009003939226382317,0.0016499423988218,0.5706163194444445,0.4193142361111111,0.010069444444444445
85,"[1, 2, 3, 4, 5, 6, 7, 8, 9, 10, 11, 12, 13, 14, 15, 16, 17, 18, 19, 20, 21, 22, 23, 24, 25, 26, 27, 28, 29, 30, 31, 32, 33, 34, 35, 36, 37, 38, 39, 40, 41, 42, 43, 44, 45, 46, 47, 48, 49, 50, 51, 52, 53, 54, 55, 56, 57, 58, 59, 60, 61, 62, 63, 64, 80, 81, 82, 83, 84, 85]","[65, 66, 67, 68, 69, 70, 71, 72, 73, 74, 75, 76, 77, 78, 79]","[86, 87, 88, 89, 90, 91, 92, 93, 94, 95, 96, 97, 98, 99, 100, 101, 102, 103, 104, 105, 106, 107, 108]",day,57.0,1,23339,1,-6.977559608543703e-09,1.95445297302981e-05,-0.9000477304212042,31.02936382302804,-5.3231267230164916e-05,-3.040391602437964e-05,-7.599130659285969e-06,0.0,7.599477155784129e-06,3.0402575706767186e-05,5.321933650733967e-05,0.33300484168130595,0.3328763014696431,0.33411885684905096
85,"[1, 2, 3, 4, 5, 6, 7, 8, 9, 10, 11, 12, 13, 14, 15, 16, 17, 18, 19, 20, 21, 22, 23, 24, 25, 26, 27, 28, 29, 30, 31, 32, 33, 34, 35, 36, 37, 38, 39, 40, 41, 42, 43, 44, 45, 46, 47, 48, 49, 50, 51, 52, 53, 54, 55, 56, 57, 58, 59, 60, 61, 62, 63, 64, 80, 81, 82, 83, 84, 85]","[65, 66, 67, 68, 69, 70, 71, 72, 73, 74, 75, 76, 77, 78, 79]","[86, 87, 88, 89, 90, 91, 92, 93, 94, 95, 96, 97, 98, 99, 100, 101, 102, 103, 104, 105, 106, 107, 108]",day,57.0,5,23335,5,-3.29896088371296e-08,4.246707305836917e-05,-0.5935392958888556,9.422719478376385,-0.00011806033940871206,-6.087124175254699e-05,-2.278207051059633e-05,0.0,2.2786483058201412e-05,6.641577406873983e-05,0.00010719818333577713,0.44932504821084207,0.4482108420827084,0.10246410970644954
85,"[1, 2, 3, 4, 5, 6, 7, 8, 9, 10, 11, 12, 13, 14, 15, 16, 17, 18, 19, 20, 21, 22, 23, 24, 25, 26, 27, 28, 29, 30, 31, 32, 33, 34, 35, 36, 37, 38, 39, 40, 41, 42, 43, 44, 45, 46, 47, 48, 49, 50, 51, 52, 53, 54, 55, 56, 57, 58, 59, 60, 61, 62, 63, 64, 80, 81, 82, 83, 84, 85]","[65, 66, 67, 68, 69, 70, 71, 72, 73, 74, 75, 76, 77, 78, 79]","[86, 87, 88, 89, 90, 91, 92, 93, 94, 95, 96, 97, 98, 99, 100, 101, 102, 103, 104, 105, 106, 107, 108]",day,57.0,30,23310,30,-2.502426465433741e-07,9.761277449627914e-05,-0.28247518854315934,2.4482357050420642,-0.00027380515236426927,-0.00015955209927124293,-5.3187346730765306e-05,0.0,6.019629601905496e-05,0.0001519832484082273,0.000258348081847084,0.48614328614328617,0.47524667524667524,0.03861003861003861
85,"[1, 2, 3, 4, 5, 6, 7, 8, 9, 10, 11, 12, 13, 14, 15, 16, 17, 18, 19, 20, 21, 22, 23, 24, 25, 26, 27, 28, 29, 30, 31, 32, 33, 34, 35, 36, 37, 38, 39, 40, 41, 42, 43, 44, 45, 46, 47, 48, 49, 50, 51, 52, 53, 54, 55, 56, 57, 58, 59, 60, 61, 62, 63, 64, 80, 81, 82, 83, 84, 85]","[65, 66, 67, 68, 69, 70, 71, 72, 73, 74, 75, 76, 77, 78, 79]","[86, 87, 88, 89, 90, 91, 92, 93, 94, 95, 96, 97, 98, 99, 100, 101, 102, 103, 104, 105, 106, 107, 108]",day,57.0,60,23280,60,1.8082122363812498e-09,0.0001387688109492716,-0.1954313293357339,1.8087469624399777,-0.00039775873563682176,-0.00022064135549128557,-7.619221162105672e-05,0.0,8.358218027915143e-05,0.00021293933472963378,0.0003496886782646613,0.49875429553264605,0.4756443298969072,0.025601374570446735
85,"[1, 2, 3, 4, 5, 6, 7, 8, 9, 10, 11, 12, 13, 14, 15, 16, 17, 18, 19, 20, 21, 22, 23, 24, 25, 26, 27, 28, 29, 30, 31, 32, 33, 34, 35, 36, 37, 38, 39, 40, 41, 42, 43, 44, 45, 46, 47, 48, 49, 50, 51, 52, 53, 54, 55, 56, 57, 58, 59, 60, 61, 62, 63, 64, 80, 81, 82, 83, 84, 85]","[65, 66, 67, 68, 69, 70, 71, 72, 73, 74, 75, 76, 77, 78, 79]","[86, 87, 88, 89, 90, 91, 92, 93, 94, 95, 96, 97, 98, 99, 100, 101, 102, 103, 104, 105, 106, 107, 108]",day,57.0,300,23040,300,3.8029967410371904e-06,0.00030520000299969337,-0.15973766046385496,1.643239496251657,-0.000836299028229971,-0.0005318106328933536,-0.00016693382401941625,2.346868530311852e-05,0.00018225760213735898,0.0004834881711769704,0.0007454127830181867,0.5377170138888889,0.45013020833333334,0.012152777777777778
85,"[1, 2, 3, 4, 5, 6, 7, 8, 9, 10, 11, 12, 13, 14, 15, 16, 17, 18, 19, 20, 21, 22, 23, 24, 25, 26, 27, 28, 29, 30, 31, 32, 33, 34, 35, 36, 37, 38, 39, 40, 41, 42, 43, 44, 45, 46, 47, 48, 49, 50, 51, 52, 53, 54, 55, 56, 57, 58, 59, 60, 61, 62, 63, 64, 80, 81, 82, 83, 84, 85]","[65, 66, 67, 68, 69, 70, 71, 72, 73, 74, 75, 76, 77, 78, 79]","[86, 87, 88, 89, 90, 91, 92, 93, 94, 95, 96, 97, 98, 99, 100, 101, 102, 103, 104, 105, 106, 107, 108]",day,58.0,1,23339,1,-3.9087112327226434e-07,6.44069436625428e-05,0.2581930340187604,75.07628818732337,-0.00016945160406111492,-0.00010171232702782529,-3.3872121339206807e-05,0.0,3.373493309033471e-05,0.00010160416037514608,0.0001699426511643809,0.3909764771412657,0.40464458631475214,0.20437893654398218
85,"[1, 2, 3, 4, 5, 6, 7, 8, 9, 10, 11, 12, 13, 14, 15, 16, 17, 18, 19, 20, 21, 22, 23, 24, 25, 26, 27, 28, 29, 30, 31, 32, 33, 34, 35, 36, 37, 38, 39, 40, 41, 42, 43, 44, 45, 46, 47, 48, 49, 50, 51, 52, 53, 54, 55, 56, 57, 58, 59, 60, 61, 62, 63, 64, 80, 81, 82, 83, 84, 85]","[65, 66, 67, 68, 69, 70, 71, 72, 73, 74, 75, 76, 77, 78, 79]","[86, 87, 88, 89, 90, 91, 92, 93, 94, 95, 96, 97, 98, 99, 100, 101, 102, 103, 104, 105, 106, 107, 108]",day,58.0,5,23335,5,-1.9868954661733744e-06,0.00013843265988111185,0.3113105786788295,6.2783471383725775,-0.0003560665458513679,-0.000220952407334174,-7.619337886222155e-05,0.0,6.793709025454397e-05,0.00022081804592999354,0.0003852622658170856,0.46590957788729376,0.48973644739661454,0.04435397471609171
85,"[1, 2, 3, 4, 5, 6, 7, 8, 9, 10, 11, 12, 13, 14, 15, 16, 17, 18, 19, 20, 21, 22, 23, 24, 25, 26, 27, 28, 29, 30, 31, 32, 33, 34, 35, 36, 37, 38, 39, 40, 41, 42, 43, 44, 45, 46, 47, 48, 49, 50, 51, 52, 53, 54, 55, 56, 57, 58, 59, 60, 61, 62, 63, 64, 80, 81, 82, 83, 84, 85]","[65, 66, 67, 68, 69, 70, 71, 72, 73, 74, 75, 76, 77, 78, 79]","[86, 87, 88, 89, 90, 91, 92, 93, 94, 95, 96, 97, 98, 99, 100, 101, 102, 103, 104, 105, 106, 107, 108]",day,58.0,30,23310,30,-1.238738223460206e-05,0.0003506560533987223,0.3468074559634249,1.6589483940954057,-0.0008641577850448945,-0.000574297184978223,-0.00022078663734032,-1.697605527545276e-05,0.00018206300864365144,0.0005775555139368227,0.000967833928517734,0.46546546546546547,0.5169455169455169,0.01758901758901759
85,"[1, 2, 3, 4, 5, 6, 7, 8, 9, 10, 11, 12, 13, 14, 15, 16, 17, 18, 19, 20, 21, 22, 23, 24, 25, 26, 27, 28, 29, 30, 31, 32, 33, 34, 35, 36, 37, 38, 39, 40, 41, 42, 43, 44, 45, 46, 47, 48, 49, 50, 51, 52, 53, 54, 55, 56, 57, 58, 59, 60, 61, 62, 63, 64, 80, 81, 82, 83, 84, 85]","[65, 66, 67, 68, 69, 70, 71, 72, 73, 74, 75, 76, 77, 78, 79]","[86, 87, 88, 89, 90, 91, 92, 93, 94, 95, 96, 97, 98, 99, 100, 101, 102, 103, 104, 105, 106, 107, 108]",day,58.0,60,23280,60,-2.516244002520303e-05,0.0005239313670103298,0.2482227909788315,1.3428562296976185,-0.0013041389135517477,-0.0008683696363074756,-0.0003388696156977067,-3.386329396987131e-05,0.0002548300920498514,0.0008632315280544088,0.0014383870494415105,0.46808419243986255,0.521692439862543,0.010223367697594502
85,"[1, 2, 3, 4, 5, 6, 7, 8, 9, 10, 11, 12, 13, 14, 15, 16, 17, 18, 19, 20, 21, 22, 23, 24, 25, 26, 27, 28, 29, 30, 31, 32, 33, 34, 35, 36, 37, 38, 39, 40, 41, 42, 43, 44, 45, 46, 47, 48, 49, 50, 51, 52, 53, 54, 55, 56, 57, 58, 59, 60, 61, 62, 63, 64, 80, 81, 82, 83, 84, 85]","[65, 66, 67, 68, 69, 70, 71, 72, 73, 74, 75, 76, 77, 78, 79]","[86, 87, 88, 89, 90, 91, 92, 93, 94, 95, 96, 97, 98, 99, 100, 101, 102, 103, 104, 105, 106, 107, 108]",day,58.0,300,23040,300,-0.00012395809487369638,0.0010799990586659964,0.17421712606636408,0.5777391265818066,-0.0027747300162028043,-0.0018796721921738092,-0.0007973568469208658,-0.00015247702230436477,0.0004742992653793965,0.0018141512279267634,0.0026700814746188403,0.4312934027777778,0.5625,0.006206597222222222
85,"[1, 2, 3, 4, 5, 6, 7, 8, 9, 10, 11, 12, 13, 14, 15, 16, 17, 18, 19, 20, 21, 22, 23, 24, 25, 26, 27, 28, 29, 30, 31, 32, 33, 34, 35, 36, 37, 38, 39, 40, 41, 42, 43, 44, 45, 46, 47, 48, 49, 50, 51, 52, 53, 54, 55, 56, 57, 58, 59, 60, 61, 62, 63, 64, 80, 81, 82, 83, 84, 85]","[65, 66, 67, 68, 69, 70, 71, 72, 73, 74, 75, 76, 77, 78, 79]","[86, 87, 88, 89, 90, 91, 92, 93, 94, 95, 96, 97, 98, 99, 100, 101, 102, 103, 104, 105, 106, 107, 108]",day,59.0,1,23339,1,-6.0947789850497105e-09,3.5266510924776686e-05,-0.06507526774742384,3.7756142486078814,-9.498928459882094e-05,-5.6003709688057235e-05,-2.2344371452875933e-05,0.0,2.2349365278007127e-05,5.593360457956109e-05,9.149234803053226e-05,0.37409486267620723,0.36903894768413387,0.25686618963965896
85,"[1, 2, 3, 4, 5, 6, 7, 8, 9, 10, 11, 12, 13, 14, 15, 16, 17, 18, 19, 20, 21, 22, 23, 24, 25, 26, 27, 28, 29, 30, 31, 32, 33, 34, 35, 36, 37, 38, 39, 40, 41, 42, 43, 44, 45, 46, 47, 48, 49, 50, 51, 52, 53, 54, 55, 56, 57, 58, 59, 60, 61, 62, 63, 64, 80, 81, 82, 83, 84, 85]","[65, 66, 67, 68, 69, 70, 71, 72, 73, 74, 75, 76, 77, 78, 79]","[86, 87, 88, 89, 90, 91, 92, 93, 94, 95, 96, 97, 98, 99, 100, 101, 102, 103, 104, 105, 106, 107, 108]",day,59.0,5,23335,5,-4.298641284256753e-08,7.850320365498422e-05,-0.15170696122350535,2.9541144316467953,-0.00022371184522823828,-0.00012347494428769368,-4.4714720085825554e-05,0.0,4.4735473554324834e-05,0.00012304374431735266,0.00020189177077963637,0.46355260338547244,0.45896721662738377,0.07748017998714378
85,"[1, 2, 3, 4, 5, 6, 7, 8, 9, 10, 11, 12, 13, 14, 15, 16, 17, 18, 19, 20, 21, 22, 23, 24, 25, 26, 27, 28, 29, 30, 31, 32, 33, 34, 35, 36, 37, 38, 39, 40, 41, 42, 43, 44, 45, 46, 47, 48, 49, 50, 51, 52, 53, 54, 55, 56, 57, 58, 59, 60, 61, 62, 63, 64, 80, 81, 82, 83, 84, 85]","[65, 66, 67, 68, 69, 70, 71, 72, 73, 74, 75, 76, 77, 78, 79]","[86, 87, 88, 89, 90, 91, 92, 93, 94, 95, 96, 97, 98, 99, 100, 101, 102, 103, 104, 105, 106, 107, 108]",day,59.0,30,23310,30,-7.432854430500187e-07,0.00019035405202563185,-0.21968236413487366,1.8028971734027923,-0.0005266074582564506,-0.0003028445542992808,-0.00011177399298875623,0.0,0.00011184431271682449,0.0003026452880378394,0.0004929198781145061,0.48434148434148433,0.48455598455598453,0.0311025311025311
85,"[1, 2, 3, 4, 5, 6, 7, 8, 9, 10, 11, 12, 13, 14, 15, 16, 17, 18, 19, 20, 21, 22, 23, 24, 25, 26, 27, 28, 29, 30, 31, 32, 33, 34, 35, 36, 37, 38, 39, 40, 41, 42, 43, 44, 45, 46, 47, 48, 49, 50, 51, 52, 53, 54, 55, 56, 57, 58, 59, 60, 61, 62, 63, 64, 80, 81, 82, 83, 84, 85]","[65, 66, 67, 68, 69, 70, 71, 72, 73, 74, 75, 76, 77, 78, 79]","[86, 87, 88, 89, 90, 91, 92, 93, 94, 95, 96, 97, 98, 99, 100, 101, 102, 103, 104, 105, 106, 107, 108]",day,59.0,60,23280,60,-1.8082805769677042e-06,0.00027558149729104927,-0.2631258784110962,1.2686810611342567,-0.0007940246417808427,-0.0004485919260290239,-0.00015652339187660624,0.0,0.0001568732912016202,0.0004476476118000505,0.0006502164911164242,0.49003436426116836,0.4906786941580756,0.019286941580756015
85,"[1, 2, 3, 4, 5, 6, 7, 8, 9, 10, 11, 12, 13, 14, 15, 16, 17, 18, 19, 20, 21, 22, 23, 24, 25, 26, 27, 28, 29, 30, 31, 32, 33, 34, 35, 36, 37, 38, 39, 40, 41, 42, 43, 44, 45, 46, 47, 48, 49, 50, 51, 52, 53, 54, 55, 56, 57, 58, 59, 60, 61, 62, 63, 64, 80, 81, 82, 83, 84, 85]","[65, 66, 67, 68, 69, 70, 71, 72, 73, 74, 75, 76, 77, 78, 79]","[86, 87, 88, 89, 90, 91, 92, 93, 94, 95, 96, 97, 98, 99, 100, 101, 102, 103, 104, 105, 106, 107, 108]",day,59.0,300,23040,300,-9.981289637924826e-06,0.0006143190288930832,-0.5209238518132865,1.1077395472569727,-0.0019223531446077235,-0.001096594291860875,-0.0003577881141453576,4.470272686640797e-05,0.00036894180781477104,0.0009589706301148627,0.001359000853587533,0.5255642361111111,0.46510416666666665,0.009331597222222222
85,"[1, 2, 3, 4, 5, 6, 7, 8, 9, 10, 11, 12, 13, 14, 15, 16, 17, 18, 19, 20, 21, 22, 23, 24, 25, 26, 27, 28, 29, 30, 31, 32, 33, 34, 35, 36, 37, 38, 39, 40, 41, 42, 43, 44, 45, 46, 47, 48, 49, 50, 51, 52, 53, 54, 55, 56, 57, 58, 59, 60, 61, 62, 63, 64, 80, 81, 82, 83, 84, 85]","[65, 66, 67, 68, 69, 70, 71, 72, 73, 74, 75, 76, 77, 78, 79]","[86, 87, 88, 89, 90, 91, 92, 93, 94, 95, 96, 97, 98, 99, 100, 101, 102, 103, 104, 105, 106, 107, 108]",day,60.0,1,17279,1,-1.9792849276602148e-07,2.5329462172897695e-05,-2.4509273572151713,71.10624711115965,-7.553242333260268e-05,-3.7658400647511137e-05,-5.651207505286138e-07,0.0,3.7661379020947905e-06,3.764564157582306e-05,7.378388758568202e-05,0.2721222292956768,0.26211007581457263,0.46576769488975056
85,"[1, 2, 3, 4, 5, 6, 7, 8, 9, 10, 11, 12, 13, 14, 15, 16, 17, 18, 19, 20, 21, 22, 23, 24, 25, 26, 27, 28, 29, 30, 31, 32, 33, 34, 35, 36, 37, 38, 39, 40, 41, 42, 43, 44, 45, 46, 47, 48, 49, 50, 51, 52, 53, 54, 55, 56, 57, 58, 59, 60, 61, 62, 63, 64, 80, 81, 82, 83, 84, 85]","[65, 66, 67, 68, 69, 70, 71, 72, 73, 74, 75, 76, 77, 78, 79]","[86, 87, 88, 89, 90, 91, 92, 93, 94, 95, 96, 97, 98, 99, 100, 101, 102, 103, 104, 105, 106, 107, 108]",day,60.0,5,17275,5,-9.880706971419767e-07,5.6681308614371724e-05,-2.149206680514052,37.19620365462687,-0.00016988363390564088,-7.532956685518677e-05,-1.883735824903532e-05,0.0,1.8841262364288625e-05,7.18480050271529e-05,0.00013237418870048586,0.4348480463096961,0.41927641099855284,0.1458755426917511
85,"[1, 2, 3, 4, 5, 6, 7, 8, 9, 10, 11, 12, 13, 14, 15, 16, 17, 18, 19, 20, 21, 22, 23, 24, 25, 26, 27, 28, 29, 30, 31, 32, 33, 34, 35, 36, 37, 38, 39, 40, 41, 42, 43, 44, 45, 46, 47, 48, 49, 50, 51, 52, 53, 54, 55, 56, 57, 58, 59, 60, 61, 62, 63, 64, 80, 81, 82, 83, 84, 85]","[65, 66, 67, 68, 69, 70, 71, 72, 73, 74, 75, 76, 77, 78, 79]","[86, 87, 88, 89, 90, 91, 92, 93, 94, 95, 96, 97, 98, 99, 100, 101, 102, 103, 104, 105, 106, 107, 108]",day,60.0,30,17250,30,-6.126744405699142e-06,0.0001370463615326956,-1.6255591041641042,17.182592613431332,-0.00041472987094207656,-0.00018907694923853136,-5.6507816914352915e-05,0.0,5.650076629243328e-05,0.00016950110175706357,0.00031072642030558655,0.47756521739130436,0.47443478260869565,0.048
85,"[1, 2, 3, 4, 5, 6, 7, 8, 9, 10, 11, 12, 13, 14, 15, 16, 17, 18, 19, 20, 21, 22, 23, 24, 25, 26, 27, 28, 29, 30, 31, 32, 33, 34, 35, 36, 37, 38, 39, 40, 41, 42, 43, 44, 45, 46, 47, 48, 49, 50, 51, 52, 53, 54, 55, 56, 57, 58, 59, 60, 61, 62, 63, 64, 80, 81, 82, 83, 84, 85]","[65, 66, 67, 68, 69, 70, 71, 72, 73, 74, 75, 76, 77, 78, 79]","[86, 87, 88, 89, 90, 91, 92, 93, 94, 95, 96, 97, 98, 99, 100, 101, 102, 103, 104, 105, 106, 107, 108]",day,60.0,60,17220,60,-1.211408976305939e-05,0.00020088969887302647,-1.6314206460208969,18.76977137734754,-0.0006676292980793796,-0.000291656617955649,-7.574790232567352e-05,0.0,7.532814824573464e-05,0.00022600615114951595,0.00047176932367132274,0.4785714285714286,0.48693379790940766,0.03449477351916376
85,"[1, 2, 3, 4, 5, 6, 7, 8, 9, 10, 11, 12, 13, 14, 15, 16, 17, 18, 19, 20, 21, 22, 23, 24, 25, 26, 27, 28, 29, 30, 31, 32, 33, 34, 35, 36, 37, 38, 39, 40, 41, 42, 43, 44, 45, 46, 47, 48, 49, 50, 51, 52, 53, 54, 55, 56, 57, 58, 59, 60, 61, 62, 63, 64, 80, 81, 82, 83, 84, 85]","[65, 66, 67, 68, 69, 70, 71, 72, 73, 74, 75, 76, 77, 78, 79]","[86, 87, 88, 89, 90, 91, 92, 93, 94, 95, 96, 97, 98, 99, 100, 101, 102, 103, 104, 105, 106, 107, 108]",day,60.0,300,16980,300,-5.6682924206543975e-05,0.000377066996773179,-2.0322876142706328,12.375970266148052,-0.0015489308107483736,-0.0006028073870378625,-0.00017042967292241196,-1.826329784798686e-05,0.00013236823277806842,0.00035793677706186244,0.0005934841656158895,0.4716725559481743,0.5144287396937574,0.013898704358068316
85,"[1, 2, 3, 4, 5, 6, 7, 8, 9, 10, 11, 12, 13, 14, 15, 16, 17, 18, 19, 20, 21, 22, 23, 24, 25, 26, 27, 28, 29, 30, 31, 32, 33, 34, 35, 36, 37, 38, 39, 40, 41, 42, 43, 44, 45, 46, 47, 48, 49, 50, 51, 52, 53, 54, 55, 56, 57, 58, 59, 60, 61, 62, 63, 64, 80, 81, 82, 83, 84, 85]","[65, 66, 67, 68, 69, 70, 71, 72, 73, 74, 75, 76, 77, 78, 79]","[86, 87, 88, 89, 90, 91, 92, 93, 94, 95, 96, 97, 98, 99, 100, 101, 102, 103, 104, 105, 106, 107, 108]",day,61.0,1,17135,1,4.390335037048635e-07,5.052548046884885e-05,-0.3219402386943414,6.33878214831217,-0.00014452083575980046,-8.123665241598355e-05,-1.8003420649836954e-05,0.0,1.8029062849533872e-05,7.569341031012918e-05,0.0001420834317787499,0.37735628829880363,0.3485264079369711,0.2741173037642253
85,"[1, 2, 3, 4, 5, 6, 7, 8, 9, 10, 11, 12, 13, 14, 15, 16, 17, 18, 19, 20, 21, 22, 23, 24, 25, 26, 27, 28, 29, 30, 31, 32, 33, 34, 35, 36, 37, 38, 39, 40, 41, 42, 43, 44, 45, 46, 47, 48, 49, 50, 51, 52, 53, 54, 55, 56, 57, 58, 59, 60, 61, 62, 63, 64, 80, 81, 82, 83, 84, 85]","[65, 66, 67, 68, 69, 70, 71, 72, 73, 74, 75, 76, 77, 78, 79]","[86, 87, 88, 89, 90, 91, 92, 93, 94, 95, 96, 97, 98, 99, 100, 101, 102, 103, 104, 105, 106, 107, 108]",day,61.0,5,17131,5,2.1635122316106215e-06,0.00011508633552719041,-0.7212607055350421,6.762085697720655,-0.0003332039137534215,-0.00018036843633140176,-5.384691322990465e-05,0.0,5.752305514483691e-05,0.00017990141402512982,0.00028816827518876045,0.49681863288774736,0.4407798727453155,0.06240149436693713
85,"[1, 2, 3, 4, 5, 6, 7, 8, 9, 10, 11, 12, 13, 14, 15, 16, 17, 18, 19, 20, 21, 22, 23, 24, 25, 26, 27, 28, 29, 30, 31, 32, 33, 34, 35, 36, 37, 38, 39, 40, 41, 42, 43, 44, 45, 46, 47, 48, 49, 50, 51, 52, 53, 54, 55, 56, 57, 58, 59, 60, 61, 62, 63, 64, 80, 81, 82, 83, 84, 85]","[65, 66, 67, 68, 69, 70, 71, 72, 73, 74, 75, 76, 77, 78, 79]","[86, 87, 88, 89, 90, 91, 92, 93, 94, 95, 96, 97, 98, 99, 100, 101, 102, 103, 104, 105, 106, 107, 108]",day,61.0,30,17106,30,1.2386437279980214e-05,0.0002688885920519969,-0.8562795825389201,5.570486792137515,-0.0008299730601216138,-0.00040643889983049686,-0.0001143147475426709,2.6827512508709184e-05,0.00016152986733114494,0.0003979667520773722,0.0006839393547837145,0.5408628551385479,0.435344323629136,0.023792821232316148
85,"[1, 2, 3, 4, 5, 6, 7, 8, 9, 10, 11, 12, 13, 14, 15, 16, 17, 18, 19, 20, 21, 22, 23, 24, 25, 26, 27, 28, 29, 30, 31, 32, 33, 34, 35, 36, 37, 38, 39, 40, 41, 42, 43, 44, 45, 46, 47, 48, 49, 50, 51, 52, 53, 54, 55, 56, 57, 58, 59, 60, 61, 62, 63, 64, 80, 81, 82, 83, 84, 85]","[65, 66, 67, 68, 69, 70, 71, 72, 73, 74, 75, 76, 77, 78, 79]","[86, 87, 88, 89, 90, 91, 92, 93, 94, 95, 96, 97, 98, 99, 100, 101, 102, 103, 104, 105, 106, 107, 108]",day,61.0,60,17076,60,2.4337474839074233e-05,0.0003830643458853267,-1.0269898175672916,6.364307366251449,-0.0011341645534012068,-0.000576779184909143,-0.00016171477734439055,4.137125859327018e-05,0.00023442853536281838,0.0005940086160478586,0.0009538170541341651,0.5556921995783556,0.4274420238931834,0.016865776528460996
85,"[1, 2, 3, 4, 5, 6, 7, 8, 9, 10, 11, 12, 13, 14, 15, 16, 17, 18, 19, 20, 21, 22, 23, 24, 25, 26, 27, 28, 29, 30, 31, 32, 33, 34, 35, 36, 37, 38, 39, 40, 41, 42, 43, 44, 45, 46, 47, 48, 49, 50, 51, 52, 53, 54, 55, 56, 57, 58, 59, 60, 61, 62, 63, 64, 80, 81, 82, 83, 84, 85]","[65, 66, 67, 68, 69, 70, 71, 72, 73, 74, 75, 76, 77, 78, 79]","[86, 87, 88, 89, 90, 91, 92, 93, 94, 95, 96, 97, 98, 99, 100, 101, 102, 103, 104, 105, 106, 107, 108]",day,61.0,300,16836,300,0.0001224709119090679,0.0008232089442764647,-0.4204249737676466,2.7256741416737773,-0.002540327161643713,-0.0012239736846402227,-0.00025219772301499077,0.00014340515541522159,0.0005581173448585552,0.0013978247560901824,0.0024149550069115355,0.6098835827987645,0.38114754098360654,0.008968876217628891
85,"[1, 2, 3, 4, 5, 6, 7, 8, 9, 10, 11, 12, 13, 14, 15, 16, 17, 18, 19, 20, 21, 22, 23, 24, 25, 26, 27, 28, 29, 30, 31, 32, 33, 34, 35, 36, 37, 38, 39, 40, 41, 42, 43, 44, 45, 46, 47, 48, 49, 50, 51, 52, 53, 54, 55, 56, 57, 58, 59, 60, 61, 62, 63, 64, 80, 81, 82, 83, 84, 85]","[65, 66, 67, 68, 69, 70, 71, 72, 73, 74, 75, 76, 77, 78, 79]","[86, 87, 88, 89, 90, 91, 92, 93, 94, 95, 96, 97, 98, 99, 100, 101, 102, 103, 104, 105, 106, 107, 108]",day,62.0,1,14831,1,3.9998237795296893e-07,3.044245284252469e-05,-0.5201124151040912,27.212504154481437,-7.467415714261794e-05,-4.256587068485196e-05,-1.0659105807886426e-05,0.0,1.383652895015075e-05,4.25740255869389e-05,8.44630442245587e-05,0.3651810397141123,0.3533140044501382,0.28150495583574947
85,"[1, 2, 3, 4, 5, 6, 7, 8, 9, 10, 11, 12, 13, 14, 15, 16, 17, 18, 19, 20, 21, 22, 23, 24, 25, 26, 27, 28, 29, 30, 31, 32, 33, 34, 35, 36, 37, 38, 39, 40, 41, 42, 43, 44, 45, 46, 47, 48, 49, 50, 51, 52, 53, 54, 55, 56, 57, 58, 59, 60, 61, 62, 63, 64, 80, 81, 82, 83, 84, 85]","[65, 66, 67, 68, 69, 70, 71, 72, 73, 74, 75, 76, 77, 78, 79]","[86, 87, 88, 89, 90, 91, 92, 93, 94, 95, 96, 97, 98, 99, 100, 101, 102, 103, 104, 105, 106, 107, 108]",day,62.0,5,14827,5,1.967790361390987e-06,6.417795766887318e-05,0.20005791474393061,5.834041321006097,-0.00015835046091031924,-9.562850243025612e-05,-3.189589180918606e-05,0.0,4.037437243442632e-05,0.00010567716390399435,0.00017064009268967782,0.4708302421258515,0.4462129898158764,0.08295676805827207
85,"[1, 2, 3, 4, 5, 6, 7, 8, 9, 10, 11, 12, 13, 14, 15, 16, 17, 18, 19, 20, 21, 22, 23, 24, 25, 26, 27, 28, 29, 30, 31, 32, 33, 34, 35, 36, 37, 38, 39, 40, 41, 42, 43, 44, 45, 46, 47, 48, 49, 50, 51, 52, 53, 54, 55, 56, 57, 58, 59, 60, 61, 62, 63, 64, 80, 81, 82, 83, 84, 85]","[65, 66, 67, 68, 69, 70, 71, 72, 73, 74, 75, 76, 77, 78, 79]","[86, 87, 88, 89, 90, 91, 92, 93, 94, 95, 96, 97, 98, 99, 100, 101, 102, 103, 104, 105, 106, 107, 108]",day,62.0,30,14802,30,1.1256354742599638e-05,0.00015079963945450968,0.21475229009322913,1.6770145915853871,-0.00034058480966813967,-0.00022694524795,-8.496895924597903e-05,1.0610642479091936e-05,0.0001060405533953035,0.00025544310765637237,0.00041581792720179366,0.5149304148088096,0.4566950412106472,0.02837454398054317
85,"[1, 2, 3, 4, 5, 6, 7, 8, 9, 10, 11, 12, 13, 14, 15, 16, 17, 18, 19, 20, 21, 22, 23, 24, 25, 26, 27, 28, 29, 30, 31, 32, 33, 34, 35, 36, 37, 38, 39, 40, 41, 42, 43, 44, 45, 46, 47, 48, 49, 50, 51, 52, 53, 54, 55, 56, 57, 58, 59, 60, 61, 62, 63, 64, 80, 81, 82, 83, 84, 85]","[65, 66, 67, 68, 69, 70, 71, 72, 73, 74, 75, 76, 77, 78, 79]","[86, 87, 88, 89, 90, 91, 92, 93, 94, 95, 96, 97, 98, 99, 100, 101, 102, 103, 104, 105, 106, 107, 108]",day,62.0,60,14772,60,2.2362445213480496e-05,0.00021733516760559957,0.27383397384546015,1.7766749623420046,-0.000510828073197288,-0.00031895705297343426,-0.00010625693991539453,1.665525149741054e-05,0.00014848833572345121,0.00039247716737556004,0.0006186374663254579,0.5188193880314108,0.45687787706471705,0.024302734903872192
85,"[1, 2, 3, 4, 5, 6, 7, 8, 9, 10, 11, 12, 13, 14, 15, 16, 17, 18, 19, 20, 21, 22, 23, 24, 25, 26, 27, 28, 29, 30, 31, 32, 33, 34, 35, 36, 37, 38, 39, 40, 41, 42, 43, 44, 45, 46, 47, 48, 49, 50, 51, 52, 53, 54, 55, 56, 57, 58, 59, 60, 61, 62, 63, 64, 80, 81, 82, 83, 84, 85]","[65, 66, 67, 68, 69, 70, 71, 72, 73, 74, 75, 76, 77, 78, 79]","[86, 87, 88, 89, 90, 91, 92, 93, 94, 95, 96, 97, 98, 99, 100, 101, 102, 103, 104, 105, 106, 107, 108]",day,62.0,300,14532,300,0.00010988809797741058,0.00042818179522318876,0.29956263054371624,0.5555820088457222,-0.0008385583123568874,-0.0005936486014239184,-0.00015904867685068158,8.504945061027502e-05,0.00036263076259984706,0.0008087197053862514,0.001298611504861768,0.5898018166804294,0.4001513900357831,0.010046793283787504
85,"[1, 2, 3, 4, 5, 6, 7, 8, 9, 10, 11, 12, 13, 14, 15, 16, 17, 18, 19, 20, 21, 22, 23, 24, 25, 26, 27, 28, 29, 30, 31, 32, 33, 34, 35, 36, 37, 38, 39, 40, 41, 42, 43, 44, 45, 46, 47, 48, 49, 50, 51, 52, 53, 54, 55, 56, 57, 58, 59, 60, 61, 62, 63, 64, 80, 81, 82, 83, 84, 85]","[65, 66, 67, 68, 69, 70, 71, 72, 73, 74, 75, 76, 77, 78, 79]","[86, 87, 88, 89, 90, 91, 92, 93, 94, 95, 96, 97, 98, 99, 100, 101, 102, 103, 104, 105, 106, 107, 108]",day,63.0,1,14975,1,-1.0688175208132112e-07,5.597892786366806e-05,0.22963516263496772,14.612879814083612,-0.00015122436292357432,-8.377341236252001e-05,-2.5120999487981965e-05,0.0,2.5068520624671464e-05,8.382833968383352e-05,0.00015129281626610424,0.41863105175292153,0.41936560934891487,0.1620033388981636
85,"[1, 2, 3, 4, 5, 6, 7, 8, 9, 10, 11, 12, 13, 14, 15, 16, 17, 18, 19, 20, 21, 22, 23, 24, 25, 26, 27, 28, 29, 30, 31, 32, 33, 34, 35, 36, 37, 38, 39, 40, 41, 42, 43, 44, 45, 46, 47, 48, 49, 50, 51, 52, 53, 54, 55, 56, 57, 58, 59, 60, 61, 62, 63, 64, 80, 81, 82, 83, 84, 85]","[65, 66, 67, 68, 69, 70, 71, 72, 73, 74, 75, 76, 77, 78, 79]","[86, 87, 88, 89, 90, 91, 92, 93, 94, 95, 96, 97, 98, 99, 100, 101, 102, 103, 104, 105, 106, 107, 108]",day,63.0,5,14971,5,-5.220907397624506e-07,0.00012669708820221793,0.10242732672726866,12.597728754781176,-0.00038553086150587833,-0.00018455629972330412,-5.8664297762800466e-05,0.0,5.880796262425214e-05,0.0001842561604187276,0.00031976627042715753,0.4792599024781244,0.4685057778371518,0.0522343196847238
85,"[1, 2, 3, 4, 5, 6, 7, 8, 9, 10, 11, 12, 13, 14, 15, 16, 17, 18, 19, 20, 21, 22, 23, 24, 25, 26, 27, 28, 29, 30, 31, 32, 33, 34, 35, 36, 37, 38, 39, 40, 41, 42, 43, 44, 45, 46, 47, 48, 49, 50, 51, 52, 53, 54, 55, 56, 57, 58, 59, 60, 61, 62, 63, 64, 80, 81, 82, 83, 84, 85]","[65, 66, 67, 68, 69, 70, 71, 72, 73, 74, 75, 76, 77, 78, 79]","[86, 87, 88, 89, 90, 91, 92, 93, 94, 95, 96, 97, 98, 99, 100, 101, 102, 103, 104, 105, 106, 107, 108]",day,63.0,30,14946,30,-1.768297571006943e-06,0.000301351507594674,0.05802455172402977,7.760912129433048,-0.0009625542293297816,-0.00046897238617202297,-0.00013409881409204294,2.0140716373573397e-06,0.00013446988421411676,0.00043760179091067997,0.0007396406460729696,0.5016057808109193,0.47698380837682325,0.02141041081225746
85,"[1, 2, 3, 4, 5, 6, 7, 8, 9, 10, 11, 12, 13, 14, 15, 16, 17, 18, 19, 20, 21, 22, 23, 24, 25, 26, 27, 28, 29, 30, 31, 32, 33, 34, 35, 36, 37, 38, 39, 40, 41, 42, 43, 44, 45, 46, 47, 48, 49, 50, 51, 52, 53, 54, 55, 56, 57, 58, 59, 60, 61, 62, 63, 64, 80, 81, 82, 83, 84, 85]","[65, 66, 67, 68, 69, 70, 71, 72, 73, 74, 75, 76, 77, 78, 79]","[86, 87, 88, 89, 90, 91, 92, 93, 94, 95, 96, 97, 98, 99, 100, 101, 102, 103, 104, 105, 106, 107, 108]",day,63.0,60,14916,60,-1.3571425388511337e-06,0.000430362691602216,0.26710562609974803,6.309694399681266,-0.0013109025371923933,-0.0007056392348858687,-0.000184024190825971,0.0,0.00020084060160402428,0.0006044248964987564,0.0011094431065962196,0.497385358004827,0.4861893268972915,0.01642531509788147
85,"[1, 2, 3, 4, 5, 6, 7, 8, 9, 10, 11, 12, 13, 14, 15, 16, 17, 18, 19, 20, 21, 22, 23, 24, 25, 26, 27, 28, 29, 30, 31, 32, 33, 34, 35, 36, 37, 38, 39, 40, 41, 42, 43, 44, 45, 46, 47, 48, 49, 50, 51, 52, 53, 54, 55, 56, 57, 58, 59, 60, 61, 62, 63, 64, 80, 81, 82, 83, 84, 85]","[65, 66, 67, 68, 69, 70, 71, 72, 73, 74, 75, 76, 77, 78, 79]","[86, 87, 88, 89, 90, 91, 92, 93, 94, 95, 96, 97, 98, 99, 100, 101, 102, 103, 104, 105, 106, 107, 108]",day,63.0,300,14676,300,8.247371669085378e-06,0.0009012074245707695,-0.3911945506941845,1.6196038099826389,-0.002801637366477705,-0.0015602194425843319,-0.0004362951414377536,8.378647854390131e-05,0.0005188675307533641,0.0014229290867542876,0.0020408597842103693,0.5384300899427636,0.4570046334150995,0.004565276642136822
85,"[1, 2, 3, 4, 5, 6, 7, 8, 9, 10, 11, 12, 13, 14, 15, 16, 17, 18, 19, 20, 21, 22, 23, 24, 25, 26, 27, 28, 29, 30, 31, 32, 33, 34, 35, 36, 37, 38, 39, 40, 41, 42, 43, 44, 45, 46, 47, 48, 49, 50, 51, 52, 53, 54, 55, 56, 57, 58, 59, 60, 61, 62, 63, 64, 80, 81, 82, 83, 84, 85]","[65, 66, 67, 68, 69, 70, 71, 72, 73, 74, 75, 76, 77, 78, 79]","[86, 87, 88, 89, 90, 91, 92, 93, 94, 95, 96, 97, 98, 99, 100, 101, 102, 103, 104, 105, 106, 107, 108]",day,64.0,1,14687,1,-8.645930772251725e-08,3.5184374812762655e-05,-0.33066329944098666,5.849245342965347,-0.00010504569487734816,-5.260389268824106e-05,-1.5761269327008165e-05,0.0,1.734483815984955e-05,5.255413075433424e-05,0.00010486400722758747,0.32586641247361614,0.30843603186491453,0.36569755566146933
85,"[1, 2, 3, 4, 5, 6, 7, 8, 9, 10, 11, 12, 13, 14, 15, 16, 17, 18, 19, 20, 21, 22, 23, 24, 25, 26, 27, 28, 29, 30, 31, 32, 33, 34, 35, 36, 37, 38, 39, 40, 41, 42, 43, 44, 45, 46, 47, 48, 49, 50, 51, 52, 53, 54, 55, 56, 57, 58, 59, 60, 61, 62, 63, 64, 80, 81, 82, 83, 84, 85]","[65, 66, 67, 68, 69, 70, 71, 72, 73, 74, 75, 76, 77, 78, 79]","[86, 87, 88, 89, 90, 91, 92, 93, 94, 95, 96, 97, 98, 99, 100, 101, 102, 103, 104, 105, 106, 107, 108]",day,64.0,5,14683,5,-3.836108972338515e-07,7.751195682484235e-05,-0.23250173497799287,3.0356467557635463,-0.00022731785035365215,-0.0001226602556373968,-3.505389537489245e-05,0.0,3.539513810313366e-05,0.00012248468941411517,0.00020933826365443947,0.4672069740516243,0.4539944153102227,0.07879861063815297
85,"[1, 2, 3, 4, 5, 6, 7, 8, 9, 10, 11, 12, 13, 14, 15, 16, 17, 18, 19, 20, 21, 22, 23, 24, 25, 26, 27, 28, 29, 30, 31, 32, 33, 34, 35, 36, 37, 38, 39, 40, 41, 42, 43, 44, 45, 46, 47, 48, 49, 50, 51, 52, 53, 54, 55, 56, 57, 58, 59, 60, 61, 62, 63, 64, 80, 81, 82, 83, 84, 85]","[65, 66, 67, 68, 69, 70, 71, 72, 73, 74, 75, 76, 77, 78, 79]","[86, 87, 88, 89, 90, 91, 92, 93, 94, 95, 96, 97, 98, 99, 100, 101, 102, 103, 104, 105, 106, 107, 108]",day,64.0,30,14658,30,-2.0633161780659265e-06,0.00018331614822105746,-0.11215747983018372,1.690902623097025,-0.0005074581474274264,-0.00029736993783511243,-0.00010507098859260933,0.0,0.0001050070879786702,0.00029782583488056067,0.0004619285669954986,0.49038067949242736,0.48273980079137674,0.026879519716195933
85,"[1, 2, 3, 4, 5, 6, 7, 8, 9, 10, 11, 12, 13, 14, 15, 16, 17, 18, 19, 20, 21, 22, 23, 24, 25, 26, 27, 28, 29, 30, 31, 32, 33, 34, 35, 36, 37, 38, 39, 40, 41, 42, 43, 44, 45, 46, 47, 48, 49, 50, 51, 52, 53, 54, 55, 56, 57, 58, 59, 60, 61, 62, 63, 64, 80, 81, 82, 83, 84, 85]","[65, 66, 67, 68, 69, 70, 71, 72, 73, 74, 75, 76, 77, 78, 79]","[86, 87, 88, 89, 90, 91, 92, 93, 94, 95, 96, 97, 98, 99, 100, 101, 102, 103, 104, 105, 106, 107, 108]",day,64.0,60,14628,60,-4.736422680255558e-06,0.00024560015874908013,0.09033897623023777,1.1118657834342347,-0.0006300817362431976,-0.0004081924325064045,-0.00015747480403149883,0.0,0.00013996444028635535,0.00040294451590487944,0.000647913936994906,0.48386655728739403,0.4972655181843041,0.018867924528301886
85,"[1, 2, 3, 4, 5, 6, 7, 8, 9, 10, 11, 12, 13, 14, 15, 16, 17, 18, 19, 20, 21, 22, 23, 24, 25, 26, 27, 28, 29, 30, 31, 32, 33, 34, 35, 36, 37, 38, 39, 40, 41, 42, 43, 44, 45, 46, 47, 48, 49, 50, 51, 52, 53, 54, 55, 56, 57, 58, 59, 60, 61, 62, 63, 64, 80, 81, 82, 83, 84, 85]","[65, 66, 67, 68, 69, 70, 71, 72, 73, 74, 75, 76, 77, 78, 79]","[86, 87, 88, 89, 90, 91, 92, 93, 94, 95, 96, 97, 98, 99, 100, 101, 102, 103, 104, 105, 106, 107, 108]",day,64.0,300,14388,300,-2.5180073254626455e-05,0.00044716508646400844,0.29606256125610064,0.30681706224812944,-0.0010061341813878055,-0.0007526120451709306,-0.0003323959185470571,-3.4989503148841195e-05,0.0002450476311475769,0.0008054180233400321,0.001137806797765834,0.45906310814567697,0.532666110647762,0.008270781206561023
85,"[1, 2, 3, 4, 5, 6, 7, 8, 9, 10, 11, 12, 13, 14, 15, 16, 17, 18, 19, 20, 21, 22, 23, 24, 25, 26, 27, 28, 29, 30, 31, 32, 33, 34, 35, 36, 37, 38, 39, 40, 41, 42, 43, 44, 45, 46, 47, 48, 49, 50, 51, 52, 53, 54, 55, 56, 57, 58, 59, 60, 61, 62, 63, 64, 80, 81, 82, 83, 84, 85]","[65, 66, 67, 68, 69, 70, 71, 72, 73, 74, 75, 76, 77, 78, 79]","[86, 87, 88, 89, 90, 91, 92, 93, 94, 95, 96, 97, 98, 99, 100, 101, 102, 103, 104, 105, 106, 107, 108]",day,80.0,1,23339,1,1.434265503487829e-08,2.2056389781775497e-05,0.04234378356104867,13.625671243036072,-6.570855384343988e-05,-3.291801767713043e-05,0.0,0.0,0.0,3.29169882937963e-05,6.572461386777917e-05,0.24868246283045545,0.24975363126097946,0.501563905908565
85,"[1, 2, 3, 4, 5, 6, 7, 8, 9, 10, 11, 12, 13, 14, 15, 16, 17, 18, 19, 20, 21, 22, 23, 24, 25, 26, 27, 28, 29, 30, 31, 32, 33, 34, 35, 36, 37, 38, 39, 40, 41, 42, 43, 44, 45, 46, 47, 48, 49, 50, 51, 52, 53, 54, 55, 56, 57, 58, 59, 60, 61, 62, 63, 64, 80, 81, 82, 83, 84, 85]","[65, 66, 67, 68, 69, 70, 71, 72, 73, 74, 75, 76, 77, 78, 79]","[86, 87, 88, 89, 90, 91, 92, 93, 94, 95, 96, 97, 98, 99, 100, 101, 102, 103, 104, 105, 106, 107, 108]",day,80.0,5,23335,5,5.576822990049755e-08,4.7382982780692616e-05,-0.09757764566114742,5.447773132442141,-0.00013143696089360724,-7.400311637981716e-05,-2.4677952717100382e-05,0.0,2.466871965300932e-05,7.410896343886808e-05,0.00012336549221136472,0.44272551960574247,0.42978358688665097,0.1274908935076066
85,"[1, 2, 3, 4, 5, 6, 7, 8, 9, 10, 11, 12, 13, 14, 15, 16, 17, 18, 19, 20, 21, 22, 23, 24, 25, 26, 27, 28, 29, 30, 31, 32, 33, 34, 35, 36, 37, 38, 39, 40, 41, 42, 43, 44, 45, 46, 47, 48, 49, 50, 51, 52, 53, 54, 55, 56, 57, 58, 59, 60, 61, 62, 63, 64, 80, 81, 82, 83, 84, 85]","[65, 66, 67, 68, 69, 70, 71, 72, 73, 74, 75, 76, 77, 78, 79]","[86, 87, 88, 89, 90, 91, 92, 93, 94, 95, 96, 97, 98, 99, 100, 101, 102, 103, 104, 105, 106, 107, 108]",day,80.0,30,23310,30,6.336463757889008e-07,0.00011164113475231366,-0.132252057578705,1.6380723889696442,-0.00029564068005022095,-0.0001814471146199925,-6.570450630327684e-05,0.0,6.58089565988007e-05,0.00018088535157545493,0.000279311251314196,0.49026169026169025,0.46653796653796653,0.0432003432003432
85,"[1, 2, 3, 4, 5, 6, 7, 8, 9, 10, 11, 12, 13, 14, 15, 16, 17, 18, 19, 20, 21, 22, 23, 24, 25, 26, 27, 28, 29, 30, 31, 32, 33, 34, 35, 36, 37, 38, 39, 40, 41, 42, 43, 44, 45, 46, 47, 48, 49, 50, 51, 52, 53, 54, 55, 56, 57, 58, 59, 60, 61, 62, 63, 64, 80, 81, 82, 83, 84, 85]","[65, 66, 67, 68, 69, 70, 71, 72, 73, 74, 75, 76, 77, 78, 79]","[86, 87, 88, 89, 90, 91, 92, 93, 94, 95, 96, 97, 98, 99, 100, 101, 102, 103, 104, 105, 106, 107, 108]",day,80.0,60,23280,60,1.0843789217381333e-06,0.0001567327134379424,-0.1300626432254576,0.9175977977461955,-0.00039513327516105257,-0.00026273483980262526,-9.054466734922939e-05,0.0,9.865526207641917e-05,0.00026292502449498656,0.0003696950599041159,0.4959621993127148,0.47577319587628863,0.028264604810996564
85,"[1, 2, 3, 4, 5, 6, 7, 8, 9, 10, 11, 12, 13, 14, 15, 16, 17, 18, 19, 20, 21, 22, 23, 24, 25, 26, 27, 28, 29, 30, 31, 32, 33, 34, 35, 36, 37, 38, 39, 40, 41, 42, 43, 44, 45, 46, 47, 48, 49, 50, 51, 52, 53, 54, 55, 56, 57, 58, 59, 60, 61, 62, 63, 64, 80, 81, 82, 83, 84, 85]","[65, 66, 67, 68, 69, 70, 71, 72, 73, 74, 75, 76, 77, 78, 79]","[86, 87, 88, 89, 90, 91, 92, 93, 94, 95, 96, 97, 98, 99, 100, 101, 102, 103, 104, 105, 106, 107, 108]",day,80.0,300,23040,300,-4.83066514447334e-07,0.00032788344598628323,0.0900732082411499,0.6279737014195099,-0.000801124675446454,-0.0005263071331061964,-0.0002142374890907739,1.644520457833032e-05,0.00021392486300575442,0.0005257811936097534,0.0008395794688093841,0.5118923611111111,0.4763454861111111,0.011762152777777778
85,"[1, 2, 3, 4, 5, 6, 7, 8, 9, 10, 11, 12, 13, 14, 15, 16, 17, 18, 19, 20, 21, 22, 23, 24, 25, 26, 27, 28, 29, 30, 31, 32, 33, 34, 35, 36, 37, 38, 39, 40, 41, 42, 43, 44, 45, 46, 47, 48, 49, 50, 51, 52, 53, 54, 55, 56, 57, 58, 59, 60, 61, 62, 63, 64, 80, 81, 82, 83, 84, 85]","[65, 66, 67, 68, 69, 70, 71, 72, 73, 74, 75, 76, 77, 78, 79]","[86, 87, 88, 89, 90, 91, 92, 93, 94, 95, 96, 97, 98, 99, 100, 101, 102, 103, 104, 105, 106, 107, 108]",day,81.0,1,23339,1,1.2253841285667752e-07,2.39115761549202e-05,-0.19206878369232155,7.1630332283525675,-6.486023366678362e-05,-3.3469185668888434e-05,-8.013077342439168e-06,0.0,8.018185244207388e-06,3.44904298355647e-05,6.978467994122268e-05,0.33638973392176186,0.3272633788936972,0.3363468871845409
85,"[1, 2, 3, 4, 5, 6, 7, 8, 9, 10, 11, 12, 13, 14, 15, 16, 17, 18, 19, 20, 21, 22, 23, 24, 25, 26, 27, 28, 29, 30, 31, 32, 33, 34, 35, 36, 37, 38, 39, 40, 41, 42, 43, 44, 45, 46, 47, 48, 49, 50, 51, 52, 53, 54, 55, 56, 57, 58, 59, 60, 61, 62, 63, 64, 80, 81, 82, 83, 84, 85]","[65, 66, 67, 68, 69, 70, 71, 72, 73, 74, 75, 76, 77, 78, 79]","[86, 87, 88, 89, 90, 91, 92, 93, 94, 95, 96, 97, 98, 99, 100, 101, 102, 103, 104, 105, 106, 107, 108]",day,81.0,5,23335,5,6.107129738563819e-07,5.257339938653432e-05,-0.06370606539450274,4.618801171171193,-0.00015237413366886443,-8.024304012432815e-05,-2.404356694368781e-05,0.0,2.4081781749729636e-05,8.029636069362134e-05,0.0001445597352949246,0.459438611527748,0.4463252624812513,0.09423612599100065
85,"[1, 2, 3, 4, 5, 6, 7, 8, 9, 10, 11, 12, 13, 14, 15, 16, 17, 18, 19, 20, 21, 22, 23, 24, 25, 26, 27, 28, 29, 30, 31, 32, 33, 34, 35, 36, 37, 38, 39, 40, 41, 42, 43, 44, 45, 46, 47, 48, 49, 50, 51, 52, 53, 54, 55, 56, 57, 58, 59, 60, 61, 62, 63, 64, 80, 81, 82, 83, 84, 85]","[65, 66, 67, 68, 69, 70, 71, 72, 73, 74, 75, 76, 77, 78, 79]","[86, 87, 88, 89, 90, 91, 92, 93, 94, 95, 96, 97, 98, 99, 100, 101, 102, 103, 104, 105, 106, 107, 108]",day,81.0,30,23310,30,3.5608082996004083e-06,0.00012553467333910047,-0.17841238578760707,4.580810060727259,-0.0003693243117704459,-0.000192408678084921,-5.602106392021966e-05,0.0,6.41436818471508e-05,0.00019263214168507847,0.00034507952268406414,0.4962676962676963,0.46495066495066495,0.03878163878163878
85,"[1, 2, 3, 4, 5, 6, 7, 8, 9, 10, 11, 12, 13, 14, 15, 16, 17, 18, 19, 20, 21, 22, 23, 24, 25, 26, 27, 28, 29, 30, 31, 32, 33, 34, 35, 36, 37, 38, 39, 40, 41, 42, 43, 44, 45, 46, 47, 48, 49, 50, 51, 52, 53, 54, 55, 56, 57, 58, 59, 60, 61, 62, 63, 64, 80, 81, 82, 83, 84, 85]","[65, 66, 67, 68, 69, 70, 71, 72, 73, 74, 75, 76, 77, 78, 79]","[86, 87, 88, 89, 90, 91, 92, 93, 94, 95, 96, 97, 98, 99, 100, 101, 102, 103, 104, 105, 106, 107, 108]",day,81.0,60,23280,60,7.498792579004859e-06,0.00017720029046358902,-0.29162376296350345,4.789204169956515,-0.0005304057289308495,-0.00028019861908691325,-7.207668959774427e-05,8.005764150054162e-06,8.818338528693292e-05,0.00028080298627596305,0.0004977604797955593,0.5164518900343643,0.45468213058419243,0.0288659793814433
85,"[1, 2, 3, 4, 5, 6, 7, 8, 9, 10, 11, 12, 13, 14, 15, 16, 17, 18, 19, 20, 21, 22, 23, 24, 25, 26, 27, 28, 29, 30, 31, 32, 33, 34, 35, 36, 37, 38, 39, 40, 41, 42, 43, 44, 45, 46, 47, 48, 49, 50, 51, 52, 53, 54, 55, 56, 57, 58, 59, 60, 61, 62, 63, 64, 80, 81, 82, 83, 84, 85]","[65, 66, 67, 68, 69, 70, 71, 72, 73, 74, 75, 76, 77, 78, 79]","[86, 87, 88, 89, 90, 91, 92, 93, 94, 95, 96, 97, 98, 99, 100, 101, 102, 103, 104, 105, 106, 107, 108]",day,81.0,300,23040,300,3.666741682839084e-05,0.0004066757331901931,0.12238726494740704,5.183580941574945,-0.0013311521683345706,-0.0005685840496465145,-0.00016796371983673897,3.211097560584797e-05,0.00024082844986739183,0.0005843604343762298,0.0014788018446128808,0.5381944444444444,0.45282118055555554,0.008984375
85,"[1, 2, 3, 4, 5, 6, 7, 8, 9, 10, 11, 12, 13, 14, 15, 16, 17, 18, 19, 20, 21, 22, 23, 24, 25, 26, 27, 28, 29, 30, 31, 32, 33, 34, 35, 36, 37, 38, 39, 40, 41, 42, 43, 44, 45, 46, 47, 48, 49, 50, 51, 52, 53, 54, 55, 56, 57, 58, 59, 60, 61, 62, 63, 64, 80, 81, 82, 83, 84, 85]","[65, 66, 67, 68, 69, 70, 71, 72, 73, 74, 75, 76, 77, 78, 79]","[86, 87, 88, 89, 90, 91, 92, 93, 94, 95, 96, 97, 98, 99, 100, 101, 102, 103, 104, 105, 106, 107, 108]",day,82.0,1,23339,1,1.2081290565303708e-07,2.529159002201356e-05,0.01686567502089916,6.893311290031983,-6.701921005588529e-05,-3.684445859549744e-05,-8.376717750835372e-06,0.0,8.3712831502325e-06,4.163879601295494e-05,6.702412868642149e-05,0.30506876901323965,0.30558292985989116,0.3893483011268692
85,"[1, 2, 3, 4, 5, 6, 7, 8, 9, 10, 11, 12, 13, 14, 15, 16, 17, 18, 19, 20, 21, 22, 23, 24, 25, 26, 27, 28, 29, 30, 31, 32, 33, 34, 35, 36, 37, 38, 39, 40, 41, 42, 43, 44, 45, 46, 47, 48, 49, 50, 51, 52, 53, 54, 55, 56, 57, 58, 59, 60, 61, 62, 63, 64, 80, 81, 82, 83, 84, 85]","[65, 66, 67, 68, 69, 70, 71, 72, 73, 74, 75, 76, 77, 78, 79]","[86, 87, 88, 89, 90, 91, 92, 93, 94, 95, 96, 97, 98, 99, 100, 101, 102, 103, 104, 105, 106, 107, 108]",day,82.0,5,23335,5,5.519748778664318e-07,5.277221409374176e-05,-0.1719574931776135,4.104303013871892,-0.00014222773549206203,-8.358967500332604e-05,-3.150272617241656e-05,0.0,3.337449521079172e-05,8.360164211098641e-05,0.00013408793554722464,0.45922434111849153,0.43779730019284335,0.10297835868866509
85,"[1, 2, 3, 4, 5, 6, 7, 8, 9, 10, 11, 12, 13, 14, 15, 16, 17, 18, 19, 20, 21, 22, 23, 24, 25, 26, 27, 28, 29, 30, 31, 32, 33, 34, 35, 36, 37, 38, 39, 40, 41, 42, 43, 44, 45, 46, 47, 48, 49, 50, 51, 52, 53, 54, 55, 56, 57, 58, 59, 60, 61, 62, 63, 64, 80, 81, 82, 83, 84, 85]","[65, 66, 67, 68, 69, 70, 71, 72, 73, 74, 75, 76, 77, 78, 79]","[86, 87, 88, 89, 90, 91, 92, 93, 94, 95, 96, 97, 98, 99, 100, 101, 102, 103, 104, 105, 106, 107, 108]",day,82.0,30,23310,30,3.413339052944018e-06,0.00011964668881641755,-0.24796213091400418,1.787383568543425,-0.0003255960562604021,-0.00018838987596228037,-6.685944473228123e-05,1.6731782592760425e-07,6.805458883318849e-05,0.00019729374162461558,0.0003019997385693118,0.5031746031746032,0.45684255684255687,0.03998283998283998
85,"[1, 2, 3, 4, 5, 6, 7, 8, 9, 10, 11, 12, 13, 14, 15, 16, 17, 18, 19, 20, 21, 22, 23, 24, 25, 26, 27, 28, 29, 30, 31, 32, 33, 34, 35, 36, 37, 38, 39, 40, 41, 42, 43, 44, 45, 46, 47, 48, 49, 50, 51, 52, 53, 54, 55, 56, 57, 58, 59, 60, 61, 62, 63, 64, 80, 81, 82, 83, 84, 85]","[65, 66, 67, 68, 69, 70, 71, 72, 73, 74, 75, 76, 77, 78, 79]","[86, 87, 88, 89, 90, 91, 92, 93, 94, 95, 96, 97, 98, 99, 100, 101, 102, 103, 104, 105, 106, 107, 108]",day,82.0,60,23280,60,6.709153554728648e-06,0.00016548585106427414,-0.3026515220241422,1.4009592761489493,-0.00043407850142751503,-0.0002678095438987005,-8.36694054453524e-05,1.1781042538738795e-05,0.00010885994331466531,0.0002678443876080183,0.0004022930705016581,0.5143470790378006,0.45914948453608245,0.026503436426116838
85,"[1, 2, 3, 4, 5, 6, 7, 8, 9, 10, 11, 12, 13, 14, 15, 16, 17, 18, 19, 20, 21, 22, 23, 24, 25, 26, 27, 28, 29, 30, 31, 32, 33, 34, 35, 36, 37, 38, 39, 40, 41, 42, 43, 44, 45, 46, 47, 48, 49, 50, 51, 52, 53, 54, 55, 56, 57, 58, 59, 60, 61, 62, 63, 64, 80, 81, 82, 83, 84, 85]","[65, 66, 67, 68, 69, 70, 71, 72, 73, 74, 75, 76, 77, 78, 79]","[86, 87, 88, 89, 90, 91, 92, 93, 94, 95, 96, 97, 98, 99, 100, 101, 102, 103, 104, 105, 106, 107, 108]",day,82.0,300,23040,300,2.967006046982383e-05,0.000348856853724442,-0.0426728288494525,0.6129682005344241,-0.000834297991439521,-0.0005516180797006109,-0.00018403419693852063,3.347672534426138e-05,0.00023389932393164115,0.0006199641049142943,0.0009037540213785358,0.5458767361111111,0.44088541666666664,0.013237847222222222
85,"[1, 2, 3, 4, 5, 6, 7, 8, 9, 10, 11, 12, 13, 14, 15, 16, 17, 18, 19, 20, 21, 22, 23, 24, 25, 26, 27, 28, 29, 30, 31, 32, 33, 34, 35, 36, 37, 38, 39, 40, 41, 42, 43, 44, 45, 46, 47, 48, 49, 50, 51, 52, 53, 54, 55, 56, 57, 58, 59, 60, 61, 62, 63, 64, 80, 81, 82, 83, 84, 85]","[65, 66, 67, 68, 69, 70, 71, 72, 73, 74, 75, 76, 77, 78, 79]","[86, 87, 88, 89, 90, 91, 92, 93, 94, 95, 96, 97, 98, 99, 100, 101, 102, 103, 104, 105, 106, 107, 108]",day,83.0,1,23339,1,3.83996543703444e-07,6.1281139952269e-05,0.23976983665271687,19.51758383749542,-0.000168989051347237,-9.068353623337133e-05,-1.8752240358022032e-05,0.0,2.1715626288387746e-05,9.079417321589121e-05,0.00016378174381243224,0.36535412828313124,0.36385449248039764,0.2707913792364711
85,"[1, 2, 3, 4, 5, 6, 7, 8, 9, 10, 11, 12, 13, 14, 15, 16, 17, 18, 19, 20, 21, 22, 23, 24, 25, 26, 27, 28, 29, 30, 31, 32, 33, 34, 35, 36, 37, 38, 39, 40, 41, 42, 43, 44, 45, 46, 47, 48, 49, 50, 51, 52, 53, 54, 55, 56, 57, 58, 59, 60, 61, 62, 63, 64, 80, 81, 82, 83, 84, 85]","[65, 66, 67, 68, 69, 70, 71, 72, 73, 74, 75, 76, 77, 78, 79]","[86, 87, 88, 89, 90, 91, 92, 93, 94, 95, 96, 97, 98, 99, 100, 101, 102, 103, 104, 105, 106, 107, 108]",day,83.0,5,23335,5,1.924824052110147e-06,0.00013453107715011704,0.020526691351021618,5.287429920630215,-0.00036254188361326987,-0.00021630975556985454,-7.18373741729339e-05,0.0,7.23440053161939e-05,0.00021641118124415826,0.0003536555606032543,0.4831369187915149,0.4698092993357617,0.047053781872723376
85,"[1, 2, 3, 4, 5, 6, 7, 8, 9, 10, 11, 12, 13, 14, 15, 16, 17, 18, 19, 20, 21, 22, 23, 24, 25, 26, 27, 28, 29, 30, 31, 32, 33, 34, 35, 36, 37, 38, 39, 40, 41, 42, 43, 44, 45, 46, 47, 48, 49, 50, 51, 52, 53, 54, 55, 56, 57, 58, 59, 60, 61, 62, 63, 64, 80, 81, 82, 83, 84, 85]","[65, 66, 67, 68, 69, 70, 71, 72, 73, 74, 75, 76, 77, 78, 79]","[86, 87, 88, 89, 90, 91, 92, 93, 94, 95, 96, 97, 98, 99, 100, 101, 102, 103, 104, 105, 106, 107, 108]",day,83.0,30,23310,30,1.139438741567266e-05,0.00031607734558180656,-0.024423698995713738,1.3337241155829318,-0.0008210387961611643,-0.0005048701949165957,-0.000163652729274405,1.594546399474872e-05,0.0001952129035522887,0.0005301732488007026,0.0008305457391657378,0.5111111111111111,0.47202917202917205,0.01685971685971686
85,"[1, 2, 3, 4, 5, 6, 7, 8, 9, 10, 11, 12, 13, 14, 15, 16, 17, 18, 19, 20, 21, 22, 23, 24, 25, 26, 27, 28, 29, 30, 31, 32, 33, 34, 35, 36, 37, 38, 39, 40, 41, 42, 43, 44, 45, 46, 47, 48, 49, 50, 51, 52, 53, 54, 55, 56, 57, 58, 59, 60, 61, 62, 63, 64, 80, 81, 82, 83, 84, 85]","[65, 66, 67, 68, 69, 70, 71, 72, 73, 74, 75, 76, 77, 78, 79]","[86, 87, 88, 89, 90, 91, 92, 93, 94, 95, 96, 97, 98, 99, 100, 101, 102, 103, 104, 105, 106, 107, 108]",day,83.0,60,23280,60,2.3969598855958218e-05,0.0004379678056631669,-0.04714503374320814,0.7522327168282072,-0.0011064153954981615,-0.0007115968533706885,-0.000234193678658845,2.325972014993738e-05,0.0002893300778868957,0.0007428686884905166,0.0011122834161336386,0.522680412371134,0.4663659793814433,0.01095360824742268
85,"[1, 2, 3, 4, 5, 6, 7, 8, 9, 10, 11, 12, 13, 14, 15, 16, 17, 18, 19, 20, 21, 22, 23, 24, 25, 26, 27, 28, 29, 30, 31, 32, 33, 34, 35, 36, 37, 38, 39, 40, 41, 42, 43, 44, 45, 46, 47, 48, 49, 50, 51, 52, 53, 54, 55, 56, 57, 58, 59, 60, 61, 62, 63, 64, 80, 81, 82, 83, 84, 85]","[65, 66, 67, 68, 69, 70, 71, 72, 73, 74, 75, 76, 77, 78, 79]","[86, 87, 88, 89, 90, 91, 92, 93, 94, 95, 96, 97, 98, 99, 100, 101, 102, 103, 104, 105, 106, 107, 108]",day,83.0,300,23040,300,0.00011947722456271991,0.0009941897254333466,0.15425905213230368,0.4626911281003525,-0.002248188771325759,-0.001466959896667963,-0.000522673203085966,7.243297088865841e-05,0.0007393482036542887,0.0018331178565042735,0.002673360108067069,0.53046875,0.4649739583333333,0.004557291666666667
85,"[1, 2, 3, 4, 5, 6, 7, 8, 9, 10, 11, 12, 13, 14, 15, 16, 17, 18, 19, 20, 21, 22, 23, 24, 25, 26, 27, 28, 29, 30, 31, 32, 33, 34, 35, 36, 37, 38, 39, 40, 41, 42, 43, 44, 45, 46, 47, 48, 49, 50, 51, 52, 53, 54, 55, 56, 57, 58, 59, 60, 61, 62, 63, 64, 80, 81, 82, 83, 84, 85]","[65, 66, 67, 68, 69, 70, 71, 72, 73, 74, 75, 76, 77, 78, 79]","[86, 87, 88, 89, 90, 91, 92, 93, 94, 95, 96, 97, 98, 99, 100, 101, 102, 103, 104, 105, 106, 107, 108]",day,84.0,1,23339,1,-3.1782837963565527e-07,6.22268000231953e-05,-0.2726265401311494,8.652783325983256,-0.0001756623965608073,-0.00010510126508040951,-3.492055448961473e-05,0.0,3.505512418278123e-05,9.149391509095646e-05,0.00017125679227226944,0.40258794292814604,0.3973177942499679,0.2000942628218861
85,"[1, 2, 3, 4, 5, 6, 7, 8, 9, 10, 11, 12, 13, 14, 15, 16, 17, 18, 19, 20, 21, 22, 23, 24, 25, 26, 27, 28, 29, 30, 31, 32, 33, 34, 35, 36, 37, 38, 39, 40, 41, 42, 43, 44, 45, 46, 47, 48, 49, 50, 51, 52, 53, 54, 55, 56, 57, 58, 59, 60, 61, 62, 63, 64, 80, 81, 82, 83, 84, 85]","[65, 66, 67, 68, 69, 70, 71, 72, 73, 74, 75, 76, 77, 78, 79]","[86, 87, 88, 89, 90, 91, 92, 93, 94, 95, 96, 97, 98, 99, 100, 101, 102, 103, 104, 105, 106, 107, 108]",day,84.0,5,23335,5,-1.592933088015288e-06,0.00013512546089605807,-0.06303801266999645,4.610602099877307,-0.0003625961699270341,-0.0002108663022169721,-7.05310515514701e-05,0.0,7.033770893050129e-05,0.00021071323841705955,0.00035436230806268543,0.47675166059567176,0.47675166059567176,0.04649667880865652
85,"[1, 2, 3, 4, 5, 6, 7, 8, 9, 10, 11, 12, 13, 14, 15, 16, 17, 18, 19, 20, 21, 22, 23, 24, 25, 26, 27, 28, 29, 30, 31, 32, 33, 34, 35, 36, 37, 38, 39, 40, 41, 42, 43, 44, 45, 46, 47, 48, 49, 50, 51, 52, 53, 54, 55, 56, 57, 58, 59, 60, 61, 62, 63, 64, 80, 81, 82, 83, 84, 85]","[65, 66, 67, 68, 69, 70, 71, 72, 73, 74, 75, 76, 77, 78, 79]","[86, 87, 88, 89, 90, 91, 92, 93, 94, 95, 96, 97, 98, 99, 100, 101, 102, 103, 104, 105, 106, 107, 108]",day,84.0,30,23310,30,-9.62752368478498e-06,0.00031264357939649,0.15649466119108607,3.3106987834904524,-0.0008085420875582339,-0.000475924494108787,-0.00019174417753808903,-1.7565585506196246e-05,0.00015812221104621882,0.0004927995630847559,0.0008801014873567414,0.4655512655512655,0.5160875160875161,0.018361218361218363
85,"[1, 2, 3, 4, 5, 6, 7, 8, 9, 10, 11, 12, 13, 14, 15, 16, 17, 18, 19, 20, 21, 22, 23, 24, 25, 26, 27, 28, 29, 30, 31, 32, 33, 34, 35, 36, 37, 38, 39, 40, 41, 42, 43, 44, 45, 46, 47, 48, 49, 50, 51, 52, 53, 54, 55, 56, 57, 58, 59, 60, 61, 62, 63, 64, 80, 81, 82, 83, 84, 85]","[65, 66, 67, 68, 69, 70, 71, 72, 73, 74, 75, 76, 77, 78, 79]","[86, 87, 88, 89, 90, 91, 92, 93, 94, 95, 96, 97, 98, 99, 100, 101, 102, 103, 104, 105, 106, 107, 108]",day,84.0,60,23280,60,-1.8710236447818195e-05,0.00043382224377295776,0.1191824010550884,1.5160276568575028,-0.0011182063637904715,-0.0007034711023278572,-0.0002803660530732166,-1.7680202518743915e-05,0.0002245111913742326,0.0007141503177902185,0.0011960650071141056,0.4685996563573883,0.5185567010309279,0.012843642611683848
85,"[1, 2, 3, 4, 5, 6, 7, 8, 9, 10, 11, 12, 13, 14, 15, 16, 17, 18, 19, 20, 21, 22, 23, 24, 25, 26, 27, 28, 29, 30, 31, 32, 33, 34, 35, 36, 37, 38, 39, 40, 41, 42, 43, 44, 45, 46, 47, 48, 49, 50, 51, 52, 53, 54, 55, 56, 57, 58, 59, 60, 61, 62, 63, 64, 80, 81, 82, 83, 84, 85]","[65, 66, 67, 68, 69, 70, 71, 72, 73, 74, 75, 76, 77, 78, 79]","[86, 87, 88, 89, 90, 91, 92, 93, 94, 95, 96, 97, 98, 99, 100, 101, 102, 103, 104, 105, 106, 107, 108]",day,84.0,300,23040,300,-6.844481340300908e-05,0.0009941176810187885,-0.13459552807116287,0.7775568183456292,-0.002920255789703099,-0.0016386062704195237,-0.0006677698075227556,-8.81619691957547e-05,0.0005188637767548077,0.0016758993109862396,0.0022197742533090745,0.45065104166666664,0.5432725694444445,0.006076388888888889
85,"[1, 2, 3, 4, 5, 6, 7, 8, 9, 10, 11, 12, 13, 14, 15, 16, 17, 18, 19, 20, 21, 22, 23, 24, 25, 26, 27, 28, 29, 30, 31, 32, 33, 34, 35, 36, 37, 38, 39, 40, 41, 42, 43, 44, 45, 46, 47, 48, 49, 50, 51, 52, 53, 54, 55, 56, 57, 58, 59, 60, 61, 62, 63, 64, 80, 81, 82, 83, 84, 85]","[65, 66, 67, 68, 69, 70, 71, 72, 73, 74, 75, 76, 77, 78, 79]","[86, 87, 88, 89, 90, 91, 92, 93, 94, 95, 96, 97, 98, 99, 100, 101, 102, 103, 104, 105, 106, 107, 108]",day,85.0,1,23339,1,5.506753258475544e-07,3.721430501080571e-05,1.9132156837397696,127.59189752731545,-0.00010652113963593556,-4.306261303943515e-05,-1.0764726145584547e-05,0.0,1.0767276094503231e-05,4.650323769823591e-05,0.00010643841746814874,0.36483996743647973,0.3426882042932431,0.29247182827027723
85,"[1, 2, 3, 4, 5, 6, 7, 8, 9, 10, 11, 12, 13, 14, 15, 16, 17, 18, 19, 20, 21, 22, 23, 24, 25, 26, 27, 28, 29, 30, 31, 32, 33, 34, 35, 36, 37, 38, 39, 40, 41, 42, 43, 44, 45, 46, 47, 48, 49, 50, 51, 52, 53, 54, 55, 56, 57, 58, 59, 60, 61, 62, 63, 64, 80, 81, 82, 83, 84, 85]","[65, 66, 67, 68, 69, 70, 71, 72, 73, 74, 75, 76, 77, 78, 79]","[86, 87, 88, 89, 90, 91, 92, 93, 94, 95, 96, 97, 98, 99, 100, 101, 102, 103, 104, 105, 106, 107, 108]",day,85.0,5,23335,5,2.7647053748687104e-06,8.092289129943243e-05,1.2575068811350119,32.94340947299012,-0.0002553822894034297,-0.00010667397479851015,-2.1715288979429204e-05,0.0,3.2287922164586647e-05,0.00011762219536506356,0.0002352454081062527,0.4644525391043497,0.4290979215770302,0.1064495393186201
85,"[1, 2, 3, 4, 5, 6, 7, 8, 9, 10, 11, 12, 13, 14, 15, 16, 17, 18, 19, 20, 21, 22, 23, 24, 25, 26, 27, 28, 29, 30, 31, 32, 33, 34, 35, 36, 37, 38, 39, 40, 41, 42, 43, 44, 45, 46, 47, 48, 49, 50, 51, 52, 53, 54, 55, 56, 57, 58, 59, 60, 61, 62, 63, 64, 80, 81, 82, 83, 84, 85]","[65, 66, 67, 68, 69, 70, 71, 72, 73, 74, 75, 76, 77, 78, 79]","[86, 87, 88, 89, 90, 91, 92, 93, 94, 95, 96, 97, 98, 99, 100, 101, 102, 103, 104, 105, 106, 107, 108]",day,85.0,30,23310,30,1.6556731351418234e-05,0.00018790581959030967,1.009779299450358,9.282460091398313,-0.0005111494473195588,-0.00025102456301869246,-6.457584432917329e-05,1.0703773084763668e-05,8.562445648729877e-05,0.0003229873313972509,0.0006179829948755189,0.5125268125268125,0.44972114972114974,0.037752037752037754
85,"[1, 2, 3, 4, 5, 6, 7, 8, 9, 10, 11, 12, 13, 14, 15, 16, 17, 18, 19, 20, 21, 22, 23, 24, 25, 26, 27, 28, 29, 30, 31, 32, 33, 34, 35, 36, 37, 38, 39, 40, 41, 42, 43, 44, 45, 46, 47, 48, 49, 50, 51, 52, 53, 54, 55, 56, 57, 58, 59, 60, 61, 62, 63, 64, 80, 81, 82, 83, 84, 85]","[65, 66, 67, 68, 69, 70, 71, 72, 73, 74, 75, 76, 77, 78, 79]","[86, 87, 88, 89, 90, 91, 92, 93, 94, 95, 96, 97, 98, 99, 100, 101, 102, 103, 104, 105, 106, 107, 108]",day,85.0,60,23280,60,3.286389682262838e-05,0.0002740782023751145,1.3587788609893452,10.948933005369678,-0.0007401591720617628,-0.00032265037928255746,-8.610112577223106e-05,1.93733798146134e-05,0.00011840051665679141,0.0004950922838877513,0.0009182441214022118,0.5301546391752577,0.44278350515463916,0.027061855670103094
85,"[1, 2, 3, 4, 5, 6, 7, 8, 9, 10, 11, 12, 13, 14, 15, 16, 17, 18, 19, 20, 21, 22, 23, 24, 25, 26, 27, 28, 29, 30, 31, 32, 33, 34, 35, 36, 37, 38, 39, 40, 41, 42, 43, 44, 45, 46, 47, 48, 49, 50, 51, 52, 53, 54, 55, 56, 57, 58, 59, 60, 61, 62, 63, 64, 80, 81, 82, 83, 84, 85]","[65, 66, 67, 68, 69, 70, 71, 72, 73, 74, 75, 76, 77, 78, 79]","[86, 87, 88, 89, 90, 91, 92, 93, 94, 95, 96, 97, 98, 99, 100, 101, 102, 103, 104, 105, 106, 107, 108]",day,85.0,300,23040,300,0.00015333467302463722,0.0007278943136995528,1.8017552024764467,8.73522456003382,-0.0018060317793476288,-0.0006087608201025662,-0.0001614122495790793,4.308835806554612e-05,0.00027990698475566234,0.0014826215992094324,0.0033566644313170134,0.5568142361111111,0.4329427083333333,0.010243055555555556
85,"[1, 2, 3, 4, 5, 6, 7, 8, 9, 10, 11, 12, 13, 14, 15, 16, 17, 18, 19, 20, 21, 22, 23, 24, 25, 26, 27, 28, 29, 30, 31, 32, 33, 34, 35, 36, 37, 38, 39, 40, 41, 42, 43, 44, 45, 46, 47, 48, 49, 50, 51, 52, 53, 54, 55, 56, 57, 58, 59, 60, 61, 62, 63, 64, 80, 81, 82, 83, 84, 85]","[65, 66, 67, 68, 69, 70, 71, 72, 73, 74, 75, 76, 77, 78, 79]","[86, 87, 88, 89, 90, 91, 92, 93, 94, 95, 96, 97, 98, 99, 100, 101, 102, 103, 104, 105, 106, 107, 108]",pooled,,1,1595942,70,6.614302624884587e-08,4.620011878323747e-05,-0.08354063838646128,89.19682756423516,-0.00013353067897157734,-6.677053193870908e-05,-1.6761649346386243e-05,0.0,1.6893033312870287e-05,6.648132163414862e-05,0.00012851764272076298,0.3640752608804079,0.3564509236551203,0.27947381546447175
85,"[1, 2, 3, 4, 5, 6, 7, 8, 9, 10, 11, 12, 13, 14, 15, 16, 17, 18, 19, 20, 21, 22, 23, 24, 25, 26, 27, 28, 29, 30, 31, 32, 33, 34, 35, 36, 37, 38, 39, 40, 41, 42, 43, 44, 45, 46, 47, 48, 49, 50, 51, 52, 53, 54, 55, 56, 57, 58, 59, 60, 61, 62, 63, 64, 80, 81, 82, 83, 84, 85]","[65, 66, 67, 68, 69, 70, 71, 72, 73, 74, 75, 76, 77, 78, 79]","[86, 87, 88, 89, 90, 91, 92, 93, 94, 95, 96, 97, 98, 99, 100, 101, 102, 103, 104, 105, 106, 107, 108]",pooled,,5,1595662,350,3.270368891122666e-07,0.00010100127904732566,0.32275525162204927,51.90273550324473,-0.00028848581010400775,-0.00014496424192195212,-4.106258631961235e-05,0.0,4.317711192042273e-05,0.00014270933675830655,0.00028105562099729666,0.46830782458941805,0.45515215628372424,0.07654001912685769
85,"[1, 2, 3, 4, 5, 6, 7, 8, 9, 10, 11, 12, 13, 14, 15, 16, 17, 18, 19, 20, 21, 22, 23, 24, 25, 26, 27, 28, 29, 30, 31, 32, 33, 34, 35, 36, 37, 38, 39, 40, 41, 42, 43, 44, 45, 46, 47, 48, 49, 50, 51, 52, 53, 54, 55, 56, 57, 58, 59, 60, 61, 62, 63, 64, 80, 81, 82, 83, 84, 85]","[65, 66, 67, 68, 69, 70, 71, 72, 73, 74, 75, 76, 77, 78, 79]","[86, 87, 88, 89, 90, 91, 92, 93, 94, 95, 96, 97, 98, 99, 100, 101, 102, 103, 104, 105, 106, 107, 108]",pooled,,30,1593912,2100,1.9571178388108244e-06,0.00024310496003228686,0.37725898682683356,21.33378159442359,-0.0006922789990487165,-0.0003569493179864713,-0.00010157268372001926,0.0,0.00010858570591887329,0.0003502490660027835,0.0006771660672212996,0.4960819668839936,0.47522636130476464,0.028691671811241774
85,"[1, 2, 3, 4, 5, 6, 7, 8, 9, 10, 11, 12, 13, 14, 15, 16, 17, 18, 19, 20, 21, 22, 23, 24, 25, 26, 27, 28, 29, 30, 31, 32, 33, 34, 35, 36, 37, 38, 39, 40, 41, 42, 43, 44, 45, 46, 47, 48, 49, 50, 51, 52, 53, 54, 55, 56, 57, 58, 59, 60, 61, 62, 63, 64, 80, 81, 82, 83, 84, 85]","[65, 66, 67, 68, 69, 70, 71, 72, 73, 74, 75, 76, 77, 78, 79]","[86, 87, 88, 89, 90, 91, 92, 93, 94, 95, 96, 97, 98, 99, 100, 101, 102, 103, 104, 105, 106, 107, 108]",pooled,,60,1591812,4200,3.92125897939641e-06,0.00034299288520791193,0.2952369325718673,16.29431181765172,-0.0009769916962066583,-0.0005048128813530117,-0.00014384054248450795,3.5139538044903773e-06,0.00015478079170394565,0.0004986599943945345,0.000951143708480897,0.5030550090086016,0.4772039662975276,0.019741024693870884
85,"[1, 2, 3, 4, 5, 6, 7, 8, 9, 10, 11, 12, 13, 14, 15, 16, 17, 18, 19, 20, 21, 22, 23, 24, 25, 26, 27, 28, 29, 30, 31, 32, 33, 34, 35, 36, 37, 38, 39, 40, 41, 42, 43, 44, 45, 46, 47, 48, 49, 50, 51, 52, 53, 54, 55, 56, 57, 58, 59, 60, 61, 62, 63, 64, 80, 81, 82, 83, 84, 85]","[65, 66, 67, 68, 69, 70, 71, 72, 73, 74, 75, 76, 77, 78, 79]","[86, 87, 88, 89, 90, 91, 92, 93, 94, 95, 96, 97, 98, 99, 100, 101, 102, 103, 104, 105, 106, 107, 108]",pooled,,300,1575012,21000,1.9851813517915698e-05,0.000756140009832821,0.09870344291926539,11.426711229603335,-0.002140891974713247,-0.0011205030366396528,-0.00031561101077959286,3.084658451180111e-05,0.000362129659261079,0.0011240951198391634,0.0020847331174606207,0.5208512697046118,0.4709373642867483,0.008211366008639934
