tree
version=v4
num_class=1
num_tree_per_iteration=1
label_index=0
max_feature_idx=197
objective=regression
feature_names=BB11_T1 BB11_T10 BB11_T11 BB11_T12 BB11_T2 BB11_T3 BB11_T4 BB11_T5 BB11_T6 BB11_T7 BB11_T8 BB11_T9 BB12_T1 BB12_T10 BB12_T11 BB12_T12 BB12_T2 BB12_T3 BB12_T4 BB12_T5 BB12_T6 BB12_T7 BB12_T8 BB12_T9 BB13_T1 BB13_T10 BB13_T11 BB13_T12 BB13_T2 BB13_T3 BB13_T4 BB13_T5 BB13_T6 BB13_T7 BB13_T8 BB13_T9 BB14_T1 BB14_T10 BB14_T11 BB14_T12 BB14_T2 BB14_T3 BB14_T4 BB14_T5 BB14_T6 BB14_T7 BB14_T8 BB14_T9 BB15_T1 BB15_T10 BB15_T11 BB15_T12 BB15_T2 BB15_T3 BB15_T4 BB15_T5 BB15_T6 BB15_T7 BB15_T8 BB15_T9 BB16 BB17 BB18 BB19 BB1_T1 BB1_T10 BB1_T11 BB1_T12 BB1_T2 BB1_T3 BB1_T4 BB1_T5 BB1_T6 BB1_T7 BB1_T8 BB1_T9 BB20 BB21 BB26 BB3_T12 BB4_T1 BB4_T10 BB4_T11 BB4_T12 BB4_T2 BB4_T3 BB4_T4 BB4_T5 BB4_T6 BB4_T7 BB4_T8 BB4_T9 BB5_T1 BB5_T10 BB5_T11 BB5_T12 BB5_T2 BB5_T3 BB5_T4 BB5_T5 BB5_T6 BB5_T7 BB5_T8 BB5_T9 BB6_T1 BB6_T10 BB6_T11 BB6_T12 BB6_T2 BB6_T3 BB6_T4 BB6_T5 BB6_T6 BB6_T7 BB6_T8 BB6_T9 BB7_T1 BB7_T10 BB7_T11 BB7_T12 BB7_T2 BB7_T3 BB7_T4 BB7_T5 BB7_T6 BB7_T7 BB7_T8 BB7_T9 BB8_T1 BB8_T10 BB8_T11 BB8_T12 BB8_T2 BB8_T3 BB8_T4 BB8_T5 BB8_T6 BB8_T7 BB8_T8 BB8_T9 PB10_T1 PB10_T10 PB10_T11 PB10_T12 PB10_T2 PB10_T3 PB10_T4 PB10_T5 PB10_T6 PB10_T7 PB10_T8 PB10_T9 PB11_T1 PB11_T10 PB11_T11 PB11_T12 PB11_T2 PB11_T3 PB11_T4 PB11_T5 PB11_T6 PB11_T7 PB11_T8 PB11_T9 PB12_T12 PB13_T12 PB14_T12 PB1_T12 PB4_T12 PB5_T12 PB6_T10 PB6_T11 PB6_T12 PB6_T9 PB9_T1 PB9_T10 PB9_T11 PB9_T12 PB9_T2 PB9_T3 PB9_T4 PB9_T5 PB9_T6 PB9_T7 PB9_T8 PB9_T9 PV3_B2_T1 PV3_B3_T1 PV3_B3_T2 PV3_B3_T3 PV3_B4_T1 PV3_B4_T2 PV3_B4_T3 PV3_B4_T4 PV3_B5_T1 PV3_B5_T2 PV3_B5_T3 PV3_B6_T1
feature_infos=[-3.9448418617248535:4.1576004028320312] [-3.677079439163208:4.1830835342407227] [-3.4720139503479004:4.1838579177856445] [-3.058147668838501:4.2091398239135742] [-3.9283373355865479:4.1657729148864746] [-3.894681453704834:4.2028799057006836] [-3.8959767818450928:4.192934513092041] [-3.8954896926879883:4.1921114921569824] [-3.8649246692657471:4.2053155899047852] [-3.8143494129180908:4.202141284942627] [-3.7491917610168457:4.190460205078125] [-3.7251045703887939:4.1858234405517578] [-3.9575636386871338:4.161653995513916] [-3.8263163566589355:4.0570387840270996] [-3.8191967010498047:4.0654864311218262] [-3.8079667091369629:4.1546144485473633] [-3.9533650875091553:4.1653580665588379] [-3.943336009979248:4.1648983955383301] [-3.9342949390411377:4.1794400215148926] [-3.9277167320251465:4.1911282539367676] [-3.9220294952392578:4.2009129524230957] [-3.8958826065063477:4.1272463798522949] [-3.8660116195678711:4.1082019805908203] [-3.8475785255432129:4.0771265029907227] [-3.9525144100189209:4.1589937210083008] [-3.7076261043548584:4.1222071647644043] [-3.6923389434814453:4.1305499076843262] [-3.5246365070343018:4.1712150573730469] [-3.944988489151001:4.1585054397583008] [-3.9170353412628174:4.1744441986083984] [-3.8934578895568848:4.187471866607666] [-3.8909494876861572:4.1946163177490234] [-3.8879444599151611:4.1970505714416504] [-3.8578596115112305:4.1778321266174316] [-3.8027579784393311:4.1510286331176758] [-3.7594547271728516:4.137547492980957] [-3.9365639686584473:4.1610298156738281] [-3.6965351104736328:4.1239533424377441] [-3.6813056468963623:4.1333465576171875] [-3.5103652477264404:4.1733341217041016] [-3.9283568859100342:4.1641778945922852] [-3.9087057113647461:4.1846122741699219] [-3.8878509998321533:4.1935038566589355] [-3.8847873210906982:4.1980061531066895] [-3.881256103515625:4.2006597518920898] [-3.849390983581543:4.1805338859558105] [-3.7943000793457031:4.1525630950927734] [-3.7497475147247314:4.1389894485473633] [-3.9682013988494873:4.1634402275085449] [-3.718597412109375:4.120366096496582] [-3.7032544612884521:4.1276149749755859] [-3.5388000011444092:4.1689701080322266] [-3.9614131450653076:4.1619148254394531] [-3.9269270896911621:4.1640939712524414] [-3.904778003692627:4.1812715530395508] [-3.8970949649810791:4.1910638809204102] [-3.8947873115539551:4.1932816505432129] [-3.8662188053131104:4.1749796867370605] [-3.8111550807952881:4.1493496894836426] [-3.7690372467041016:4.1359643936157227] [-3.0806546211242676:4.4588098526000977] [-1.4759784936904907:4.9145102500915527] [-4.7135324478149414:3.1840572357177734] [-1.1035294532775879:5.1690554618835449] [-3.9534304141998291:4.1568155288696289] [-3.734419584274292:4.1054210662841797] [-3.7192809581756592:4.1008129119873047] [-3.5661666393280029:4.1902151107788086] [-3.9469022750854492:4.1572322845458984] [-3.91969895362854:4.1859464645385742] [-3.8995046615600586:4.1957845687866211] [-3.888770580291748:4.2093410491943359] [-3.8846967220306396:4.2090601921081543] [-3.8624997138977051:4.1997900009155273] [-3.8011322021484375:4.137209415435791] [-3.7749595642089844:4.1220312118530273] [-5.4430155754089355:1.7164729833602905] [-1.0788307189941406:5.2159461975097656] [-4.2943477630615234:5.9761004447937012] [-5.5723295211791992:6.88629150390625] [-3.9537630081176758:4.1584105491638184] [-3.767953634262085:4.1120800971984863] [-3.7407383918762207:4.1223301887512207] [-3.5626459121704102:4.2262921333312988] [-3.9447336196899414:4.1606950759887695] [-3.9212572574615479:4.1740388870239258] [-3.9029741287231445:4.1902709007263184] [-3.8905560970306396:4.2034430503845215] [-3.8875517845153809:4.2059326171875] [-3.8601071834564209:4.1802797317504883] [-3.8110823631286621:4.1238903999328613] [-3.7873618602752686:4.115363597869873] [-3.9525144100189209:4.1589937210083008] [-3.7076261043548584:4.1222071647644043] [-3.6923389434814453:4.1305499076843262] [-3.5246365070343018:4.1712150573730469] [-3.944988489151001:4.1585054397583008] [-3.9170353412628174:4.1744441986083984] [-3.8934578895568848:4.187471866607666] [-3.8909494876861572:4.1946163177490234] [-3.8879444599151611:4.1970505714416504] [-3.8578596115112305:4.1778321266174316] [-3.8027579784393311:4.1510286331176758] [-3.7594547271728516:4.137547492980957] [-3.9537630081176758:4.1584105491638184] [-3.767953634262085:4.1120800971984863] [-3.7407383918762207:4.1223301887512207] [-3.5626459121704102:4.2262921333312988] [-3.9447336196899414:4.1606950759887695] [-3.9212572574615479:4.1740388870239258] [-3.9029741287231445:4.1902709007263184] [-3.8905560970306396:4.2034430503845215] [-3.8875517845153809:4.2059326171875] [-3.8601071834564209:4.1802797317504883] [-3.8110823631286621:4.1238903999328613] [-3.7873618602752686:4.115363597869873] [-3.9451193809509277:4.1740055084228516] [-3.7144970893859863:4.4582910537719727] [-3.6161212921142578:4.4714765548706055] [-3.1393532752990723:4.2656326293945312] [-3.9269099235534668:4.1858892440795898] [-3.9018473625183105:4.1816763877868652] [-3.9085826873779297:4.1961650848388672] [-3.8962912559509277:4.2155952453613281] [-3.875605583190918:4.2358365058898926] [-3.8119885921478271:4.2934451103210449] [-3.742180347442627:4.2784895896911621] [-3.7253413200378418:4.2126469612121582] [-3.9620325565338135:4.1632061004638672] [-3.8594741821289062:4.0456829071044922] [-3.847062349319458:4.0216832160949707] [-3.8362901210784912:4.1496820449829102] [-3.9744524955749512:4.1660146713256836] [-3.9494812488555908:4.1650266647338867] [-3.9414920806884766:4.1866421699523926] [-3.9437394142150879:4.2022809982299805] [-3.9412543773651123:4.206082820892334] [-3.9369382858276367:4.1112837791442871] [-3.8723633289337158:4.0780072212219238] [-3.8225979804992676:4.0241289138793945] [-3.944936990737915:4.1609196662902832] [-3.6771790981292725:4.1831984519958496] [-3.4721083641052246:4.1839718818664551] [-3.0582242012023926:4.2092428207397461] [-3.9248995780944824:4.1658816337585449] [-3.8947770595550537:4.2029929161071777] [-3.8960733413696289:4.1994071006774902] [-3.8955857753753662:4.192223072052002] [-3.865018367767334:4.2054257392883301] [-3.8144412040710449:4.2022509574890137] [-3.7492921352386475:4.1905779838562012] [-3.7252068519592285:4.1859421730041504] [-3.9541254043579102:4.1617617607116699] [-3.8264162540435791:4.0571408271789551] [-3.8192989826202393:4.0655918121337891] [-3.8080782890319824:4.1547341346740723] [-3.9534597396850586:4.1654653549194336] [-3.9434309005737305:4.1650032997131348] [-3.9343898296356201:4.1795449256896973] [-3.9278123378753662:4.1912326812744141] [-3.9221241474151611:4.2010164260864258] [-3.8959798812866211:4.1273455619812012] [-3.8661088943481445:4.1083016395568848] [-3.8476786613464355:4.0772280693054199] [-5.5127010345458984:5.9274306297302246] [-5.5418071746826172:5.8941125869750977] [-4.6624507904052734:2.9246585369110107] [-5.5779857635498047:5.8432450294494629] [-5.5779857635498047:5.8432450294494629] [-5.5127010345458984:5.9274306297302246] [-5.0282034873962402:5.7643947601318359] [-4.9308366775512695:5.7515077590942383] [-5.1017484664916992:4.9685859680175781] [-5.1534981727600098:6.1134448051452637] [-3.9387366771697998:4.164243221282959] [-3.9387366771697998:4.164243221282959] [-3.9387366771697998:4.164243221282959] [-3.9387366771697998:4.164243221282959] [-3.9387366771697998:4.164243221282959] [-3.9387366771697998:4.164243221282959] [-3.9387366771697998:4.164243221282959] [-3.9387366771697998:4.164243221282959] [-3.9387366771697998:4.164243221282959] [-3.9387366771697998:4.164243221282959] [-3.9387366771697998:4.164243221282959] [-3.9387366771697998:4.164243221282959] [-2.5637581348419189:18.562255859375] [-4.6848044395446777:18.415975570678711] [-6.5925426483154297:31.307437896728516] [-11.273756980895996:66.956253051757812] [-10.699183464050293:15.247297286987305] [-17.197221755981445:26.269073486328125] [-30.641643524169922:57.636024475097656] [-39.700435638427734:86.500030517578125] [-15.47887134552002:9.0005874633789062] [-25.479190826416016:13.764421463012695] [-45.882015228271484:21.228530883789062] [-15.354572296142578:3.414064884185791]
tree_sizes=1631 1625 1630 1630 1630 1624 1633 1628 1633 1620 1644 1651 1646 1656 1639 1659 1644 1649 1651 1646 1660 1649 1648 1662 1650 1660 1662 1642 1666 1648 1654 1670 1641 1657 1632 1660 1615 1651 1666 1631 1657 1651 1659 1639 1630 1672 1655 1639 1646 1626 1672 1641 1647 1686 1669 1635 1630 1644 1658 1640 1651 1630 1667 1636 1624 1627 1681 1667 1672 1646 1623 1640 1656 1632 1634 1662 1647 1655 1642 1629 1662 1634 1634 1678 1646 1646 1636 1676 1611 1629 1657 1642 1627 1664 1662 1613 1684 1618 1633 1642 1662 1639 1622 1657 1634 1633 1632 1659 1638 1650 1627 1667 1674 1664 1645 1613 1634 1639 1659 1656 1653 1629 1629 1645 1673 1647 1656 1643 1634 1656 1661 1609 1641 1654 1651 1624 1632 1625 1661 1639 1633 1669 1657 1640 1634 1670 1655 1632 1648 1644 1643 1672 1634 1639 1644 1631 1658 1655 1666 1649 1658 1632 1639 1638 1671 1658 1678 1643 1647 1642 1672 1647 1662 1632 1647 1634 1633 1639 1660 1670 1638 1632 1639 1636 1623 1666 1640 1636 1676 1641 1648 1621 1668 1633 1646 1628 1680 1636 1657 1634

Tree=0
num_leaves=15
num_cat=0
split_feature=166 173 171 62 79 171 119 61 46 79 76 117 127 62
split_gain=0.00248313 0.00201777 0.0163167 0.00787864 0.00184805 0.0018098 0.0017516 0.00161528 0.00159834 0.00133457 0.00121397 0.00101481 0.00098122 0.000972637
threshold=-2.4400694370269771 -1.9579663872718809 -0.26035606861114496 -0.4158311784267425 -3.0300148725509639 -3.8413599729537959 -2.0278869867324825 -1.0934244990348814 3.4963126182556157 -1.5298228263854978 0.3487630188465119 0.23608364909887317 -1.5049835443496702 0.5471799671649934
decision_type=2 2 2 2 2 2 2 2 2 2 2 2 2 2
left_child=4 2 5 -4 12 -2 -3 -6 9 -8 11 -9 -1 -7
right_child=1 6 3 -5 7 13 8 10 -10 -11 -12 -13 -14 -15
leaf_value=-1.3599322906442463e-05 -1.3625885477394949e-05 2.5782819528227813e-05 0.0001797006506066726 -6.4156213785077906e-06 2.0333767769654978e-05 9.9337096290340232e-06 1.3235581770015152e-05 -3.4706422852568494e-05 -1.0060690415754375e-05 5.3945733186416215e-06 2.6583811381542926e-05 1.4249934499999951e-05 2.0371798942063483e-05 3.2332497997413687e-05
leaf_weight=1201 2748 3847 771 278 771 14070 20107 4267 5900 686865 362 417 2104 1992
leaf_count=1201 2748 3847 771 278 771 14070 20107 4267 5900 686865 362 417 2104 1992
internal_value=5.66548e-06 5.85814e-06 1.52908e-05 0.000130384 -9.88984e-06 8.86434e-06 5.59681e-06 -2.0067e-05 5.48781e-06 5.61763e-06 -2.62477e-05 -3.03407e-05 8.01591e-06 1.27149e-05
internal_weight=745700 736578 19859 1049 9122 18810 716719 5817 712872 706972 5046 4684 3305 16062
internal_count=745700 736578 19859 1049 9122 18810 716719 5817 712872 706972 5046 4684 3305 16062
is_linear=0
shrinkage=1


Tree=1
num_leaves=15
num_cat=0
split_feature=166 173 171 62 79 171 119 61 22 74 130 76 117 127
split_gain=0.00233629 0.00189862 0.0153533 0.00741392 0.00173876 0.00170289 0.0016481 0.00151989 0.00150994 0.00284273 0.00256988 0.00114236 0.000954941 0.000923273
threshold=-2.4400694370269771 -1.9579663872718809 -0.26035606861114496 -0.4158311784267425 -3.0300148725509639 -3.8413599729537959 -2.0278869867324825 -1.0934244990348814 2.8036504983901982 3.1450626850128178 2.832178115844727 0.3487630188465119 0.23608364909887317 -1.5049835443496702
decision_type=2 2 2 2 2 2 2 2 2 2 2 2 2 2
left_child=4 2 5 -4 13 -2 -3 -6 10 -10 -8 12 -9 -1
right_child=1 6 3 -5 7 -7 8 11 9 -11 -12 -13 -14 -15
leaf_value=-1.868734134249442e-05 -1.8712837351993394e-05 1.9513974356016376e-05 0.00016882088375350801 -1.1719968837841337e-05 1.4228807380063864e-05 6.8380970114834594e-06 -3.6460456458676325e-08 -3.9161031198799275e-05 -4.714225333922303e-05 -5.0543221006798949e-06 4.6977114451002442e-05 2.0292508711123398e-05 8.3275351304118914e-06 1.4265337408571985e-05
leaf_weight=1201 2748 3847 771 278 771 16062 696222 4267 1610 13993 1047 362 417 2104
leaf_count=1201 2748 3847 771 278 771 16062 696222 4267 1610 13993 1047 362 417 2104
internal_value=0 1.8689e-07 9.33679e-06 0.000120981 -1.50884e-05 3.10291e-06 -6.66078e-08 -2.496e-05 -1.72343e-07 -9.40184e-06 3.41581e-08 -3.09555e-05 -3.4926e-05 2.2796e-06
internal_weight=745700 736578 19859 1049 9122 18810 716719 5817 712872 15603 697269 5046 4684 3305
internal_count=745700 736578 19859 1049 9122 18810 716719 5817 712872 15603 697269 5046 4684 3305
is_linear=0
shrinkage=0.03


Tree=2
num_leaves=15
num_cat=0
split_feature=166 173 171 62 79 171 83 46 63 130 129 131 62 22
split_gain=0.00219813 0.00178648 0.0144468 0.00697661 0.00163593 0.00160229 0.0015705 0.00147735 0.00143123 0.00131058 0.00107492 0.000958375 0.000915198 0.000899307
threshold=-2.4400694370269771 -1.9579663872718809 -0.26035606861114496 -0.4158311784267425 -3.0300148725509639 -3.8413599729537959 -2.1705052852630611 3.4963126182556157 -0.87223485112190235 -2.1264885663986202 -1.7643501758575437 -2.1440194845199581 0.5471799671649934 3.3235197067260747
decision_type=2 2 2 2 2 2 2 2 2 2 2 2 2 2
left_child=4 2 5 -4 -1 -2 11 9 -6 -8 -10 -3 -7 -9
right_child=1 6 3 -5 8 12 7 13 10 -11 -12 -13 -14 -15
leaf_value=2.2108973337545571e-06 -1.8151655518970972e-05 1.3260506533991806e-05 0.00016376281773741174 -1.1369629935364573e-05 1.3988525214841247e-05 3.9350616716821921e-06 -1.7012899104196018e-05 -4.4206999422899267e-05 -6.3416185618019453e-05 6.8386926597740575e-08 -2.4248094514842898e-05 5.6232197880919759e-05 2.5662367270806916e-05 -1.0377955471892997e-05
leaf_weight=3305 2748 2325 771 278 765 14070 4065 822 740 703844 4312 585 1992 5078
leaf_count=3305 2748 2325 771 278 765 14070 4065 822 740 703844 4312 585 1992 5078
internal_value=0 1.81288e-07 9.05686e-06 0.000117355 -1.46354e-05 3.00975e-06 -6.46091e-08 -1.5433e-07 -2.42108e-05 -2.96798e-08 -3.00027e-05 2.19258e-05 6.63297e-06 -1.51029e-05
internal_weight=745700 736578 19859 1049 9122 18810 716719 713809 5817 707909 5052 2910 16062 5900
internal_count=745700 736578 19859 1049 9122 18810 716719 713809 5817 707909 5052 2910 16062 5900
is_linear=0
shrinkage=0.03


Tree=3
num_leaves=15
num_cat=0
split_feature=166 173 171 62 79 171 119 46 61 79 129 119 62 76
split_gain=0.00206826 0.001681 0.0135939 0.00656511 0.00153932 0.00150764 0.00147956 0.00138762 0.00134953 0.00125252 0.00113726 0.000872318 0.000861127 0.00085096
threshold=-2.4400694370269771 -1.9579663872718809 -0.26035606861114496 -0.4158311784267425 -3.0300148725509639 -3.8413599729537959 -2.0278869867324825 3.4963126182556157 -1.0154495835304258 -1.5298228263854978 -1.7643501758575437 -0.1352775692939758 0.5471799671649934 0.3487630188465119
decision_type=2 2 2 2 2 2 2 2 2 2 2 2 2 2
left_child=4 2 5 -4 11 -2 -3 9 -6 -8 -10 -1 -7 -12
right_child=1 6 3 -5 8 12 7 -9 10 -11 13 -13 -14 -15
leaf_value=-1.373154346271861e-05 -1.7607304521920466e-05 1.8489694864845763e-05 0.00015885629656091057 -1.1029763869121789e-05 1.2454229555819647e-05 3.8170180419004466e-06 7.3381779866918081e-06 -1.4650207299590693e-05 -6.4849358663319166e-05 -2.5798357220096976e-07 -2.7558703801754153e-05 1.7096056795658881e-05 2.4892882555899511e-05 2.0410849016877086e-05
leaf_weight=1602 2748 3847 771 278 808 14070 20107 5900 697 686865 3950 1703 1992 362
leaf_count=1602 2748 3847 771 278 808 14070 20107 5900 697 686865 3950 1703 1992 362
internal_value=0 1.75855e-07 8.7854e-06 0.000113838 -1.41965e-05 2.91948e-06 -6.26696e-08 -1.62855e-07 -2.34848e-05 -4.18885e-08 -2.92895e-05 2.14459e-06 6.43409e-06 -2.35208e-05
internal_weight=745700 736578 19859 1049 9122 18810 716719 712872 5817 706972 5009 3305 16062 4312
internal_count=745700 736578 19859 1049 9122 18810 716719 712872 5817 706972 5009 3305 16062 4312
is_linear=0
shrinkage=0.03


Tree=4
num_leaves=15
num_cat=0
split_feature=166 173 171 62 79 171 83 22 74 130 61 129 125 131
split_gain=0.00194605 0.00158174 0.0127913 0.00617788 0.00148276 0.00141858 0.00141656 0.0013265 0.00272348 0.00240974 0.00111817 0.00143684 0.000979069 0.000895956
threshold=-2.4400694370269771 -1.9579663872718809 -0.26035606861114496 -0.4158311784267425 -3.3499958515167232 -3.8413599729537959 -2.1705052852630611 2.8036504983901982 3.1450626850128178 2.832178115844727 -1.0154495835304258 -1.7643501758575437 -1.6088597178459165 -2.1440194845199581
decision_type=2 2 2 2 2 2 2 2 2 2 2 2 2 2
left_child=4 2 5 -4 -1 -2 13 9 -9 -8 -6 12 -12 -3
right_child=1 6 3 -5 10 -7 7 8 -10 -11 11 -13 -14 -15
leaf_value=1.0650558646597091e-05 -1.7079277278538055e-05 1.2445510785224318e-05 0.00015409677385191492 -1.070005710961566e-05 1.0909031532519761e-05 6.2411761469292215e-06 -2.099807094165418e-08 -4.5737041437344014e-05 -4.5414923251205841e-06 4.5504157497190823e-05 -4.0901953992900071e-05 -1.7894255383313281e-05 -0.00011123795398954286 5.3994364640802631e-05
leaf_weight=1795 2748 2325 771 278 932 16062 697159 1610 13993 1047 828 5339 228 585
leaf_count=1795 2748 2325 771 278 932 16062 697159 1610 13993 1047 828 5339 228 585
internal_value=0 1.70587e-07 8.52208e-06 0.000110426 -1.37707e-05 2.83191e-06 -6.07876e-08 -1.46001e-07 -8.79685e-06 4.72916e-08 -1.97582e-05 -2.42334e-05 -5.62074e-05 2.08241e-05
internal_weight=745700 736578 19859 1049 9122 18810 716719 713809 15603 698206 7327 6395 1056 2910
internal_count=745700 736578 19859 1049 9122 18810 716719 713809 15603 698206 7327 6395 1056 2910
is_linear=0
shrinkage=0.03


Tree=5
num_leaves=15
num_cat=0
split_feature=166 173 171 62 79 171 83 46 130 61 76 117 22 131
split_gain=0.00183117 0.00148831 0.012036 0.0058135 0.00140033 0.00133477 0.00133297 0.00128343 0.0012336 0.00120878 0.000999341 0.000879039 0.000846295 0.000843073
threshold=-2.4400694370269771 -1.9579663872718809 -0.26035606861114496 -0.4158311784267425 -3.0300148725509639 -3.8413599729537959 -2.1705052852630611 3.4963126182556157 -2.1264885663986202 -1.0934244990348814 0.33924198150634771 0.23608364909887317 3.3235197067260747 -2.1440194845199581
decision_type=2 2 2 2 2 2 2 2 2 2 2 2 2 2
left_child=4 2 5 -4 -1 -2 13 8 -8 -6 11 -11 -9 -3
right_child=1 6 3 -5 9 -7 7 12 -10 10 -12 -13 -14 -15
leaf_value=2.2274537626417872e-06 -1.6567085161401679e-05 1.2072305798736677e-05 0.00014947986175096233 -1.0380205661445008e-05 1.272851305732695e-05 6.0539526155016025e-06 -1.6502284852180264e-05 -4.2307347672211977e-05 6.9704103230737112e-08 -3.5399506068720259e-05 1.9736197565387321e-05 1.016433608464859e-05 -9.4910407139624387e-06 5.2377298016247337e-05
leaf_weight=3305 2748 2325 771 278 771 16062 4065 822 703844 4258 371 417 5078 585
leaf_count=3305 2748 2325 771 278 771 16062 4065 822 703844 4258 371 417 5078 585
internal_value=0 1.65476e-07 8.26657e-06 0.000107117 -1.33581e-05 2.74689e-06 -5.89604e-08 -1.41622e-07 -2.54374e-08 -2.22172e-05 -2.75641e-05 -3.13276e-05 -1.40746e-05 2.02004e-05
internal_weight=745700 736578 19859 1049 9122 18810 716719 713809 707909 5817 5046 4675 5900 2910
internal_count=745700 736578 19859 1049 9122 18810 716719 713809 707909 5817 5046 4675 5900 2910
is_linear=0
shrinkage=0.03


Tree=6
num_leaves=15
num_cat=0
split_feature=166 173 171 62 79 119 171 78 172 61 129 125 77 127
split_gain=0.00172284 0.0014004 0.0113254 0.00547062 0.00134069 0.00126737 0.00125591 0.00124697 0.00120739 0.000996553 0.00134834 0.000917275 0.000812352 0.000782654
threshold=-2.4400694370269771 -1.9579663872718809 -0.26035606861114496 -0.4158311784267425 -3.3499958515167232 -2.0278869867324825 -3.8413599729537959 -2.4790151119232173 3.846737384796143 -1.0154495835304258 -1.7643501758575437 -1.6088597178459165 -0.36207683384418482 -1.5049835443496702
decision_type=2 2 2 2 2 2 2 2 2 2 2 2 2 2
left_child=4 2 6 -4 13 -3 -2 -7 -9 -6 11 -11 -8 -1
right_child=1 5 3 -5 9 7 12 8 -10 10 -12 -13 -14 -15
leaf_value=-1.1134819714385835e-05 -1.6070253731741049e-05 1.7113399367498104e-05 0.00014500128040125112 -1.0069915922287828e-05 1.0299792767179417e-05 1.7993489858707897e-05 -2.6124786290189984e-06 -1.2919500662289089e-07 -1.4485790650823271e-05 -3.9033698192181476e-05 -1.6734496642982788e-05 -0.00010711436246444499 1.1234584889542839e-05 2.8570229962898468e-05
leaf_weight=827 2748 3847 771 278 932 3392 6218 704169 5311 828 5339 228 9844 968
leaf_count=827 2748 3847 771 278 932 3392 6218 704169 5311 828 5339 228 9844 968
internal_value=0 1.60515e-07 8.01872e-06 0.000103906 -1.29569e-05 -5.71904e-08 2.66442e-06 -1.49917e-07 -2.36728e-07 -1.86505e-05 -2.28753e-05 -5.38487e-05 5.87235e-06 1.02644e-05
internal_weight=745700 736578 19859 1049 9122 716719 18810 712872 709480 7327 6395 1056 16062 1795
internal_count=745700 736578 19859 1049 9122 716719 18810 712872 709480 7327 6395 1056 16062 1795
is_linear=0
shrinkage=0.03


Tree=7
num_leaves=15
num_cat=0
split_feature=166 173 171 62 79 22 74 130 83 171 63 46 76 117
split_gain=0.00162116 0.00131767 0.0106567 0.00514797 0.00127402 0.00120751 0.00257858 0.00226486 0.00118745 0.00118171 0.00108235 0.000998759 0.000932938 0.000818941
threshold=-2.4400694370269771 -1.9579663872718809 -0.26035606861114496 -0.4158311784267425 -3.0300148725509639 2.8036504983901982 3.1450626850128178 2.832178115844727 -2.1705052852630611 -3.8413599729537959 -0.87223485112190235 3.4963126182556157 0.33924198150634771 0.23608364909887317
decision_type=2 2 2 2 2 2 2 2 2 2 2 2 2 2
left_child=4 2 9 -4 -1 7 -7 8 -3 -2 -6 -8 13 -12
right_child=1 5 3 -5 10 6 11 -9 -10 -11 12 -13 -14 -15
leaf_value=2.2969024150934408e-06 -1.5588321818548193e-05 1.9182862662570041e-05 0.000140656875271475 -9.7689012037427403e-06 1.2196451557189222e-05 -4.4253581945057821e-05 2.6713164922511811e-06 4.4197599582625368e-05 -1.7622926550579394e-08 5.6961350059681004e-06 -3.3613101064547903e-05 -1.3555653161157279e-05 1.9646387761318326e-05 1.036096954104397e-05
leaf_weight=3305 2748 2910 771 278 765 1610 8093 1047 697159 16062 4264 5900 371 417
leaf_count=3305 2748 2910 771 278 765 1610 8093 1047 697159 16062 4264 5900 371 417
internal_value=0 1.55703e-07 7.77826e-06 0.000100792 -1.25687e-05 -5.54727e-08 -8.30959e-06 1.28187e-07 6.21728e-08 2.58438e-06 -2.10189e-05 -4.16895e-06 -2.60559e-05 -2.9688e-05
internal_weight=745700 736578 19859 1049 9122 716719 15603 701116 700069 18810 5817 13993 5052 4681
internal_count=745700 736578 19859 1049 9122 716719 15603 701116 700069 18810 5817 13993 5052 4681
is_linear=0
shrinkage=0.03


Tree=8
num_leaves=15
num_cat=0
split_feature=166 173 171 62 79 133 119 78 172 167 61 129 9 1
split_gain=0.00152524 0.00123984 0.0100275 0.00484435 0.00121204 0.00114768 0.00112741 0.00115841 0.00111646 0.000895329 0.000888421 0.00126518 0.000863217 0.000746733
threshold=-2.4400694370269771 -1.9579663872718809 -0.26035606861114496 -0.4158311784267425 -3.3499958515167232 3.4153791666030888 -2.0278869867324825 -2.4790151119232173 -2.0878777503967281 -2.4618319272994991 -1.0154495835304258 -1.7643501758575437 -1.6551994085311887 4.0707132816314706
decision_type=2 2 2 2 2 2 2 2 2 2 2 2 2 2
left_child=4 2 8 -4 -1 6 -3 -8 -2 -10 -6 12 -12 -7
right_child=1 5 3 -5 10 13 7 -9 9 -11 11 -13 -14 -15
leaf_value=9.8874218623317297e-06 -1.0856625622160606e-05 1.6249930813862856e-05 0.00013644262924784954 -9.4768848324360253e-06 9.7284379716646918e-06 -1.9523328597294597e-05 1.7454372997127057e-05 -1.1698988431864888e-07 2.1371207325555093e-05 2.7579901169853778e-06 -3.4846146127362589e-05 -1.5645565995768513e-05 -9.5886043032122106e-05 4.8773829781356108e-06
leaf_weight=1795 4329 3847 771 278 932 4377 3392 703585 2912 11569 768 5339 288 1518
leaf_count=1795 4329 3847 771 278 932 4377 3392 703585 2912 11569 768 5339 288 1518
internal_value=0 1.51037e-07 7.54505e-06 9.77711e-05 -1.21912e-05 -5.38068e-08 5.54848e-08 -3.26174e-08 2.50678e-06 6.50423e-06 -1.76049e-05 -2.1594e-05 -5.15967e-05 -1.32351e-05
internal_weight=745700 736578 19859 1049 9122 716719 710824 706977 18810 14481 7327 6395 1056 5895
internal_count=745700 736578 19859 1049 9122 716719 710824 706977 18810 14481 7327 6395 1056 5895
is_linear=0
shrinkage=0.03


Tree=9
num_leaves=15
num_cat=0
split_feature=166 79 166 173 119 173 171 79 79 83 171 130 61 76
split_gain=0.0014352 0.00120661 0.00218817 0.00242136 0.00138255 0.00127242 0.0095499 0.00120633 0.00115764 0.00114377 0.00112862 0.00120861 0.000969234 0.000873048
threshold=-2.4400694370269771 -1.5298228263854978 -0.77908113598823536 -2.0405433177947994 3.5529226064682011 -1.9579663872718809 -0.2719441950321197 1.2273300886154177 -3.0300148725509639 -2.1705052852630611 -3.8413599729537959 -1.2076205015182493 -1.0934244990348814 0.3487630188465119
decision_type=2 2 2 2 2 2 2 2 2 2 2 2 2 2
left_child=8 2 10 -4 5 6 -3 -6 -1 -7 -2 -12 -10 -14
right_child=1 4 3 -5 7 9 -8 -9 12 -11 11 -13 13 -15
leaf_value=2.3441468694363577e-06 -1.4990962688973566e-05 2.3456593352277555e-06 0.00012562302724396774 2.1259428036531903e-05 -6.5977438825299793e-06 1.8830549398031583e-05 0.00012967837777203819 -3.5380227924045255e-05 1.1408366572796821e-05 -1.5120832419110169e-07 1.3292230117575407e-05 0 -2.8141000975648992e-05 2.0126061666125362e-05
leaf_weight=3305 2848 6530 211 3627 10729 2868 576 1493 771 681187 9726 16783 4684 362
leaf_count=3305 2848 6530 211 3627 10729 2868 576 1493 771 681187 9726 16783 4684 362
internal_value=7.9734e-13 1.46513e-07 5.73571e-06 2.7036e-05 -1.17225e-07 5.96061e-08 1.2688e-05 -1.01188e-05 -1.18259e-05 -7.15533e-08 2.94916e-06 4.87819e-06 -1.9881e-05 -2.46691e-05
internal_weight=745700 736578 33195 3838 703383 691161 7106 12222 9122 684055 29357 26509 5817 5046
internal_count=745700 736578 33195 3838 703383 691161 7106 12222 9122 684055 29357 26509 5817 5046
is_linear=0
shrinkage=0.03


Tree=10
num_leaves=15
num_cat=0
split_feature=166 79 166 173 119 173 171 79 76 79 119 3 171 130
split_gain=0.00135031 0.00113537 0.00205962 0.00226911 0.00130089 0.00119735 0.00898646 0.00113508 0.00110026 0.00113004 0.00124598 0.00109396 0.00106581 0.00114485
threshold=-2.4400694370269771 -1.5298228263854978 -0.7658867835998534 -2.0405433177947994 3.5529226064682011 -1.9579663872718809 -0.2719441950321197 1.2273300886154177 0.35958699882030493 -2.3762061595916744 -0.3547056764364242 -1.9346879124641416 -3.8413599729537959 -1.2076205015182493
decision_type=2 2 2 2 2 2 2 2 2 2 2 2 2 2
left_child=8 2 12 -4 5 6 -3 -6 9 -1 -11 -7 -2 -14
right_child=1 4 3 -5 7 11 -8 -9 -10 10 -12 -13 13 -15
leaf_value=-6.298675660433562e-06 -1.4541391014940089e-05 2.2753003506296265e-06 0.00012187211578099039 2.0772211431700503e-05 -6.399830117109551e-06 1.5359546461307001e-05 0.0001257947711370348 -3.4319531462963727e-05 4.036564112818253e-05 -2.9907345841898342e-06 -4.4978511272352771e-05 -1.6273299532507437e-07 1.2950754640700335e-05 3.0118053924081558e-08
leaf_weight=6030 2848 6530 211 3540 10729 4110 576 1493 353 1008 1731 679945 9741 16855
leaf_count=6030 2848 6530 211 3540 10729 4110 576 1493 353 1008 1731 679945 9741 16855
internal_value=1.60089e-11 1.4213e-07 5.56383e-06 2.64982e-05 -1.13703e-07 5.78258e-08 1.23081e-05 -9.81539e-06 -1.14708e-05 -1.35653e-05 -2.9544e-05 -6.94045e-08 2.89508e-06 4.76384e-06
internal_weight=745700 736578 33195 3751 703383 691161 7106 12222 9122 8769 2739 684055 29444 26596
internal_count=745700 736578 33195 3751 703383 691161 7106 12222 9122 8769 2739 684055 29444 26596
is_linear=0
shrinkage=0.03


Tree=11
num_leaves=15
num_cat=0
split_feature=166 79 79 170 173 119 173 171 78 62 76 83 171 171
split_gain=0.00127054 0.00107454 0.00106834 0.00194151 0.00216739 0.00122406 0.00112671 0.00845626 0.00107156 0.0011119 0.00105939 0.00105451 0.000989257 0.000812418
threshold=-2.4400694370269771 -3.3499958515167232 -1.5298228263854978 -0.20635923743247983 -2.0405433177947994 3.5529226064682011 -1.9579663872718809 -0.2719441950321197 3.8148601055145268 1.8640636801719668 -0.43099118769168848 -2.1705052852630611 -3.8413599729537959 -0.9146844446659087
decision_type=2 2 2 2 2 2 2 2 2 2 2 2 2 2
left_child=1 -1 3 12 -5 6 7 -4 9 -7 -6 -8 -2 -14
right_child=2 -3 5 4 10 8 11 -9 -10 -11 -12 -13 13 -15
leaf_value=9.6612067984107163e-06 -1.4105303065664581e-05 -1.6224304985581748e-05 2.2070518262477901e-06 0.00011823319585211926 3.8797607438910344e-05 5.9699197228656088e-06 1.8082267814435804e-05 0.00012202746948553734 -2.8194848546943521e-05 -1.4203099314145233e-05 6.730520213885914e-06 -1.4380609398731932e-07 9.0741653228930773e-06 -1.5825325823597619e-06
leaf_weight=1795 2848 7327 6530 211 1554 4402 2868 576 2255 5565 2305 681187 15012 11265
leaf_count=1795 2848 7327 6530 211 1554 4402 2868 576 2255 5565 2305 681187 15012 11265
internal_value=2.46939e-11 -1.11268e-05 1.37879e-07 5.39709e-06 2.48038e-05 -1.10286e-07 5.60985e-08 1.19395e-05 -9.52111e-06 -5.29082e-06 1.96583e-05 -6.73205e-08 2.68336e-06 4.50459e-06
internal_weight=745700 9122 736578 33195 4070 703383 691161 7106 12222 9967 3859 684055 29125 26277
internal_count=745700 9122 736578 33195 4070 703383 691161 7106 12222 9967 3859 684055 29125 26277
is_linear=0
shrinkage=0.03


Tree=12
num_leaves=15
num_cat=0
split_feature=166 76 79 119 79 166 173 119 61 22 14 79 171 130
split_gain=0.00119544 0.00103603 0.00104238 0.00117237 0.00100526 0.00185396 0.00201157 0.00115174 0.00109745 0.00331268 0.00178333 0.00101946 0.000937743 0.00105091
threshold=-2.4400694370269771 0.35958699882030493 -2.3762061595916744 -0.3547056764364242 -1.5298228263854978 -0.77908113598823536 -2.0405433177947994 3.5529226064682011 1.8781561851501467 1.543309271335602 1.8484596014022829 1.2273300886154177 -3.8413599729537959 -1.2076205015182493
decision_type=2 2 2 2 2 2 2 2 2 2 2 2 2 2
left_child=1 2 -1 -4 5 12 -7 8 10 -10 -6 -9 -2 -14
right_child=4 -3 3 -5 7 6 -8 11 9 -11 -12 -13 13 -15
leaf_value=-5.8462432040620194e-06 -1.368229229856892e-05 3.9507437377211298e-05 -2.4148545663532598e-06 -4.3143487510755889e-05 -2.6256123724974278e-09 0.00011470292972437027 1.9575636883708838e-05 -5.9984560892674275e-06 0.00010473942212088463 7.0440829410031525e-06 -3.1172457746480537e-05 -3.2458390574718279e-05 1.2274690128800669e-05 -1.1676710056122288e-07
leaf_weight=6030 2848 353 1008 1731 681089 211 3627 10729 324 8093 1655 1493 9726 16783
leaf_count=6030 2848 353 1008 1731 681089 211 3627 10729 324 8093 1655 1493 9726 16783
internal_value=3.68594e-11 -1.0793e-05 -1.28255e-05 -2.81719e-05 1.33756e-07 5.23535e-06 2.48417e-05 -1.0697e-07 5.44232e-08 1.08203e-05 -7.82721e-08 -9.23556e-06 2.67032e-06 4.42875e-06
internal_weight=745700 9122 8769 2739 736578 33195 3838 703383 691161 8417 682744 12222 29357 26509
internal_count=745700 9122 8769 2739 736578 33195 3838 703383 691161 8417 682744 12222 29357 26509
is_linear=0
shrinkage=0.03


Tree=13
num_leaves=15
num_cat=0
split_feature=166 79 133 172 173 131 172 164 65 61 129 125 127 79
split_gain=0.00112482 0.000991582 0.0009587 0.00109342 0.00586665 0.00257874 0.000789226 0.00118937 0.000965075 0.00076111 0.00117858 0.000784701 0.000729711 0.000675757
threshold=-2.4400694370269771 -3.3499958515167232 3.4153791666030888 1.9870327711105349 -2.0405433177947994 -0.048275263980031007 -0.0067903839517384759 1.4686582088470461 -0.23044852912425992 -1.0154495835304258 -1.7643501758575437 -1.6088597178459165 -1.5049835443496702 2.2700736522674565
decision_type=2 2 2 2 2 2 2 2 2 2 2 2 2 2
left_child=1 12 3 6 -5 -6 7 -2 -8 -3 11 -11 -1 -4
right_child=2 9 13 4 5 -7 8 -9 -10 10 -12 -13 -14 -15
leaf_value=-1.1162085419925882e-05 1.3919606581473973e-06 9.9317229552966823e-06 -7.7985997105519387e-06 0.00011908259562352286 9.9435048292543791e-05 3.3085605330075304e-06 -3.8430570299351146e-06 -1.0057425601604397e-05 -1.0267710375900727e-07 -3.4312217238614677e-05 -1.3317962237792067e-05 -9.7278536381891322e-05 2.7176408020700379e-05 -3.7021497558600471e-05
leaf_weight=827 332204 932 5066 418 255 13407 78455 8370 297574 828 5339 228 968 829
leaf_count=827 332204 932 5066 418 255 13407 78455 8370 297574 828 5339 228 968 829
internal_value=3.73742e-11 -1.04693e-05 1.29748e-07 2.2701e-07 8.50594e-06 5.11209e-06 6.42901e-08 1.11046e-06 -8.83161e-07 -1.53662e-05 -1.90587e-05 -4.80148e-05 9.49985e-06 -1.19188e-05
internal_weight=745700 9122 736578 730683 14080 13662 716603 340574 376029 7327 6395 1056 1795 5895
internal_count=745700 9122 736578 730683 14080 13662 716603 340574 376029 7327 6395 1056 1795 5895
is_linear=0
shrinkage=0.03


Tree=14
num_leaves=15
num_cat=0
split_feature=166 76 79 119 79 170 173 60 126 65 173 171 172 171
split_gain=0.00105845 0.000969851 0.000962057 0.00107052 0.000935291 0.00172205 0.00177066 0.00114025 0.00128703 0.00100401 0.000994555 0.00575125 0.00120963 0.0008767
threshold=-2.4400694370269771 0.35958699882030493 -2.3762061595916744 -0.3547056764364242 -1.5298228263854978 -0.20635923743247983 -1.818156838417053 4.3615603446960458 3.145357728004456 -1.0951925516128538 -1.9579663872718809 -0.2719441950321197 3.846737384796143 -3.8413599729537959
decision_type=2 2 2 2 2 2 2 2 2 2 2 2 2 2
left_child=1 2 -1 -4 5 13 -7 10 -9 -8 11 -6 -12 -2
right_child=4 -3 3 -5 7 6 9 8 -10 -11 12 -13 -14 -15
leaf_value=-5.4172737911946669e-06 -1.3313711439923688e-05 3.8511206563631371e-05 -2.2516440570761087e-06 -4.1172116781205147e-05 2.104000573824966e-06 8.2549496724829317e-05 5.4856176706761682e-05 -5.0098473238974253e-05 -3.3566121131420787e-06 1.0213689276727177e-05 -4.7958253806558679e-08 9.1112670617834774e-05 -1.499442010365183e-05 4.2054317346924085e-06
leaf_weight=6030 2848 353 1008 1731 6537 408 530 866 1369 3132 688979 725 4907 26277
leaf_count=6030 2848 353 1008 1731 6537 408 530 866 1369 3132 688979 725 4907 26277
internal_value=3.3171e-11 -1.01557e-05 -1.21224e-05 -2.68657e-05 1.25859e-07 5.04671e-06 2.33237e-05 -1.06336e-07 -2.14955e-05 1.66962e-05 -3.8082e-08 1.10056e-05 -1.53721e-07 2.49089e-06
internal_weight=745700 9122 8769 2739 736578 33195 4070 703383 2235 3662 701148 7262 693886 29125
internal_count=745700 9122 8769 2739 736578 33195 4070 703383 2235 3662 701148 7262 693886 29125
is_linear=0
shrinkage=0.03


Tree=15
num_leaves=15
num_cat=0
split_feature=166 117 133 172 173 131 79 61 76 172 164 138 1 119
split_gain=0.00099592 0.000948044 0.000889094 0.00102373 0.00528901 0.00240745 0.00081835 0.00102901 0.000790209 0.000741973 0.00111787 0.000912204 0.000671425 0.000529494
threshold=-2.4400694370269771 0.29760695993900305 3.4153791666030888 1.9870327711105349 -2.1688030958175655 -0.048275263980031007 -2.7572245597839351 -1.0934244990348814 0.33924198150634771 -0.0067903839517384759 1.4686582088470461 -0.31411905586719507 4.0707132816314706 -0.1352775692939758
decision_type=2 2 2 2 2 2 2 2 2 2 2 2 2 2
left_child=1 6 3 9 -5 -6 13 -8 -9 10 -2 -11 -4 -1
right_child=2 -3 12 4 5 -7 7 8 -10 11 -12 -13 -14 -15
leaf_value=-1.2695996726380299e-05 1.3455863485755556e-06 5.0670364005264205e-05 -1.7443964569023279e-05 0.00012476568612106666 9.6465078651017386e-05 3.5900926120499678e-06 1.5667239758537294e-05 -3.0689834801678831e-05 1.6038630043417355e-05 -4.0995714212147915e-06 -9.7543003627098443e-06 -1.8621991770313698e-07 5.6936486438780534e-06 7.9562265566446416e-06
leaf_weight=2225 332204 226 4377 341 255 13484 608 3464 358 64767 8370 311262 1518 2241
leaf_count=2225 332204 226 4377 341 255 13484 608 3464 358 64767 8370 311262 1518 2241
internal_value=3.59864e-11 -9.85118e-06 1.2209e-07 2.15757e-07 8.2265e-06 5.32296e-06 -1.13976e-05 -2.05329e-05 -2.6302e-05 5.83068e-08 1.07268e-06 -8.60342e-07 -1.14808e-05 -2.32671e-06
internal_weight=745700 9122 736578 730683 14080 13739 8896 4430 3822 716603 340574 376029 5895 4466
internal_count=745700 9122 736578 730683 14080 13739 8896 4430 3822 716603 340574 376029 5895 4466
is_linear=0
shrinkage=0.03


Tree=16
num_leaves=15
num_cat=0
split_feature=170 77 79 117 73 130 20 60 79 171 143 63 61 77
split_gain=0.000942943 0.00232779 0.00186324 0.00159826 0.000984228 0.00114975 0.00176693 0.000956368 0.00083755 0.000700619 0.000571396 0.000564192 0.00075123 0.000447489
threshold=-3.2497841119766231 -0.51838377118110646 -2.5378321409225459 0.36072313785552984 -2.1248742341995235 -2.1264885663986202 -1.2087287902832029 4.3615603446960458 -3.3499958515167232 -1.6989458203315733 -1.9348997473716734 -0.20256002247333524 -0.10234543681144713 -0.031638389453291886
decision_type=2 2 2 2 2 2 2 2 2 2 2 2 2 2
left_child=1 -1 3 13 9 6 -6 -7 -3 -4 -11 -10 -13 -2
right_child=2 8 4 -5 5 7 -8 -9 11 10 -12 12 -14 -15
leaf_value=-7.9206839925648998e-05 3.658187895915398e-06 1.0136253445136456e-05 -3.1323898060729201e-05 5.4308135650980943e-05 -1.1114404067923088e-05 5.9615689830748017e-08 -9.7741500863381326e-05 -1.8098542811223587e-05 -2.3006469683438778e-05 3.6965720594883733e-05 1.0894229272330838e-05 1.327658771843102e-05 -1.3919681727894619e-05 2.3100656861514893e-05
leaf_weight=412 3084 2109 279 886 3981 720032 223 2619 2443 1029 2878 1375 2719 1631
leaf_count=412 3084 2109 279 886 3981 720032 223 2619 2443 1029 2878 1375 2719 1631
internal_value=4.73673e-11 -9.61979e-06 1.1839e-07 1.7354e-05 -1.36464e-08 -9.72333e-08 -1.57388e-05 -6.17575e-09 -6.29158e-06 1.44897e-05 1.77761e-05 -1.15969e-05 -4.77728e-06 1.03935e-05
internal_weight=745700 9058 736642 5601 731041 726855 4204 722651 8646 4186 3907 6537 4094 4715
internal_count=745700 9058 736642 5601 731041 726855 4204 722651 8646 4186 3907 6537 4094 4715
is_linear=0
shrinkage=0.03


Tree=17
num_leaves=15
num_cat=0
split_feature=166 79 79 166 173 60 126 172 130 78 22 171 130 63
split_gain=0.000909794 0.000883848 0.000860329 0.0016 0.00153132 0.00102136 0.00121108 0.000984223 0.0022967 0.00154751 0.000813849 0.000792652 0.000971367 0.000757554
threshold=-2.4400694370269771 -3.0300148725509639 -1.5298228263854978 -0.77908113598823536 -2.0405433177947994 4.3615603446960458 3.145357728004456 -1.7084294557571409 -1.2888581752777097 -1.3544611930847166 2.8036504983901982 -3.8413599729537959 -1.2076205015182493 -0.87223485112190235
decision_type=2 2 2 2 2 2 2 2 2 2 2 2 2 2
left_child=1 -1 3 11 -5 7 10 8 -4 -9 -7 -2 -13 -3
right_child=2 13 5 4 -6 6 -8 9 -10 -11 -12 12 -14 -15
leaf_value=2.9650753715585601e-06 -1.2580932047150424e-05 1.1330030067036314e-05 -2.0283193202215638e-06 0.00010146178421687405 1.8453826726574251e-05 -1.4736471092738354e-05 -2.7537652283613335e-06 9.003578833108135e-06 -2.993173169720102e-05 -8.6372739758971003e-08 -7.3549749458013306e-05 1.1613258252087672e-05 -3.0004451406793749e-07 -2.0668848092644573e-05
leaf_weight=3305 2848 765 15345 211 3627 376 1369 17293 3210 665300 490 9726 16783 5052
leaf_count=3305 2848 765 15345 211 3627 376 1369 17293 3210 665300 490 9726 16783 5052
internal_value=4.10129e-11 -9.41558e-06 1.167e-07 4.83623e-06 2.30504e-05 -1.05994e-07 -2.03494e-05 -4.1394e-08 -6.85856e-06 1.43884e-07 -4.80952e-05 2.45327e-06 4.07002e-06 -1.64543e-05
internal_weight=745700 9122 736578 33195 3838 703383 2235 701148 18555 682593 866 29357 26509 5817
internal_count=745700 9122 736578 33195 3838 703383 2235 701148 18555 682593 866 29357 26509 5817
is_linear=0
shrinkage=0.03


Tree=18
num_leaves=15
num_cat=0
split_feature=166 117 46 172 173 131 79 138 172 79 61 76 1 119
split_gain=0.000855991 0.00086496 0.000838518 0.00100619 0.00479934 0.00225421 0.000741934 0.00336203 0.000830074 0.000735751 0.000907173 0.000735804 0.000632697 0.00049553
threshold=-2.4400694370269771 0.29760695993900305 3.4963126182556157 1.9870327711105349 -2.1688030958175655 -0.048275263980031007 2.4987714290618901 -0.98110970854759205 -0.039138309657573693 -2.7572245597839351 -1.0934244990348814 0.33924198150634771 4.0707132816314706 -0.1352775692939758
decision_type=2 2 2 2 2 2 2 2 2 2 2 2 2 2
left_child=1 9 3 6 -5 -6 8 -8 -2 13 -11 -12 -4 -1
right_child=2 -3 12 4 5 -7 7 -9 -10 10 11 -13 -14 -15
leaf_value=-1.2040584627030656e-05 1.2674873045796558e-06 4.8675158666653218e-05 -1.6932965690937348e-05 0.00011922670125340421 9.3583233084355014e-05 3.6900848962002008e-06 -5.1409136773857609e-05 3.4189599513203253e-06 -7.9226685113272281e-07 1.4715429374506498e-05 -2.8923559630343982e-05 1.6166043517641683e-05 5.5237538797983138e-06 7.9385011137972092e-06
leaf_weight=2225 319405 226 4382 341 255 13137 1376 3738 392426 608 3464 358 1518 2241
leaf_count=2225 319405 226 4382 341 255 13137 1376 3738 392426 608 3464 358 1518 2241
internal_value=3.49146e-11 -9.13294e-06 1.13193e-07 2.04197e-07 8.24765e-06 5.41086e-06 5.00725e-08 -1.13347e-05 1.31922e-07 -1.06102e-05 -1.92721e-05 -2.46891e-05 -1.11501e-05 -2.009e-06
internal_weight=745700 9122 736578 730678 13733 13392 716945 5114 711831 8896 4430 3822 5900 4466
internal_count=745700 9122 736578 730678 13733 13392 716945 5114 711831 8896 4430 3822 5900 4466
is_linear=0
shrinkage=0.03


Tree=19
num_leaves=15
num_cat=0
split_feature=170 77 79 117 73 130 20 60 79 171 143 63 61 27
split_gain=0.000833494 0.00214682 0.00172431 0.00143476 0.000890813 0.00107651 0.00161124 0.000852489 0.000772384 0.000658017 0.000565884 0.000512557 0.000683209 0.000435253
threshold=-3.2497841119766231 -0.51838377118110646 -2.5378321409225459 0.36072313785552984 -2.1248742341995235 -2.1264885663986202 -1.2087287902832029 4.3615603446960458 -3.3499958515167232 -1.7757329940795896 -1.9348997473716734 -0.20256002247333524 -0.10234543681144713 -0.34845782816410059
decision_type=2 2 2 2 2 2 2 2 2 2 2 2 2 2
left_child=1 -1 3 13 9 6 -6 -7 -3 -4 -11 -10 -13 -2
right_child=2 8 4 -5 5 7 -8 -9 11 10 -12 12 -14 -15
leaf_value=-7.5871678362031118e-05 1.6496451583638325e-05 9.9276455033681172e-06 -3.7812658188640373e-05 5.1705491446462857e-05 -1.0813998394824904e-05 5.4996362817547526e-08 -9.3538354325698622e-05 -1.7088669323411084e-05 -2.1817838849478582e-05 3.5678185268256926e-05 9.8155261254851636e-06 1.2774232027665192e-05 -1.316140811508248e-05 -2.8671890347444624e-06
leaf_weight=412 3158 2109 210 886 3981 720032 223 2619 2443 1029 2947 1375 2719 1557
leaf_count=412 3158 2109 210 886 3981 720032 223 2619 2443 1029 2947 1375 2719 1557
internal_value=4.69428e-11 -9.04428e-06 1.11312e-07 1.66919e-05 -1.57047e-08 -9.5228e-08 -1.52304e-05 -7.117e-09 -5.84794e-06 1.37822e-05 1.65237e-05 -1.09429e-05 -4.44241e-06 1.00965e-05
internal_weight=745700 9058 736642 5601 731041 726855 4204 722651 8646 4186 3976 6537 4094 4715
internal_count=745700 9058 736642 5601 731041 726855 4204 722651 8646 4186 3976 6537 4094 4715
is_linear=0
shrinkage=0.03


Tree=20
num_leaves=15
num_cat=0
split_feature=133 172 173 131 76 166 76 79 172 164 21 79 62 79
split_gain=0.000787053 0.000906344 0.00451236 0.00213557 0.00178912 0.000774637 0.000801568 0.000799128 0.000664405 0.0010023 0.000874023 0.000617439 0.000447505 0.000421021
threshold=3.4153791666030888 1.9870327711105349 -2.1688030958175655 -0.048275263980031007 -1.9027220010757444 -2.4400694370269771 0.35958699882030493 -2.3762061595916744 -0.0067903839517384759 1.4686582088470461 -0.5041028857231139 2.2700736522674565 1.8640636801719668 0.50568294525146495
decision_type=2 2 2 2 2 2 2 2 2 2 2 2 2 2
left_child=1 5 -3 -4 -5 6 7 -1 9 -7 -10 12 13 -2
right_child=11 2 3 4 -6 8 -8 -9 10 -11 -12 -13 -14 -15
leaf_value=-4.4227519989150166e-06 1.9759210536053342e-05 0.0001152690684693261 9.078506060279323e-05 -1.6172520445086804e-05 9.4399617802646581e-06 1.2697180703665963e-06 3.5496596010506418e-05 -2.3971013079590621e-05 -4.8113530795035034e-06 -9.2407097819146576e-06 -2.9395548680919705e-07 -3.4912080946303107e-05 -1.5099282960108243e-05 -6.9095998538003488e-06
leaf_weight=6030 837 341 255 3225 10259 332204 353 2739 43605 8370 332424 829 2769 1460
leaf_count=6030 837 341 255 3225 10259 332204 353 2739 43605 8370 332424 829 2769 1460
internal_value=3.75521e-11 8.7086e-08 7.62548e-06 4.94341e-06 3.31119e-06 -5.91376e-08 -8.74585e-06 -1.05341e-05 5.14101e-08 1.0113e-06 -8.17892e-07 -1.09174e-05 -6.97883e-06 2.79952e-06
internal_weight=745700 739805 14080 13739 13484 725725 9122 8769 716603 340574 376029 5895 5066 2297
internal_count=745700 739805 14080 13739 13484 725725 9122 8769 716603 340574 376029 5895 5066 2297
is_linear=0
shrinkage=0.03


Tree=21
num_leaves=15
num_cat=0
split_feature=170 77 79 117 73 130 61 60 79 171 126 63 143 63
split_gain=0.000770709 0.00199727 0.00161595 0.00132968 0.000836969 0.00101179 0.00152931 0.00080575 0.000728874 0.000622285 0.000551442 0.000582048 0.000497822 0.000483782
threshold=-3.2497841119766231 -0.51838377118110646 -2.5378321409225459 0.35115285217761999 -2.1248742341995235 -2.1264885663986202 -1.098121106624603 4.3615603446960458 -3.3499958515167232 -1.6457687020301817 -0.31301558017730707 -0.70149338245391835 -1.9348997473716734 -0.20256002247333524
decision_type=2 2 2 2 2 2 2 2 2 2 2 2 2 2
left_child=1 -1 3 10 9 6 -6 -7 -3 -4 11 -2 -11 -10
right_child=2 8 4 -5 5 7 -8 -9 13 12 -12 -13 -14 -15
leaf_value=-7.3154864386755747e-05 -2.4500358092213492e-06 9.7107780870577516e-06 -2.6752375729193544e-05 4.6598192836147166e-05 -5.7486638124429069e-06 5.2796065413961779e-08 -5.1117195462975726e-05 -1.6614281916362085e-05 -2.1128604118014225e-05 3.457082454212192e-05 -8.2824403197646293e-06 2.4137955235872037e-05 1.0187334079309165e-05 -4.2477148541177036e-06
leaf_weight=412 1102 2109 320 1049 3370 720032 834 2619 2443 1029 1202 2248 2837 4094
leaf_count=412 1102 2109 320 1049 3370 720032 834 2619 2443 1029 1202 2248 2837 4094
internal_value=3.78948e-11 -8.69698e-06 1.07032e-07 1.61582e-05 -1.5928e-08 -9.30117e-08 -1.47661e-05 -7.58942e-09 -5.61385e-06 1.33585e-05 9.12807e-06 1.53846e-05 1.66924e-05 -1.05633e-05
internal_weight=745700 9058 736642 5601 731041 726855 4204 722651 8646 4186 4552 3350 3866 6537
internal_count=745700 9058 736642 5601 731041 726855 4204 722651 8646 4186 4552 3350 3866 6537
is_linear=0
shrinkage=0.03


Tree=22
num_leaves=15
num_cat=0
split_feature=46 172 173 131 76 170 77 79 77 32 79 22 171 79
split_gain=0.000744577 0.00090812 0.00419373 0.00199726 0.00141227 0.000715207 0.00187951 0.00107714 0.00086995 0.000795272 0.000685836 0.000578056 0.000509673 0.000471713
threshold=3.4963126182556157 1.9870327711105349 -2.1688030958175655 -0.048275263980031007 -1.9027220010757444 -3.2497841119766231 -0.51838377118110646 -2.5378321409225459 -0.031638389453291886 -2.1202710866928096 -3.3499958515167232 3.3235197067260747 1.1476560831069949 0.50568294525146495
decision_type=2 2 2 2 2 2 2 2 2 2 2 2 2 2
left_child=1 5 -3 -4 -5 6 -1 8 -7 -9 -8 -2 -13 -14
right_child=11 2 3 4 -6 7 10 9 -10 -11 -12 12 13 -15
leaf_value=-7.0965532577702583e-05 -3.3947678561692457e-05 0.00011146839678892048 8.8070567427275809e-05 -1.5258661516761076e-05 8.6252628866349118e-06 3.1765341311060064e-06 9.4195926935238721e-06 1.3044681592825128e-05 2.7796353739687302e-05 -1.3121365070331782e-07 -1.0246631818423482e-05 -1.4868449953380143e-05 1.9409530051556818e-05 -8.9272345952228299e-06
leaf_weight=412 822 341 255 2842 10295 3084 2109 4146 2226 707553 6537 2959 997 1122
leaf_count=412 822 341 255 2842 10295 3084 2109 4146 2226 707553 6537 2959 997 1122
internal_value=2.84292e-11 8.47327e-08 7.72707e-06 5.07514e-06 3.45527e-06 -5.97854e-08 -8.43646e-06 4.60072e-08 1.35063e-05 -5.43971e-08 -5.44549e-06 -1.06142e-05 -6.8252e-06 4.39407e-06
internal_weight=745700 739800 13733 13392 13137 726067 9058 717009 5310 711699 8646 5900 5078 2119
internal_count=745700 739800 13733 13392 13137 726067 9058 717009 5310 711699 8646 5900 5078 2119
is_linear=0
shrinkage=0.03


Tree=23
num_leaves=15
num_cat=0
split_feature=166 173 166 173 171 119 172 81 164 172 77 171 79 61
split_gain=0.000708174 0.000785088 0.00271974 0.00361552 0.00390352 0.0011678 0.00115167 0.00110503 0.00105974 0.000947156 0.000879947 0.000960053 0.000746962 0.000641506
threshold=-2.4400694370269771 -1.1143852472305296 -0.59459206461906422 -2.0405433177947994 -0.23804005235433576 -2.1990935802459712 3.846737384796143 -0.42327803373336786 1.6167541146278384 -1.6227018833160398 -0.36622093617916102 -3.2475355863571163 -3.0300148725509639 -1.0154495835304258
decision_type=2 2 2 2 2 2 2 2 2 2 2 2 2 2
left_child=12 2 10 4 -4 -3 9 -5 -8 -7 -2 -12 -1 -14
right_child=1 5 3 7 -6 6 8 -9 -10 -11 11 -13 13 -15
leaf_value=3.0740660593364374e-06 -4.2553177418209931e-06 3.1313038362260285e-05 1.1411666740960614e-06 -7.8675006943999885e-07 0.00011105135704101771 -7.4833451850008351e-06 8.5464384757415019e-06 1.9010153431720497e-05 -2.3780524082213339e-05 2.0130942361740781e-08 -8.5123707104997451e-06 5.508824937584068e-06 9.9931587854500686e-06 -1.8780904611817874e-05
leaf_weight=3305 21888 1055 496 4368 704 15502 1244 6045 3409 647137 5160 29570 808 5009
leaf_count=3305 21888 1055 496 4368 704 15502 1244 6045 3409 647137 5160 29570 808 5009
internal_value=3.27216e-11 1.02962e-07 3.16832e-06 1.63928e-05 6.56856e-05 -2.09938e-07 -2.59868e-07 1.07037e-05 -1.51313e-05 -1.55374e-07 4.5505e-07 3.42458e-06 -8.30703e-06 -1.47779e-05
internal_weight=745700 736578 68231 11613 1200 668347 667292 10413 4653 662639 56618 34730 9122 5817
internal_count=745700 736578 68231 11613 1200 668347 667292 10413 4653 662639 56618 34730 9122 5817
is_linear=0
shrinkage=0.03


Tree=24
num_leaves=15
num_cat=0
split_feature=133 172 173 131 76 60 79 83 164 77 24 79 62 79
split_gain=0.000702397 0.000795367 0.00371475 0.00188869 0.00154822 0.00067173 0.00377276 0.00246796 0.00245233 0.00138607 0.000817716 0.000555564 0.000402249 0.000368783
threshold=3.4153791666030888 1.9870327711105349 -2.1688030958175655 -0.048275263980031007 -1.9027220010757444 0.28952124714851385 3.0954241752624516 -0.0581432357430458 -1.9815109372138975 1.2172593474388125 0.46435086429119116 2.2700736522674565 1.8640636801719668 0.50568294525146495
decision_type=2 2 2 2 2 2 2 2 2 2 2 2 2 2
left_child=1 5 -3 -4 -5 6 9 -7 -9 -1 -8 12 13 -2
right_child=11 2 3 4 -6 7 10 8 -10 -11 -12 -13 -14 -15
leaf_value=-6.5566193043343279e-07 1.8566176816144064e-05 0.00010481232619881141 8.5438167435422654e-05 -1.4949119635389101e-05 8.8765902618939509e-06 3.4924300212722533e-05 -4.5051871766689801e-05 4.1496223945580007e-05 7.8419411855005927e-07 1.9936604724893082e-05 -0.00011301454039193245 -3.3074627009207665e-05 -1.4276196408960919e-05 -6.392849363336901e-06
leaf_weight=504889 837 341 255 3225 10259 1951 804 1339 213584 2958 200 829 2769 1460
leaf_count=504889 837 341 255 3225 10259 1951 804 1339 213584 2958 200 829 2769 1460
internal_value=3.92895e-11 8.22754e-08 7.14409e-06 4.71034e-06 3.17523e-06 -5.47013e-08 -6.50597e-07 1.34331e-06 1.03817e-06 -5.35622e-07 -5.87191e-05 -1.03135e-05 -6.57718e-06 2.693e-06
internal_weight=745700 739805 14080 13739 13484 725725 508851 216874 214923 507847 1004 5895 5066 2297
internal_count=745700 739805 14080 13739 13484 725725 508851 216874 214923 507847 1004 5895 5066 2297
is_linear=0
shrinkage=0.03


Tree=25
num_leaves=15
num_cat=0
split_feature=77 63 172 130 77 20 130 75 83 76 54 78 119 173
split_gain=0.000669154 0.000908794 0.000740174 0.00225753 0.00171535 0.0016047 0.00411892 0.0026761 0.00197599 0.00136607 0.00114268 0.00113879 0.00111278 0.000810807
threshold=-0.66368630528450001 -1.0809720158576963 -1.8286224603652952 -1.3274088501930235 0.72176098823547374 -1.2240843772888181 -1.9941735267639158 -1.2959194183349607 -1.551598012447357 -1.8765906691551206 -1.3171190023422239 -2.1396877765655513 -0.98853483796119679 0.92773240804672252
decision_type=2 2 2 2 2 2 2 2 2 2 2 2 2 2
left_child=1 -1 3 4 13 7 -7 8 -4 -8 -9 -6 -5 -2
right_child=2 -3 5 12 11 6 9 10 -10 -11 -12 -13 -14 -15
leaf_value=7.3774257576791841e-06 -3.7478409754074021e-06 -2.5585921602138884e-06 1.050413971927749e-05 -5.6569205008725734e-05 3.7633615854548257e-05 -8.2289995525330721e-05 -1.0156633350812941e-05 3.3828491714187829e-05 -8.7906595721644742e-06 5.8611232687780991e-07 1.2077650825536965e-05 5.8655611674608245e-06 -1.7041186837443562e-05 -3.892616572814046e-05
leaf_weight=8863 17107 126531 10029 778 1424 542 10865 3745 9119 543683 5199 3547 3658 610
leaf_count=8863 17107 126531 10029 778 1424 542 10865 3745 9119 543683 5199 3547 3658 610
internal_value=4.16218e-11 -1.9079e-06 4.23363e-07 -4.4208e-06 -5.92051e-07 6.48725e-07 2.94644e-07 7.64393e-06 1.31368e-06 3.75563e-07 2.11912e-05 1.49777e-05 -2.39917e-05 -4.96286e-06
internal_weight=745700 135394 610306 27124 22688 583182 555090 28092 19148 554548 8944 4971 4436 17717
internal_count=745700 135394 610306 27124 22688 583182 555090 28092 19148 554548 8944 4971 4436 17717
is_linear=0
shrinkage=0.03


Tree=26
num_leaves=15
num_cat=0
split_feature=17 172 173 131 76 166 118 79 172 197 65 79 62 79
split_gain=0.000661987 0.000771566 0.00349807 0.0017841 0.00140325 0.00064422 0.000734705 0.000735123 0.000639078 0.000923036 0.000800925 0.000631628 0.000337528 0.000369579
threshold=3.4327844381332402 1.9870327711105349 -2.0405433177947994 -0.048275263980031007 -1.9027220010757444 -2.4400694370269771 0.28449223935604101 -2.7572245597839351 -0.039138309657573693 0.67413949966430675 -0.23044852912425992 2.2700736522674565 1.8640636801719668 0.50568294525146495
decision_type=2 2 2 2 2 2 2 2 2 2 2 2 2 2
left_child=1 5 -3 -4 -5 6 7 -1 9 -7 -10 12 13 -2
right_child=11 2 3 4 -6 8 -8 -9 10 -11 -12 -13 -14 -15
leaf_value=-1.4021111208077262e-06 1.8717040954277232e-05 9.2407343639219238e-05 8.2867523134264048e-05 -1.4304646134372105e-05 8.3543585110092436e-06 1.0899314925481184e-06 2.9781006533903191e-05 -1.8875092985527157e-05 -3.3567407226531298e-06 -4.2389488806152086e-05 -6.0786712125010113e-08 -3.5706221991790449e-05 -1.3398449202636791e-05 -7.0138966910491693e-06
leaf_weight=4462 800 418 255 3235 10248 323147 440 4220 84526 439 308737 760 2668 1345
leaf_count=4462 800 418 255 3235 10248 323147 440 4220 84526 439 308737 760 2668 1345
internal_value=3.34554e-11 7.76436e-08 7.01397e-06 4.40702e-06 2.91486e-06 -5.75787e-08 -7.97939e-06 -9.89973e-06 4.31965e-08 1.03072e-06 -7.69286e-07 -1.02998e-05 -6.2752e-06 2.57299e-06
internal_weight=745700 740127 14156 13738 13483 725971 9122 8682 716849 323586 393263 5573 4813 2145
internal_count=745700 740127 14156 13738 13483 725971 9122 8682 716849 323586 393263 5573 4813 2145
is_linear=0
shrinkage=0.03


Tree=27
num_leaves=15
num_cat=0
split_feature=46 172 173 131 172 170 77 79 77 60 79 22 171 79
split_gain=0.000634154 0.000773875 0.00324116 0.00165383 0.00123735 0.000609954 0.00173988 0.000975075 0.000784763 0.000766549 0.000624812 0.00048668 0.000447767 0.00038
threshold=3.4963126182556157 2.0397121906280522 -2.1688030958175655 -0.048275263980031007 3.846737384796143 -3.2497841119766231 -0.51838377118110646 -2.5378321409225459 -0.031638389453291886 4.3615603446960458 -3.3499958515167232 3.3235197067260747 1.1131649017333987 0.50568294525146495
decision_type=2 2 2 2 2 2 2 2 2 2 2 2 2 2
left_child=1 5 -3 -4 -5 6 -1 8 -7 -9 -8 -2 -13 -14
right_child=11 2 3 4 -6 7 10 9 -10 -11 -12 12 13 -15
leaf_value=-6.7937711244210836e-05 -3.1206395084042866e-05 9.891246477039859e-05 8.0391210441230207e-05 1.1742076883617379e-05 -9.4477237812814699e-06 3.0522489932188546e-06 9.2895939380283169e-06 2.1336130829354832e-08 2.6436296450242008e-05 -1.6235555467803603e-05 -9.4813318059486221e-06 -1.4010974216336219e-05 1.7071206538470459e-05 -8.0439722250586866e-06
leaf_weight=412 822 341 255 6145 4156 3084 2109 711916 2226 2619 6537 2909 1040 1129
leaf_count=412 822 341 255 6145 4156 3084 2109 711916 2226 2619 6537 2909 1040 1129
internal_value=3.15264e-11 7.8206e-08 8.01347e-06 5.06515e-06 3.18993e-06 -4.03948e-08 -7.77637e-06 5.6918e-08 1.28638e-05 -3.82312e-08 -4.89857e-06 -9.79552e-06 -6.31827e-06 3.98684e-06
internal_weight=745700 739800 10897 10556 10301 728903 9058 719845 5310 714535 8646 5900 5078 2169
internal_count=745700 739800 10897 10556 10301 728903 9058 719845 5310 714535 8646 5900 5078 2169
is_linear=0
shrinkage=0.03


Tree=28
num_leaves=15
num_cat=0
split_feature=77 170 173 166 173 171 3 129 34 63 130 63 171 130
split_gain=0.000612011 0.00138021 0.000931954 0.00252706 0.00277789 0.00351823 0.00122143 0.00141709 0.00289523 0.00113864 0.001112 0.000706809 0.000687761 0.00125319
threshold=-0.49517282843589777 -3.2497841119766231 -1.1143852472305296 -0.62757098674774159 -2.0405433177947994 -0.23804005235433576 -1.9346879124641416 -1.9299311637878416 -1.1601392626762388 -0.067443761974573121 -1.7653756737709043 -1.0809720158576963 -3.8413599729537959 -1.2076205015182493
decision_type=2 2 2 2 2 2 2 2 2 2 2 2 2 2
left_child=1 -1 3 12 5 -5 -4 8 -8 -6 -9 -3 -2 -14
right_child=2 11 6 4 9 -7 7 10 -10 -11 -12 -13 13 -15
leaf_value=-4.8979595970090762e-05 -8.3548158805526475e-06 7.2231775087307936e-06 2.2966281325390009e-05 3.2842048990959263e-07 2.2232767531152679e-05 0.00010313546145550987 -8.8085564747260785e-06 2.0389502008106787e-05 -8.9965433433870877e-05 2.2835961944187561e-06 9.9626490832094091e-08 -1.4007915472046024e-06 1.1382538860862821e-05 -7.0820748788927766e-07
leaf_weight=542 6075 8863 2099 522 4864 704 4496 2444 433 5479 426221 243255 10480 29223
leaf_count=542 6075 8863 2099 522 4864 704 4496 2444 433 5479 426221 243255 10480 29223
internal_value=3.41736e-11 -1.2005e-06 6.15316e-07 4.21041e-06 1.67371e-05 5.94232e-05 1.42043e-07 3.14308e-08 -1.59609e-05 1.16692e-05 2.15425e-07 -1.09748e-06 1.04371e-06 2.48272e-06
internal_weight=745700 252660 493040 57347 11569 1226 435693 433594 4929 10343 428665 252118 45778 39703
internal_count=745700 252660 493040 57347 11569 1226 435693 433594 4929 10343 428665 252118 45778 39703
is_linear=0
shrinkage=0.03


Tree=29
num_leaves=15
num_cat=0
split_feature=46 127 77 170 173 170 3 63 22 126 171 79 79 43
split_gain=0.000596897 0.000717272 0.000632496 0.00129879 0.000875941 0.00249741 0.00114061 0.000665043 0.000458009 0.000444816 0.000421156 0.00035757 0.000237938 0.000210437
threshold=3.4963126182556157 3.9722924232482915 -0.49517282843589777 -3.2497841119766231 -1.1143852472305296 -0.78753921389579762 -1.9346879124641416 -1.0809720158576963 3.3235197067260747 -1.5290476083755491 1.1131649017333987 0.50568294525146495 2.2700736522674565 3.4777017831802373
decision_type=2 2 2 2 2 2 2 2 2 2 2 2 2 2
left_child=1 2 3 9 5 -4 -6 -5 12 -1 -10 -12 -2 -3
right_child=8 13 4 7 6 -7 -8 -9 10 -11 11 -13 -14 -15
leaf_value=-6.8516746431205642e-05 -9.6842084355122217e-06 5.8425935695028821e-05 9.9465919609906578e-07 7.0065065642786411e-06 2.2277621375969142e-05 1.6566536968424634e-05 1.1370436787119361e-07 -1.3587679315686842e-06 -1.3590595993389012e-05 -1.2126565253769346e-05 1.6556576169633846e-05 -7.8058526988137668e-06 -4.3029341795580924e-05 1.604029652022651e-05
leaf_weight=339 316 229 45311 8863 2099 11654 427646 243255 2909 203 1040 1129 506 201
leaf_count=339 316 229 45311 8863 2099 11654 427646 243255 2909 203 1040 1129 506 201
internal_value=3.68973e-11 7.58814e-08 5.32872e-08 -1.16449e-06 6.85522e-07 4.18114e-06 2.22081e-07 -1.06455e-06 -9.50341e-06 -4.75129e-05 -6.12992e-06 3.86395e-06 -3.02743e-05 3.87659e-05
internal_weight=745700 739800 739370 252660 486710 56965 429745 252118 5900 542 5078 2169 822 430
internal_count=745700 739800 739370 252660 486710 56965 429745 252118 5900 542 5078 2169 822 430
is_linear=0
shrinkage=0.03


Tree=30
num_leaves=15
num_cat=0
split_feature=172 130 77 119 76 119 9 79 78 79 171 129 1 173
split_gain=0.000602802 0.00210967 0.00157674 0.00105397 0.00104607 0.000962953 0.000779155 0.000767798 0.000745177 0.00177991 0.00184713 0.00161252 0.0018064 0.000945701
threshold=-1.8286224603652952 -1.3070971369743345 0.72176098823547374 -0.98853483796119679 -1.987069249153137 -2.1990935802459712 -1.0711861848831175 -1.0254607796669004 -1.3544611930847166 0.61748334765434276 -0.26035606861114496 -1.9984884858131406 -0.82796093821525563 -1.9579663872718809
decision_type=2 2 2 2 2 2 2 2 2 2 2 2 2 2
left_child=1 2 7 -3 -4 -2 -6 -1 9 10 -7 12 -10 -13
right_child=5 3 4 -5 6 8 -8 -9 11 -11 -12 13 -14 -15
leaf_value=-3.305506834179954e-07 2.8792691530431349e-05 -5.6320860388885635e-05 -2.2440868962532151e-05 -1.6939190901491113e-05 2.5705272871137495e-05 1.887016588532819e-06 -4.9361044122458746e-06 -1.3291005621926773e-05 -1.2640220219837321e-05 7.9453656672426545e-05 3.0395379763318868e-05 9.0291890064182971e-06 -9.1014909353107212e-05 -1.4495719278282216e-07
leaf_weight=11460 1055 744 620 3456 3474 26351 949 6421 1083 284 2217 10265 350 676971
leaf_count=11460 1055 744 620 3456 3474 26351 949 6421 1083 284 2217 10265 350 676971
internal_value=3.4988e-11 -4.39006e-06 -8.0709e-07 -2.39343e-05 1.40049e-05 1.65795e-07 1.91244e-05 -4.98676e-06 1.23622e-07 4.84691e-06 4.10143e-06 -7.4225e-08 -3.18537e-05 -7.86964e-09
internal_weight=745700 27124 22924 4200 5043 718576 4423 17881 717521 28852 28568 688669 1433 687236
internal_count=745700 27124 22924 4200 5043 718576 4423 17881 717521 28852 28568 688669 1433 687236
is_linear=0
shrinkage=0.03


Tree=31
num_leaves=15
num_cat=0
split_feature=77 63 172 130 78 10 76 118 127 173 166 167 10 171
split_gain=0.000577872 0.000774843 0.000693279 0.00270278 0.00154536 0.00244026 0.00259006 0.00220562 0.00145134 0.00107568 0.00285439 0.00143864 0.000958502 0.000658216
threshold=-0.66368630528450001 -1.0809720158576963 -1.6227018833160398 -1.3070971369743345 -1.2070479989051817 -1.4006874561309812 -1.9027220010757444 -1.3479555845260618 -1.1438471078872678 -1.1520994901657102 -0.45159451663494105 -1.9924125075340269 -1.0746932625770567 -1.5801354646682737
decision_type=2 2 2 2 2 2 2 2 2 2 2 2 2 2
left_child=1 -1 3 8 5 6 -4 -7 -2 10 -6 -11 -10 -3
right_child=2 13 4 -5 9 7 -8 -9 12 11 -12 -13 -14 -15
leaf_value=6.8006831758043785e-06 -2.1344068563365208e-06 -1.7757948466530216e-05 1.6848252703990261e-06 -2.2173503265273099e-05 1.6371325847162121e-06 8.1536174718182942e-05 -4.6945380059833647e-05 1.315331324011924e-05 4.1726113109876676e-05 4.5678759687580169e-05 2.4861426816725905e-05 -8.3882629639414215e-08 5.6328905754782671e-06 -2.0691975639949907e-06
leaf_weight=8863 24371 2454 6856 5932 29442 436 1150 15142 1153 618 5682 517964 1560 124077
leaf_count=8863 24371 2454 6856 5932 29442 436 1150 15142 1153 618 5682 517964 1560 124077
internal_value=2.7396e-11 -1.77301e-06 3.9342e-07 -3.8344e-06 6.35273e-07 8.15606e-06 -5.30177e-06 1.50743e-05 1.81839e-07 3.14871e-07 5.39558e-06 -2.92009e-08 2.0993e-05 -2.37385e-06
internal_weight=745700 135394 610306 33016 577290 23584 8006 15578 27084 553706 35124 518582 2713 126531
internal_count=745700 135394 610306 33016 577290 23584 8006 15578 27084 553706 35124 518582 2713 126531
is_linear=0
shrinkage=0.03


Tree=32
num_leaves=15
num_cat=0
split_feature=133 127 60 164 83 77 79 48 62 164 1 79 119 137
split_gain=0.000567093 0.000667689 0.00059554 0.00256471 0.00234063 0.00155635 0.00146034 0.000736895 0.000521022 0.000481135 0.000300058 0.000295211 0.000279394 0.00022079
threshold=3.4153791666030888 3.9722924232482915 0.28952124714851385 -1.9815109372138975 -0.0581432357430458 1.2172593474388125 2.4987714290618901 -1.2644587755203245 0.79091733694076549 2.4511746168136601 4.0707132816314706 0.50568294525146495 3.5967285633087163 3.3558638095855717
decision_type=2 2 2 2 2 2 2 2 2 2 2 2 2 2
left_child=1 2 5 8 -5 6 -1 -7 -4 10 12 -12 13 -2
right_child=9 -3 3 4 -6 7 -8 -9 -10 -11 11 -13 -14 -15
leaf_value=-5.2537103509960583e-07 1.5605220836300703e-05 4.0583861575946906e-05 7.5565603128567664e-05 3.3788589536022236e-05 7.9372927940440374e-07 3.6855081109217513e-05 -2.1219003391121891e-05 8.726416114015758e-06 3.1656924264408013e-05 -4.1529202095887946e-05 1.6308376277817475e-05 -1.0258337950942249e-05 -1.7894705922725031e-05 -8.7626125697430672e-06
leaf_weight=506291 469 365 313 1951 223071 1331 3087 2274 1122 388 836 682 2361 1159
leaf_count=506291 469 365 313 1951 223071 1331 3087 2274 1122 388 836 682 2361 1159
internal_value=3.43136e-11 7.39305e-08 5.38387e-08 1.33527e-06 1.08009e-06 -5.11793e-07 -6.50882e-07 1.91274e-05 4.13011e-05 -9.26707e-06 -6.98145e-06 4.35396e-06 -1.13026e-05 -1.71895e-06
internal_weight=745700 739805 739440 226457 225022 512983 509378 3605 1435 5895 5507 1518 3989 1628
internal_count=745700 739805 739440 226457 225022 512983 509378 3605 1435 5895 5507 1518 3989 1628
is_linear=0
shrinkage=0.03


Tree=33
num_leaves=15
num_cat=0
split_feature=166 76 79 119 79 170 76 172 81 171 78 139 77 166
split_gain=0.000548461 0.000675939 0.000676237 0.000783954 0.000638152 0.001284 0.00121555 0.00085177 0.00182872 0.00119676 0.00107189 0.000986362 0.000928053 0.000653478
threshold=-2.4400694370269771 0.35958699882030493 -2.3762061595916744 -0.3547056764364242 -1.5298228263854978 -0.20635923743247983 -0.43099118769168848 -1.7084294557571409 -1.0829589962959287 -2.1615703105926509 -1.3544611930847166 -1.0360387563705442 0.63570851087570202 0.32243375480175024
decision_type=2 2 2 2 2 2 2 2 2 2 2 2 2 2
left_child=1 2 -1 -4 5 -2 13 8 12 -9 -11 -10 -6 -7
right_child=4 -3 3 -5 7 6 -8 9 11 10 -12 -13 -14 -15
leaf_value=-3.3310127884834099e-06 1.9482589223970165e-06 3.3316639017448579e-05 -2.4844589973421592e-07 -3.3555322399386247e-05 -8.282589199885138e-06 4.633869831041673e-05 5.5708076717583898e-06 2.1374486202126617e-05 -5.6168634121218149e-05 7.4693581465310029e-06 -1.9235228339150966e-07 -1.5955543138309575e-05 6.6398069111120918e-06 -4.6435430769344015e-06
leaf_weight=6030 29125 353 1008 1731 10334 1500 2305 2364 887 16849 665615 1449 5885 265
leaf_count=6030 29125 353 1008 1731 10334 1500 2305 2364 887 16849 665615 1449 5885 265
internal_value=4.20731e-11 -7.31051e-06 -8.953e-06 -2.13133e-05 9.06286e-08 4.15533e-06 1.99375e-05 -1.01161e-07 -6.4433e-06 7.06404e-08 -3.14166e-09 -3.12551e-05 -2.86613e-06 3.86689e-05
internal_weight=745700 9122 8769 2739 736578 33195 4070 703383 18555 684828 682464 2336 16219 1765
internal_count=745700 9122 8769 2739 736578 33195 4070 703383 18555 684828 682464 2336 16219 1765
is_linear=0
shrinkage=0.03


Tree=34
num_leaves=15
num_cat=0
split_feature=22 77 74 162 14 130 172 131 63 119 129 133 49 39
split_gain=0.000543242 0.00244667 0.00232881 0.00221326 0.00144663 0.0010037 0.00097815 0.00124459 0.000879539 0.000758051 0.000712393 0.000680711 0.000682055 0.000659092
threshold=2.8036504983901982 2.74103856086731 3.1450626850128178 1.5418741703033449 1.8484596014022829 2.832178115844727 2.0397121906280522 -0.053494865074753754 1.8227235674858095 3.5529226064682011 2.8168408870697026 3.208975195884705 3.3891675472259526 3.5058343410491948
decision_type=2 2 2 2 2 2 2 2 2 2 2 2 2 2
left_child=1 4 13 -3 6 10 8 -8 -1 -4 -5 -11 -13 -2
right_child=2 3 9 5 -6 -7 7 -9 -10 11 -12 12 -14 -15
leaf_value=-5.9989081026927745e-08 -4.9877660578911711e-05 8.3344588560989218e-05 1.2049146409143086e-05 1.0360500918768127e-05 -2.4579957508363267e-05 3.9951189085942932e-05 7.9787794260330778e-05 1.0363547591974564e-05 3.8491911206442048e-05 8.4102059697783364e-06 -4.3606277546968144e-05 -2.9520667970118957e-05 -5.6689802764981209e-06 -3.4797266123372579e-06
leaf_weight=718082 1255 471 2905 2913 2151 1067 246 3997 532 2595 237 1257 7637 355
leaf_count=718082 1255 471 2905 2913 2151 1067 246 3997 532 2595 237 1257 7637 355
internal_value=3.84454e-11 1.19999e-07 -5.4673e-06 2.17208e-05 -1.96632e-08 1.48127e-05 5.34131e-08 1.44135e-05 -3.13533e-08 -1.63661e-06 6.27807e-06 -5.10042e-06 -9.04628e-06 -3.96742e-05
internal_weight=745700 729696 16004 4688 725008 4217 722857 4243 718614 14394 3150 11489 8894 1610
internal_count=745700 729696 16004 4688 725008 4217 722857 4243 718614 14394 3150 11489 8894 1610
is_linear=0
shrinkage=0.03


Tree=35
num_leaves=15
num_cat=0
split_feature=77 63 172 130 78 10 76 118 127 76 2 172 10 119
split_gain=0.000534953 0.000730581 0.00063443 0.00244749 0.00139698 0.00230123 0.0023892 0.00207142 0.0013109 0.000983954 0.00231946 0.00111819 0.000879245 0.000630975
threshold=-0.66368630528450001 -1.0809720158576963 -1.6227018833160398 -1.3070971369743345 -1.2070479989051817 -1.4006874561309812 -1.9027220010757444 -1.3479555845260618 -1.1438471078872678 -1.8765906691551206 -0.90308964252471913 4.1899755001068124 -1.0746932625770567 -0.7289079725742339
decision_type=2 2 2 2 2 2 2 2 2 2 2 2 2 2
left_child=1 -1 3 8 5 6 -4 -7 -2 10 -6 -11 -10 -5
right_child=2 -3 4 13 9 7 -8 -9 12 11 -12 -13 -14 -15
leaf_value=6.6193083783318302e-06 -2.045324948020289e-06 -2.2893097726211565e-06 1.4018174918652949e-06 -3.2116213599323547e-05 8.3128806629730876e-06 7.8887295570433382e-05 -4.5304484012783356e-05 1.2617140607186001e-05 3.9792115948326943e-05 4.5815992371026911e-07 -1.7310035302275214e-05 3.9800243005550827e-05 5.2226049825273071e-06 -1.2388520453734531e-05
leaf_weight=8863 24371 126531 6856 2622 5092 436 1150 15142 1153 539506 8458 650 1560 3310
leaf_count=8863 24371 126531 6856 2622 5092 436 1150 15142 1153 539506 8458 650 1560 3310
internal_value=4.23507e-11 -1.70588e-06 3.78546e-07 -3.66585e-06 6.09908e-07 7.76052e-06 -5.30826e-06 1.44788e-05 1.55951e-07 3.05274e-07 -7.679e-06 5.05632e-07 1.99346e-05 -2.11173e-05
internal_weight=745700 135394 610306 33016 577290 23584 8006 15578 27084 553706 13550 540156 2713 5932
internal_count=745700 135394 610306 33016 577290 23584 8006 15578 27084 553706 13550 540156 2713 5932
is_linear=0
shrinkage=0.03


Tree=36
num_leaves=15
num_cat=0
split_feature=18 127 60 173 83 136 127 79 129 79 62 79 36 39
split_gain=0.000520577 0.000642021 0.000544552 0.00236232 0.00220644 0.00155685 0.00144988 0.00323171 0.000648846 0.000475155 0.00031696 0.00023948 0.000182688 0.000163774
threshold=3.4159028530120854 3.9722924232482915 0.28952124714851385 -2.0405433177947994 -0.0581432357430458 1.541611969470978 0.97123366594314586 3.0954241752624516 0.78654062747955333 1.8706182241439822 1.8640636801719668 0.17157865315675738 3.6772847175598149 3.6461468935012822
decision_type=2 2 2 2 2 2 2 2 2 2 2 2 2 2
left_child=1 2 6 5 -5 -4 7 -1 -8 10 11 -2 -11 -12
right_child=9 -3 3 4 -6 -7 8 -9 -10 12 13 -13 -14 -15
leaf_value=-4.6486707048784399e-07 2.3406947845560783e-05 3.9417269504809534e-05 2.1943607941194751e-05 3.2731265981186419e-05 6.9603483302980892e-07 9.3995755104071295e-05 1.9829665489029172e-05 -5.4314657064277325e-05 7.1228046528452833e-05 -1.5395630974735942e-05 0 -1.5637066694414298e-06 -4.0317335293603605e-05 -1.6559012477302715e-05
leaf_weight=510760 459 372 1809 1951 222781 317 928 1004 291 575 761 1383 502 1807
leaf_count=510760 459 372 1809 1951 222781 317 928 1004 291 575 761 1383 502 1807
internal_value=4.68132e-11 6.83381e-08 4.84593e-08 1.27239e-06 9.74425e-07 3.27403e-05 -4.92748e-07 -5.70676e-07 3.21724e-05 -9.20553e-06 -4.83165e-06 4.65167e-06 -2.70663e-05 -1.16448e-05
internal_weight=745700 740213 739841 226858 224732 2126 512983 511764 1219 5487 4410 1842 1077 2568
internal_count=745700 740213 739841 226858 224732 2126 512983 511764 1219 5487 4410 1842 1077 2568
is_linear=0
shrinkage=0.03


Tree=37
num_leaves=15
num_cat=0
split_feature=166 79 79 166 60 126 155 172 81 171 22 60 3 130
split_gain=0.000506503 0.000651366 0.000584829 0.0011904 0.000818839 0.00110487 0.000786927 0.000779213 0.00163296 0.00110677 0.000713568 0.000622084 0.000544597 0.000906715
threshold=-2.4400694370269771 -3.3499958515167232 -1.5298228263854978 -0.80555254220962513 4.3615603446960458 3.145357728004456 1.7661671042442324 -1.7084294557571409 -1.0829589962959287 -2.1615703105926509 2.8036504983901982 -0.2720168530941009 -1.402688145637512 -1.2076205015182493
decision_type=2 2 2 2 2 2 2 2 2 2 2 2 2 2
left_child=1 -1 3 12 7 10 11 8 -4 -9 -6 -5 -2 -14
right_child=2 -3 4 6 5 -7 -8 9 -10 -11 -12 -13 13 -15
leaf_value=9.1583055825008465e-06 -1.0360495554074703e-05 -1.0994827492215175e-05 -2.7240023272713065e-06 2.8065305119435777e-05 -1.3481663111731915e-05 -1.4162694864593849e-06 4.7137785618558753e-05 2.0613367504283821e-05 -2.9550716497694929e-05 5.4932271072976986e-08 -6.8557750382764146e-05 1.7265125997926856e-06 1.057530248569917e-05 -1.0061720568202117e-06
leaf_weight=1795 2948 7327 16219 1405 376 1369 742 2364 2336 680229 490 1901 9599 16600
leaf_count=1795 2948 7327 16219 1405 376 1369 742 2364 2336 680229 490 1901 9599 16600
internal_value=5.45807e-11 -7.0253e-06 8.71088e-08 3.97829e-06 -9.64919e-08 -1.82222e-05 1.92213e-05 -3.86454e-08 -6.10441e-06 1.26206e-07 -4.47225e-05 1.29343e-05 1.85969e-06 3.23624e-06
internal_weight=745700 9122 736578 33195 703383 2235 4048 701148 18555 682593 866 3306 29147 26199
internal_count=745700 9122 736578 33195 703383 2235 4048 701148 18555 682593 866 3306 29147 26199
is_linear=0
shrinkage=0.03


Tree=38
num_leaves=15
num_cat=0
split_feature=77 63 171 8 155 39 8 79 171 79 173 76 76 62
split_gain=0.000496644 0.000688168 0.000619638 0.000638294 0.000565882 0.00238447 0.00361623 0.00135005 0.00121457 0.001133 0.00106166 0.000742892 0.000946306 0.000670513
threshold=-0.66368630528450001 -1.0809720158576963 -1.5801354646682737 -1.2766973972320554 -0.32580496370792383 1.0000000180025095e-35 0.41154870390892034 3.0954241752624516 0.013254180550575258 -2.7572245597839351 2.4703285694122319 -1.9027220010757444 -1.7739191055297849 -0.25438933074474329
decision_type=2 2 2 2 2 2 2 2 2 2 2 2 2 2
left_child=1 -1 3 -3 5 6 7 -2 -8 -6 -7 13 -13 -11
right_child=4 2 -4 -5 9 10 8 -9 -10 11 -12 12 -14 -15
leaf_value=6.4362476602459589e-06 1.8467113791229216e-06 -1.1769667826657009e-05 -1.9143089675010209e-06 -6.0958442116114364e-05 4.1269476283386659e-05 4.7647733099827629e-05 -9.9450465606547978e-05 -3.7712242185009088e-05 -1.8707313290104426e-05 -2.0857451709606941e-05 1.0143661295961971e-05 1.3608131636683761e-05 -2.9424165277172471e-07 1.2727348696668733e-05
leaf_weight=8863 166711 2188 124077 266 591 1417 414 779 284 2721 1310 4451 430964 664
leaf_count=8863 166711 2188 124077 266 591 1417 414 779 284 2721 1310 4451 430964 664
internal_value=4.96744e-11 -1.64365e-06 -2.2099e-06 -1.71363e-05 3.6475e-07 1.82945e-06 1.37797e-06 1.66232e-06 -6.67146e-05 -2.04927e-07 2.96528e-05 -2.60949e-07 -1.52026e-07 -1.42588e-05
internal_weight=745700 135394 126531 2454 610306 170915 168188 167490 698 439391 2727 438800 435415 3385
internal_count=745700 135394 126531 2454 610306 170915 168188 167490 698 439391 2727 438800 435415 3385
is_linear=0
shrinkage=0.03


Tree=39
num_leaves=15
num_cat=0
split_feature=133 127 60 164 83 77 79 12 62 22 1 3 79 119
split_gain=0.000493328 0.000574035 0.000516729 0.00225611 0.00201575 0.00136848 0.00128114 0.000697827 0.00045128 0.000433775 0.000228007 0.000341096 0.000268412 0.000157534
threshold=3.4153791666030888 3.9722924232482915 0.28952124714851385 -1.9815109372138975 -0.0581432357430458 1.2172593474388125 2.4987714290618901 -1.2619210481643675 0.79091733694076549 3.1778751611709599 4.0707132816314706 3.607236504554749 0.50568294525146495 3.5967285633087163
decision_type=2 2 2 2 2 2 2 2 2 2 2 2 2 2
left_child=1 2 5 8 -5 6 -1 -7 -4 13 11 -11 -12 -2
right_child=9 -3 3 4 -6 7 -8 -9 -10 10 12 -13 -14 -15
leaf_value=-4.8940616435048746e-07 -1.9223850163700458e-05 3.7630540832444656e-05 7.0623336048332598e-05 3.1358415488457387e-05 7.3887139037360899e-07 3.5220842888621657e-05 -1.9871855092779461e-05 7.8359267347324213e-06 2.974899321210819e-05 9.896488041930587e-06 1.5678386345024719e-05 -1.3950694753004244e-05 -9.6528379765831702e-06 -4.754659969778068e-05
leaf_weight=506291 500 365 313 1951 223071 1328 3087 2277 1122 659 836 2938 682 280
leaf_count=506291 500 365 313 1951 223071 1328 3087 2277 1122 659 836 2938 682 280
internal_value=4.09889e-11 6.89665e-08 5.0334e-08 1.24397e-06 1.00462e-06 -4.76541e-07 -6.06968e-07 1.79392e-05 3.87283e-05 -8.64336e-06 -5.45533e-06 -9.57182e-06 4.27908e-06 -2.94773e-05
internal_weight=745700 739805 739440 226457 225022 512983 509378 3605 1435 5895 5115 3597 1518 780
internal_count=745700 739805 739440 226457 225022 512983 509378 3605 1435 5895 5115 3597 1518 780
is_linear=0
shrinkage=0.03


Tree=40
num_leaves=15
num_cat=0
split_feature=172 130 77 76 119 119 173 9 166 164 118 126 21 186
split_gain=0.000486296 0.00163361 0.00128546 0.000969878 0.000889689 0.000868628 0.000741388 0.000663675 0.00063151 0.00111333 0.000906676 0.000848386 0.000645937 0.000430673
threshold=-1.8286224603652952 -1.3274088501930235 0.72176098823547374 -1.987069249153137 -2.1990935802459712 -0.98853483796119679 0.92773240804672252 -1.0711861848831175 -3.0651777982711788 -2.4488663673400874 0.37101723253726965 -1.4707164168357847 -1.3039020895957945 -0.58160844445228566
decision_type=2 2 2 2 2 2 2 2 2 2 2 2 2 2
left_child=1 2 6 -4 -2 -3 13 -5 11 10 -10 -6 -11 -1
right_child=4 5 3 7 8 -7 -8 -9 9 12 -12 -13 -14 -15
leaf_value=2.2014382766320904e-06 2.7665276885790138e-05 -4.9374990179914799e-05 -2.2264913525721275e-05 2.3844866988338402e-05 -5.5875929534377065e-05 -1.4449522959022842e-05 -3.6946324740340075e-05 -4.8750141196413742e-06 1.1623677226012242e-05 4.0612652029161806e-06 6.9551926685692089e-05 -7.5093125223924521e-06 -1.3784563776820966e-07 -7.418401135551745e-06
leaf_weight=7307 1055 778 620 3436 382 3658 610 915 4333 34660 257 2229 675660 9800
leaf_count=7307 1055 778 620 3436 382 3658 610 915 4333 34660 257 2229 675660 9800
internal_value=4.73502e-11 -3.94304e-06 -6.85842e-07 1.27922e-05 1.48934e-07 -2.05914e-05 -4.46968e-06 1.77986e-05 1.08395e-07 1.62233e-07 1.48881e-05 -1.46157e-05 6.70128e-08 -3.30779e-06
internal_weight=745700 27124 22688 4971 718576 4436 17717 4351 717521 714910 4590 2611 710320 17107
internal_count=745700 27124 22688 4971 718576 4436 17717 4351 717521 714910 4590 2611 710320 17107
is_linear=0
shrinkage=0.03


Tree=41
num_leaves=15
num_cat=0
split_feature=166 79 127 61 79 166 60 126 172 81 171 173 155 60
split_gain=0.000476738 0.000614926 0.000564079 0.000549277 0.000514092 0.00120294 0.000773545 0.00102486 0.000752416 0.00141259 0.00101715 0.000672395 0.000616028 0.000568416
threshold=-2.4400694370269771 -3.0300148725509639 -1.5049835443496702 -1.0154495835304258 -1.4888146519660947 -0.77908113598823536 4.3615603446960458 3.145357728004456 -1.7084294557571409 -1.0829589962959287 -2.1615703105926509 -1.1143852472305296 1.7661671042442324 -0.2720168530941009
decision_type=2 2 2 2 2 2 2 2 2 2 2 2 2 2
left_child=1 2 -1 -3 5 -2 8 11 9 -6 -10 -8 13 -7
right_child=4 3 -4 -5 6 12 7 -9 10 -11 -12 -13 -14 -15
leaf_value=-1.2875069620059336e-05 1.5268189976415331e-06 1.0232852976834638e-05 1.2878963825064179e-05 -1.6391807568520742e-05 -2.8599772037556433e-06 2.6549192423797446e-05 -7.1999403983906962e-06 -1.5025089485977843e-06 1.9922490946768031e-05 -2.7900530484299257e-05 5.4146549033647974e-08 -6.2823437661996913e-05 4.1265123209577597e-05 2.3914937612542226e-06
leaf_weight=1201 31680 808 2104 5009 15933 1537 303 1358 2326 2323 677668 559 845 2046
leaf_count=1201 31680 808 2104 5009 15933 1537 303 1358 2326 2323 677668 559 845 2046
internal_value=3.86855e-11 -6.81576e-06 3.5101e-06 -1.26873e-05 8.44974e-08 3.57527e-06 -9.54079e-08 -1.77721e-05 -3.91387e-08 -6.04928e-06 1.22182e-07 -4.33371e-05 1.82204e-05 1.27673e-05
internal_weight=745700 9122 3305 5817 736578 36108 700470 2220 698250 18256 679994 862 4428 3583
internal_count=745700 9122 3305 5817 736578 36108 700470 2220 698250 18256 679994 862 4428 3583
is_linear=0
shrinkage=0.03


Tree=42
num_leaves=15
num_cat=0
split_feature=132 127 77 63 171 172 130 20 164 125 1 79 119 137
split_gain=0.000468335 0.00054162 0.000491519 0.000648184 0.000585462 0.000553048 0.0020618 0.00125332 0.000436464 0.000264098 0.000253802 0.000252578 0.00024737 0.000203082
threshold=3.4349305629730229 3.9722924232482915 -0.66368630528450001 -1.0809720158576963 -1.5801354646682737 -1.6227018833160398 -1.2888581752777097 -1.2240843772888181 2.4511746168136601 -0.81870865821838368 4.0707132816314706 0.50568294525146495 3.5967285633087163 3.3558638095855717
decision_type=2 2 2 2 2 2 2 2 2 2 2 2 2 2
left_child=1 2 3 9 -5 6 -4 -7 10 -1 12 -12 13 -2
right_child=8 -3 5 4 -6 7 -8 -9 -10 -11 11 -13 -14 -15
leaf_value=1.4164387316535922e-05 1.5227461368631338e-05 3.8147122525728522e-05 6.2879990248999914e-08 -1.6642870897893079e-05 -1.8465361105107854e-06 7.3756319576971369e-06 -1.9776422884567755e-05 3.4081681499650085e-07 -3.8697509280216651e-05 2.858185036170694e-06 1.5211104860368109e-05 -9.3611691816721056e-06 -1.6715779080667568e-05 -8.1171676167772732e-06
leaf_weight=2661 470 335 27320 2454 124077 23783 5696 547360 400 6202 836 682 2262 1162
leaf_count=2661 470 335 27320 2454 124077 23783 5696 547360 400 6202 836 682 2262 1162
internal_value=3.68779e-11 6.67169e-08 4.93753e-08 -1.58431e-06 -2.13387e-06 4.15541e-07 -3.35943e-06 6.33819e-07 -8.48196e-06 6.25732e-06 -6.23645e-06 4.15274e-06 -1.02942e-05 -1.37056e-06
internal_weight=745700 739888 739553 135394 126531 604159 33016 571143 5812 8863 5412 1518 3894 1632
internal_count=745700 739888 739553 135394 126531 604159 33016 571143 5812 8863 5412 1518 3894 1632
is_linear=0
shrinkage=0.03


Tree=43
num_leaves=15
num_cat=0
split_feature=170 77 79 77 60 126 3 164 78 79 61 63 61 170
split_gain=0.000457486 0.00125608 0.00102292 0.000863084 0.000637018 0.00106889 0.000620737 0.000568278 0.000566032 0.000556727 0.000532595 0.000444069 0.000590215 0.000403117
threshold=-3.2497841119766231 -0.51838377118110646 -2.5378321409225459 0.38293565809726721 4.3615603446960458 3.145357728004456 -1.9346879124641416 -1.0330164432525633 -2.4790151119232173 -3.3499958515167232 -1.0539154410362241 -0.18591478466987607 -0.10234543681144713 -2.4826112985610957
decision_type=2 2 2 2 2 2 2 2 2 2 2 2 2 2
left_child=1 -1 3 13 6 7 10 -6 -8 -3 -4 -11 -13 -2
right_child=2 9 4 -5 5 -7 8 -9 -10 11 -12 12 -14 -15
leaf_value=-5.7818755240268701e-05 2.7405959086430875e-05 9.1378483444640191e-06 8.0452801123273576e-06 3.2728623691633911e-05 -1.6413317714366494e-05 -2.7499210768844199e-07 1.3082907090525971e-05 -6.2909306217532874e-05 -8.2764301933803855e-08 -1.827588963029978e-05 4.4420143276594512e-05 1.4851879609754907e-05 -1.0097800468007142e-05 1.7928896198320084e-06
leaf_weight=412 657 2109 3818 1455 468 1667 2950 484 721254 2576 400 1242 2719 3489
leaf_count=412 657 2109 3818 1455 468 1667 2950 484 721254 2576 400 1242 2719 3489
internal_value=3.50618e-11 -6.70056e-06 8.24776e-08 1.28531e-05 -1.53434e-08 -1.47815e-05 3.77266e-08 -4.01247e-05 -2.90753e-08 -4.2548e-06 1.15116e-05 -8.58093e-06 -2.2653e-06 5.86455e-06
internal_weight=745700 9058 736642 5601 731041 2619 728422 952 724204 8646 4218 6537 3961 4146
internal_count=745700 9058 736642 5601 731041 2619 728422 952 724204 8646 4218 6537 3961 4146
is_linear=0
shrinkage=0.03


Tree=44
num_leaves=15
num_cat=0
split_feature=18 127 60 173 83 160 127 79 129 79 62 79 36 39
split_gain=0.000442406 0.000535808 0.0004762 0.00206577 0.00190425 0.001427 0.00133347 0.00281251 0.000586032 0.000421179 0.000275745 0.000204785 0.00015942 0.00014633
threshold=3.4159028530120854 3.9722924232482915 0.28952124714851385 -2.0405433177947994 -0.0581432357430458 1.5745041966438296 0.97123366594314586 3.0954241752624516 0.78654062747955333 1.8706182241439822 1.8640636801719668 0.17157865315675738 3.6772847175598149 3.6461468935012822
decision_type=2 2 2 2 2 2 2 2 2 2 2 2 2 2
left_child=1 2 6 5 -5 -4 7 -1 -8 10 11 -2 -11 -12
right_child=9 -3 3 4 -6 -7 8 -9 -10 12 13 -13 -14 -15
leaf_value=-4.3729599131487872e-07 2.1819973980230888e-05 3.6010027446279992e-05 1.9582806558981987e-05 3.0412916802230863e-05 6.5209389674343961e-07 8.5548497433033066e-05 1.9132155541967831e-05 -5.0673315748852094e-05 6.798511858295954e-05 -1.4394290384995353e-05 2.7395431230768118e-07 -1.2692850382695244e-06 -3.7683028883122976e-05 -1.5368491317438325e-05
leaf_weight=510760 459 372 1772 1951 222781 354 928 1004 291 575 761 1383 502 1807
leaf_count=510760 459 372 1772 1951 222781 354 928 1004 291 575 761 1383 502 1807
internal_value=3.34176e-11 6.2992e-08 4.48283e-08 1.18938e-06 9.10729e-07 3.06159e-05 -4.61272e-07 -5.36009e-07 3.08651e-05 -8.48627e-06 -4.36794e-06 4.47667e-06 -2.53021e-05 -1.0723e-05
internal_weight=745700 740213 739841 226858 224732 2126 512983 511764 1219 5487 4410 1842 1077 2568
internal_count=745700 740213 739841 226858 224732 2126 512983 511764 1219 5487 4410 1842 1077 2568
is_linear=0
shrinkage=0.03


Tree=45
num_leaves=15
num_cat=0
split_feature=166 76 79 119 172 21 54 63 165 164 173 21 77 173
split_gain=0.000430721 0.0005846 0.000620471 0.000674277 0.000514415 0.000858786 0.00552793 0.000856273 0.000816156 0.00077695 0.00191463 0.00206432 0.000851288 0.00158732
threshold=-2.4400694370269771 0.35518026351928716 -2.3762061595916744 -0.3547056764364242 -0.0067903839517384759 -0.5041028857231139 -0.32655069231986994 -1.0809720158576963 -1.8658041357994077 1.4686582088470461 1.0641966462135317 -1.1558814644813535 -0.38601146638393397 -1.0094258189201353
decision_type=2 2 2 2 2 2 2 2 2 2 2 2 2 2
left_child=1 2 -1 -4 9 6 7 -6 -7 12 11 -11 -2 -14
right_child=4 -3 3 -5 5 8 -8 -9 -10 10 -12 -13 13 -15
leaf_value=-2.7441810590432634e-06 -3.5908092738773075e-07 2.9110944592209194e-05 -1.6814561320570347e-08 -3.1304926731413021e-05 8.6778334441103793e-06 2.4828603151587659e-05 -0.00015036576469600713 -5.2633205374862532e-06 -2.4788866715105548e-07 2.1816289788468672e-05 -8.8127987353174492e-07 -5.5465968334880167e-05 8.7907940789388484e-06 1.2739177372874691e-06
leaf_weight=6030 166400 396 970 1726 4412 1171 232 38961 350074 410 6684 1276 31066 135892
leaf_count=6030 166400 396 970 1726 4412 1171 232 38961 350074 410 6684 1276 31066 135892
internal_value=4.12864e-11 -6.47847e-06 -8.10016e-06 -2.0063e-05 8.03225e-08 -6.57184e-07 -4.62802e-06 -3.84434e-06 -1.64131e-07 9.32563e-07 -8.094e-06 -3.6653e-05 1.15932e-06 2.67281e-06
internal_weight=745700 9122 8726 2696 736578 394850 43605 43373 351245 341728 8370 1686 333358 166958
internal_count=745700 9122 8726 2696 736578 394850 43605 43373 351245 341728 8370 1686 333358 166958
is_linear=0
shrinkage=0.03


Tree=46
num_leaves=15
num_cat=0
split_feature=172 14 155 79 171 150 119 67 166 164 118 126 21 77
split_gain=0.00044052 0.00140377 0.00120417 0.000890908 0.000910843 0.000821918 0.000807763 0.000768371 0.000540704 0.00100926 0.000808428 0.000731132 0.000574173 0.000507927
threshold=-1.8286224603652952 -1.4302129745483396 -1.5928447842597959 -1.00469034910202 -3.8413599729537959 -1.8558861017227171 -2.1990935802459712 -1.223680794239044 -3.0651777982711788 -2.4488663673400874 0.37101723253726965 -1.4707164168357847 -1.3039020895957945 0.72176098823547374
decision_type=2 2 2 2 2 2 2 2 2 2 2 2 2 2
left_child=1 2 3 4 -1 -5 -2 -3 11 10 -10 -8 -11 -4
right_child=6 7 13 5 -6 -7 8 -9 9 12 -12 -13 -14 -15
leaf_value=-9.742308921118413e-06 2.6360593018811003e-05 -4.0830864755858826e-05 1.3407898137633583e-06 5.4420567592733277e-06 9.9093874167869542e-06 -2.0611198130813069e-05 -5.1825067891788545e-05 -1.192710341637276e-05 1.109067703095202e-05 3.8281088508372933e-06 6.5792512934530418e-05 -6.9231786079694733e-06 -1.3087625765088012e-07 1.7346645078063235e-05
leaf_weight=3919 1055 1016 3403 1439 4628 4464 382 4494 4333 34660 257 2229 675660 3761
leaf_count=3919 1055 1016 3403 1439 4628 4464 382 4494 4333 34660 257 2229 675660 3761
internal_value=2.91414e-11 -3.75288e-06 -3.05325e-07 -5.29249e-06 8.95028e-07 -1.42552e-05 1.41737e-07 -1.72686e-05 1.03107e-07 1.52928e-07 1.41737e-05 -1.35213e-05 6.22649e-08 9.74908e-06
internal_weight=745700 27124 21614 14450 8547 5903 718576 5510 717521 714910 4590 2611 710320 7164
internal_count=745700 27124 21614 14450 8547 5903 718576 5510 717521 714910 4590 2611 710320 7164
is_linear=0
shrinkage=0.03


Tree=47
num_leaves=15
num_cat=0
split_feature=163 63 167 139 78 78 76 173 124 33 144 60 79 83
split_gain=0.000433872 0.00291148 0.00151555 0.00134732 0.00116491 0.000681988 0.000719408 0.000548288 0.000545633 0.000535658 0.000519799 0.00050229 0.00259713 0.00174227
threshold=1.7167630791664126 1.8227235674858095 -1.8721179962158201 1.1856118440628054 2.2306317090988164 4.1701371669769296 1.3990470767021181 1.8012648820877077 3.1808503866195683 1.5527382493019106 3.0242958068847661 0.28952124714851385 3.0954241752624516 -0.0581432357430458
decision_type=2 2 2 2 2 2 2 2 2 2 2 2 2 2
left_child=1 4 8 -3 11 6 7 -4 -2 -6 -8 12 -1 -13
right_child=2 3 5 -5 9 -7 10 -9 -10 -11 -12 13 -14 -15
leaf_value=-4.0030641542456143e-07 4.7281494380717825e-05 -2.3591039485519145e-05 -4.102163178013469e-06 5.0864446163391781e-05 7.0358256330876887e-05 -2.1491864245988212e-05 -1.515387597675537e-05 1.2775009807170667e-05 -2.9057154806877304e-06 1.9604892978531306e-05 -7.4326071595640054e-05 2.9475633416275324e-05 -4.8722467683842071e-05 9.9493017586386506e-07
leaf_weight=511139 696 257 22683 1430 250 2075 374 1874 269 753 209 1951 1002 200738
leaf_count=511139 696 257 22683 1430 250 2075 374 1874 269 753 209 1951 1002 200738
internal_value=2.82395e-11 1.43479e-07 -3.65132e-06 3.94968e-05 5.06381e-08 -4.96284e-06 -3.59658e-06 -2.81254e-06 3.32719e-05 3.23426e-05 -3.65089e-05 5.24106e-09 -4.95002e-07 1.26937e-06
internal_weight=745700 717520 28180 1687 715833 27215 25140 24557 965 1003 583 714830 512141 202689
internal_count=745700 717520 28180 1687 715833 27215 25140 24557 965 1003 583 714830 512141 202689
is_linear=0
shrinkage=0.03


Tree=48
num_leaves=15
num_cat=0
split_feature=172 65 127 83 78 9 83 170 118 13 74 130 150 164
split_gain=0.000413922 0.00186698 0.00107992 0.00103249 0.000840726 0.00177218 0.00222094 0.00130673 0.00105655 0.000906077 0.00302427 0.00182302 0.000674182 0.000660929
threshold=-1.6227018833160398 -1.0433769822120664 -1.1438471078872678 -0.68909388780593861 -1.3544611930847166 -1.3465367555618284 -1.1210536360740659 -3.2497841119766231 0.37101723253726965 -1.5822457075119016 -1.0940287113189695 -1.4006234407424925 -1.0747202038764951 -1.8652617335319517
decision_type=2 2 2 2 2 2 2 2 2 2 2 2 2 2
left_child=1 2 -1 -3 5 7 -7 -2 -8 10 11 -6 -4 -11
right_child=4 3 12 -5 9 6 8 -9 -10 13 -12 -13 -14 -15
leaf_value=-2.4471899577290166e-06 -5.580970174535902e-05 -3.5291314586298896e-05 3.2936112920026097e-05 -6.5000623336669718e-06 1.9706695581376945e-06 3.8456026111355556e-05 3.9814370113210155e-06 6.1454158109274626e-07 6.342046974805179e-05 8.9875985663386288e-06 -7.0877635637255998e-05 -5.9662569044860737e-05 4.133118127488902e-06 -3.9724420944194787e-08
leaf_weight=25540 378 2301 1292 2192 4563 2754 6448 14559 280 7378 688 476 1691 675160
leaf_count=25540 378 2301 1292 2192 4563 2754 6448 14559 280 7378 688 476 1691 675160
internal_value=2.66293e-11 -3.28374e-06 -4.5099e-07 -2.12562e-05 1.52198e-07 5.62243e-06 1.57655e-05 -8.14979e-07 6.46863e-06 -4.1845e-08 -1.19238e-05 -3.85613e-06 1.66252e-05 5.78269e-08
internal_weight=745700 33016 28523 4493 712684 24419 9482 14937 6728 688265 5727 5039 2983 682538
internal_count=745700 33016 28523 4493 712684 24419 9482 14937 6728 688265 5727 5039 2983 682538
is_linear=0
shrinkage=0.03


Tree=49
num_leaves=15
num_cat=0
split_feature=22 77 74 91 14 63 130 79 78 3 3 159 39 159
split_gain=0.000412303 0.00198129 0.00197932 0.00171101 0.00129012 0.000795125 0.000760289 0.000756582 0.00069463 0.000680056 0.000640721 0.000558615 0.000547375 0.000589085
threshold=2.8036504983901982 2.74103856086731 3.1450626850128178 1.9227604269981386 1.8484596014022829 1.8227235674858095 1.4681901931762698 -0.90395230054855336 2.2306317090988164 3.607236504554749 3.4334151744842534 3.1012922525405888 3.5058343410491948 2.9549834728240971
decision_type=2 2 2 2 2 2 2 2 2 2 2 2 2 2
left_child=1 4 12 -3 5 8 -7 -5 -1 -4 -9 -11 13 -2
right_child=2 3 9 7 -6 6 -8 10 -10 11 -12 -13 -14 -15
leaf_value=-3.4089435381108761e-08 -4.7430756754945947e-06 8.7211042951887383e-05 1.3573500050259376e-05 3.0783717584377925e-05 -2.3214819720961385e-05 -2.6941253487868908e-05 3.6194580532303821e-05 2.6610750791979081e-05 2.0616355641447919e-05 1.5412033028021e-05 -4.7404219057161542e-06 -6.241479141235254e-06 -3.3054343819775453e-06 -5.5970474163428337e-05
leaf_weight=720228 255 313 2337 1640 2151 208 953 850 1468 1188 1885 10869 355 1000
leaf_count=720228 255 313 2337 1640 2151 208 953 850 1468 1188 1885 10869 355 1000
internal_value=2.27558e-11 1.04536e-07 -4.76304e-06 1.95427e-05 -2.11393e-08 4.78685e-08 2.48442e-05 1.46758e-05 7.90252e-09 -1.23134e-06 4.99829e-06 -4.10433e-06 -3.62988e-05 -4.55977e-05
internal_weight=745700 729696 16004 4688 725008 722857 1161 4375 721696 14394 2735 12057 1610 1255
internal_count=745700 729696 16004 4688 725008 722857 1161 4375 721696 14394 2735 12057 1610 1255
is_linear=0
shrinkage=0.03


Tree=50
num_leaves=15
num_cat=0
split_feature=77 171 8 63 155 39 8 172 171 79 173 76 76 79
split_gain=0.000407845 0.000599281 0.000598027 0.000553668 0.000529277 0.00195412 0.00320095 0.00114857 0.0010744 0.000838959 0.000838692 0.000647562 0.000771553 0.000601575
threshold=-0.66368630528450001 -1.5801354646682737 -1.2766973972320554 -1.082972466945648 -0.32580496370792383 1.0000000180025095e-35 0.41154870390892034 -1.2639272212982176 0.013254180550575258 -2.7572245597839351 2.4703285694122319 -1.9027220010757444 -1.7739191055297849 0.39464762806892401
decision_type=2 2 2 2 2 2 2 2 2 2 2 2 2 2
left_child=1 2 -1 -3 5 6 7 -2 -8 -6 -7 13 -13 -11
right_child=4 3 -4 -5 9 10 8 -9 -10 11 -12 12 -14 -15
leaf_value=-1.0982830609274671e-05 -2.152608810704066e-06 7.7905651268506501e-06 -5.8594526966426809e-05 -1.6342418602021255e-06 3.5468497499617166e-05 4.2930107151790178e-05 -9.3515099851616533e-05 3.2478921728791976e-06 -1.7565261785634086e-05 8.7257877115577453e-07 9.5907692993188616e-06 1.2257857101260904e-05 -2.9536112892083136e-07 -2.4574794922445833e-05
leaf_weight=2188 50920 5867 266 127073 591 1417 414 116570 284 1494 1310 4451 430964 1891
leaf_count=2188 50920 5867 266 127073 591 1417 414 116570 284 1494 1310 4451 430964 1891
internal_value=2.38909e-11 -1.4895e-06 -1.61777e-05 -1.21802e-06 3.3052e-07 1.74706e-06 1.33833e-06 1.60586e-06 -6.27251e-05 -2.20423e-07 2.69349e-05 -2.6864e-07 -1.6694e-07 -1.33376e-05
internal_weight=745700 135394 2454 132940 610306 170915 168188 167490 698 439391 2727 438800 435415 3385
internal_count=745700 135394 2454 132940 610306 170915 168188 167490 698 439391 2727 438800 435415 3385
is_linear=0
shrinkage=0.03


Tree=51
num_leaves=15
num_cat=0
split_feature=163 63 167 166 78 78 76 172 124 33 60 79 83 144
split_gain=0.000397343 0.00255842 0.00134955 0.00123228 0.00102814 0.000627767 0.000669211 0.000521771 0.000492905 0.000480414 0.000470823 0.00233799 0.00160571 0.000451739
threshold=1.7167630791664126 1.8227235674858095 -1.8721179962158201 0.64074593782424938 2.2306317090988164 4.1701371669769296 1.3990470767021181 -0.52819871902465809 3.1808503866195683 1.5527382493019106 0.28952124714851385 3.0954241752624516 -0.0581432357430458 3.0242958068847661
decision_type=2 2 2 2 2 2 2 2 2 2 2 2 2 2
left_child=1 4 8 -3 10 6 7 -4 -2 -6 11 -1 -12 -8
right_child=2 3 5 -5 9 -7 13 -9 -10 -11 12 -13 -14 -15
leaf_value=-3.8685494510296775e-07 4.4663863453951936e-05 4.7624591417022204e-05 1.3619752963947916e-05 -2.4867958047225805e-05 6.6390925754099132e-05 -2.059035674533795e-05 -1.5244214815991582e-05 -3.8396236048899268e-06 -3.0316688270557075e-06 1.8322182817854319e-05 2.8309889459177301e-05 -4.6234859566539594e-05 9.6803421504790375e-07 -7.0425787498376206e-05
leaf_weight=511139 696 1441 1650 246 250 2075 374 22907 269 753 1951 1002 200738 209
leaf_count=511139 696 1441 1650 246 250 2075 374 22907 269 753 1951 1002 200738 209
internal_value=1.68264e-11 1.37298e-07 -3.49424e-06 3.70274e-05 5.02652e-08 -4.7319e-06 -3.42102e-06 -2.66479e-06 3.1348e-05 3.03875e-05 7.61372e-09 -4.76705e-07 1.2315e-06 -3.51644e-05
internal_weight=745700 717520 28180 1687 715833 27215 25140 24557 965 1003 714830 512141 202689 583
internal_count=745700 717520 28180 1687 715833 27215 25140 24557 965 1003 714830 512141 202689 583
is_linear=0
shrinkage=0.03


Tree=52
num_leaves=15
num_cat=0
split_feature=130 20 57 78 172 65 78 82 60 173 119 77 3 117
split_gain=0.000390838 0.00136459 0.000932532 0.000593984 0.00100707 0.00155074 0.000759988 0.000585585 0.000729118 0.00055652 0.0005438 0.000455124 0.000381973 0.000291362
threshold=-2.1264885663986202 -1.2087287902832029 -2.1304833889007564 -2.3603545427322383 -1.6227018833160398 -1.0227924585342405 -1.3544611930847166 -1.7212502360343931 -1.7699519395828245 -3.8508709669113155 -0.52840426564216603 1.2172593474388125 -1.8941712975502012 -2.0432616472244258
decision_type=2 2 2 2 2 2 2 2 2 2 2 2 2 2
left_child=1 7 12 9 5 -5 -6 8 13 -4 -10 -11 -2 -1
right_child=2 -3 3 4 6 -7 -8 -9 10 11 -12 -13 -14 -15
leaf_value=-4.9082409750987725e-06 4.4234073091218377e-05 -7.8729072523980973e-05 -3.4335544359854301e-05 -2.4382505979015364e-06 6.0345927313305154e-06 -2.3260498877042857e-05 -1.3929572879838754e-08 4.181588925972081e-05 -3.4173203246495778e-05 8.0014370713269459e-06 -3.3337948545961925e-06 3.5476459662783311e-05 7.4343139656350772e-06 6.507870527778704e-06
leaf_weight=6518 593 223 258 15638 19218 4054 686821 245 1198 6076 906 596 448 2908
leaf_count=6518 593 223 258 15638 19218 4054 686821 245 1198 6076 906 596 448 2908
internal_value=1.5345e-11 -5.37057e-06 8.78869e-08 4.75115e-08 -3.59243e-08 -6.72742e-06 1.50674e-07 -3.97216e-06 -4.95125e-06 8.78824e-06 -2.09156e-05 1.04652e-05 2.84482e-05 -1.38278e-06
internal_weight=745700 11998 733702 732661 725731 19692 706039 11775 11530 6930 2104 6672 1041 9426
internal_count=745700 11998 733702 732661 725731 19692 706039 11775 11530 6930 2104 6672 1041 9426
is_linear=0
shrinkage=0.03


Tree=53
num_leaves=15
num_cat=0
split_feature=172 138 149 126 167 141 27 150 14 155 165 170 63 77
split_gain=0.000389111 0.000791768 0.00224454 0.00325152 0.000800377 0.000789609 0.00136452 0.000886703 0.00073004 0.000880952 0.000662464 0.00199801 0.00118021 0.000803296
threshold=-0.0067903839517384759 -0.31411905586719507 -0.078601252287626253 -0.19569781422615048 -1.8721179962158201 -0.031530350446701043 -0.33388425409793848 -0.21978933364152906 -0.30937154591083521 -0.45490905642509455 1.5348026752471926 -0.16795998811721799 0.67822322249412548 -0.49136106669902796
decision_type=2 2 2 2 2 2 2 2 2 2 2 2 2 2
left_child=10 2 5 -4 -3 6 -2 -7 -6 -10 13 -12 -13 -1
right_child=1 4 3 -5 8 7 -8 -9 9 -11 11 12 -14 -15
leaf_value=-7.8310074930426697e-07 -2.4258547728804596e-06 2.5156162515768456e-05 -0.00014664955175113905 -1.3820190314500987e-05 1.1699520694287442e-05 6.417262641319697e-05 -2.1004822947150686e-05 6.4424084851800899e-06 -2.5152954666287804e-05 -2.0559012915050687e-07 -7.9527390283359897e-05 -2.3006891887441307e-06 -6.4894679358001162e-05 2.1598036300634062e-06
leaf_weight=143928 59201 1129 237 550 4624 308 3785 1072 1278 323193 335 7068 281 198711
leaf_count=143928 59201 1129 237 550 4624 308 3785 1072 1278 323193 335 7068 281 198711
internal_value=1.12002e-11 -6.45015e-07 -3.66739e-06 -5.39943e-05 -4.86013e-08 -3.05075e-06 -3.54311e-06 1.9386e-05 -1.35237e-07 -3.0402e-07 7.28077e-07 -7.98244e-06 -4.70665e-06 9.23529e-07
internal_weight=745700 395377 65153 787 330224 64366 62986 1380 329095 324471 350323 7684 7349 342639
internal_count=745700 395377 65153 787 330224 64366 62986 1380 329095 324471 350323 7684 7349 342639
is_linear=0
shrinkage=0.03


Tree=54
num_leaves=15
num_cat=0
split_feature=63 77 54 118 127 63 167 172 171 195 160 170 172 119
split_gain=0.000381596 0.000564121 0.000479547 0.000983999 0.00104281 0.000961169 0.000469198 0.00183178 0.000921957 0.00182281 0.000609854 0.000606674 0.000602791 0.000453361
threshold=-1.082972466945648 -0.73368644714355458 -0.7617165446281432 -1.0558870434761045 -0.95729365944862355 -1.0537645816802976 0.71418058872222911 3.846737384796143 -0.032247591763734811 0.31837967038154608 -1.2538595795631406 0.11866347491741182 0.60583278536796581 -0.18859285861253736
decision_type=2 2 2 2 2 2 2 2 2 2 2 2 2 2
left_child=-1 2 3 4 -2 -5 7 12 9 -8 -10 -9 -3 -4
right_child=1 6 13 5 -6 -7 8 11 10 -11 -12 -13 -14 -15
leaf_value=7.620172446504545e-06 -1.5714779101881538e-06 1.0043808019630595e-06 -4.3628187825452315e-07 -2.0225160107348972e-06 6.131560417955188e-05 -1.7741424338536157e-05 -4.8277451698014069e-06 8.5103193458155991e-05 1.3275090523431984e-05 -5.565250761135209e-05 -1.3074009685374436e-06 2.6274791783591826e-05 -1.9198751775948629e-06 -3.7526818138199372e-05
leaf_weight=5867 21105 447521 64038 6116 239 8203 2813 271 2641 820 111470 384 73915 297
leaf_count=5867 21105 447521 64038 6116 239 8203 2813 271 2641 820 111470 384 73915 297
internal_value=0 -6.04053e-08 -2.15588e-06 -4.94628e-06 -8.63053e-07 -1.10302e-05 2.67047e-07 6.52887e-07 -1.44355e-06 -1.63198e-05 -9.69526e-07 5.07528e-05 5.89799e-07 -6.08556e-07
internal_weight=745700 739833 99998 35663 21344 14319 639835 522091 117744 3633 114111 655 521436 64335
internal_count=745700 739833 99998 35663 21344 14319 639835 522091 117744 3633 114111 655 521436 64335
is_linear=0
shrinkage=0.03


Tree=55
num_leaves=15
num_cat=0
split_feature=130 87 57 76 89 61 82 60 166 79 126 119 3 131
split_gain=0.000379205 0.00128159 0.000873862 0.000569126 0.00435483 0.00147021 0.000551608 0.00068065 0.000539515 0.000813587 0.000583681 0.000511637 0.0003576 0.000276281
threshold=-2.1264885663986202 -1.2109360694885252 -2.1304833889007564 -2.4132760763168331 -1.0484519004821775 0.12974659353494647 -1.7212502360343931 -1.7699519395828245 -3.0651777982711788 -2.5378321409225459 -1.4707164168357847 -0.52840426564216603 -1.8941712975502012 -2.1440194845199581
decision_type=2 2 2 2 2 2 2 2 2 2 2 2 2 2
left_child=1 6 12 4 5 -4 7 13 10 -10 -5 -9 -2 -1
right_child=2 -3 3 8 -6 -7 -8 11 9 -11 -12 -13 -14 -15
leaf_value=-3.4779017935894022e-06 4.2814519383692928e-05 -8.0413798793052229e-05 1.0305170929631427e-05 -4.7795912868924541e-05 -4.289045666742396e-05 4.4855012072411094e-05 4.0432735697746771e-05 -3.3243708930417307e-05 1.0713922464354305e-05 -8.8831863976360562e-08 -7.7336968305288619e-06 -3.3287121033728905e-06 7.2051577075092634e-06 1.1903536259014297e-05
leaf_weight=8246 593 200 5800 385 1292 1371 245 1198 6329 715305 2179 906 448 1203
leaf_count=8246 593 200 5800 385 1292 1371 245 1198 6329 715305 2179 906 448 1203
internal_value=0 -5.29006e-06 8.65465e-08 4.74605e-08 7.78167e-06 1.69202e-05 -4.00731e-06 -4.95575e-06 -4.28909e-08 5.88547e-09 -1.37773e-05 -2.0384e-05 2.75402e-05 -1.51539e-06
internal_weight=745700 11998 733702 732661 8463 7171 11798 11553 724198 721634 2564 2104 1041 9449
internal_count=745700 11998 733702 732661 8463 7171 11798 11553 724198 721634 2564 2104 1041 9449
is_linear=0
shrinkage=0.03


Tree=56
num_leaves=15
num_cat=0
split_feature=163 63 167 139 78 78 76 173 124 51 60 79 83 166
split_gain=0.000375844 0.0023382 0.00122493 0.00114941 0.000971214 0.000587905 0.000634043 0.000518119 0.000466407 0.000452768 0.000426349 0.00202926 0.00150644 0.000425243
threshold=1.7167630791664126 1.8227235674858095 -1.8721179962158201 1.1856118440628054 2.2306317090988164 4.1701371669769296 1.3990470767021181 1.8012648820877077 3.1808503866195683 0.76098483800888073 0.28952124714851385 3.0954241752624516 -0.0581432357430458 -0.77908113598823536
decision_type=2 2 2 2 2 2 2 2 2 2 2 2 2 2
left_child=1 4 8 -3 10 6 7 -4 -2 -6 11 -1 -12 -8
right_child=2 3 5 -5 9 -7 13 -9 -10 -11 12 -13 -14 -15
leaf_value=-3.6831850940611211e-07 4.2749748087025127e-05 -2.2863035987856861e-05 -3.8265342064703374e-06 4.5900896690782286e-05 6.4582567937783892e-05 -1.9924387975431005e-05 -1.4083757013444018e-05 1.2579814571832306e-05 -3.643293485030477e-06 1.7851938717349328e-05 2.7401460579711869e-05 -4.3082156724260806e-05 9.1829958561793387e-07 -6.7060825514114069e-05
leaf_weight=511139 696 257 22683 1430 249 2075 363 1874 269 754 1951 1002 200738 220
leaf_count=511139 696 257 22683 1430 249 2075 363 1874 269 754 1951 1002 200738 220
internal_value=0 1.33504e-07 -3.39843e-06 3.54002e-05 5.02998e-08 -4.5776e-06 -3.30897e-06 -2.57285e-06 2.97959e-05 2.95357e-05 8.8447e-09 -4.5203e-07 1.1735e-06 -3.42071e-05
internal_weight=745700 717520 28180 1687 715833 27215 25140 24557 965 1003 714830 512141 202689 583
internal_count=745700 717520 28180 1687 715833 27215 25140 24557 965 1003 714830 512141 202689 583
is_linear=0
shrinkage=0.03


Tree=57
num_leaves=15
num_cat=0
split_feature=172 14 1 155 146 119 67 63 20 130 75 63 63 44
split_gain=0.000369426 0.0012341 0.00109896 0.000753033 0.000992223 0.00073825 0.000672898 0.000553562 0.00125843 0.00270024 0.0018663 0.000708558 0.000384525 0.000587719
threshold=-1.8286224603652952 -1.4302129745483396 -1.0408728718757627 -1.5928447842597959 -1.7273700833320615 -2.0278869867324825 -1.223680794239044 -0.80126470327377308 -1.2538298964500425 -1.9941735267639158 -1.2959194183349607 -1.0809720158576963 0.99564248323440563 -1.1716479063034055
decision_type=2 2 2 2 2 2 2 2 2 2 2 2 2 2
left_child=1 2 3 4 -1 -2 -3 11 10 -10 -9 -7 -8 -14
right_child=5 6 -4 -5 -6 7 12 8 9 -11 -12 -13 13 -15
leaf_value=-1.6462375655434413e-06 1.3622833505112736e-05 -3.815994867536612e-05 2.5707114739082137e-05 6.6023724178756304e-06 -2.1066908432658915e-05 5.7791729782398633e-06 -7.955691266894218e-06 -1.9601001240769624e-07 -7.220346418316757e-05 1.9456100556062221e-07 1.9728626257200949e-05 -3.1926995896019745e-06 4.0044469655298726e-06 -6.1648920893949425e-05
leaf_weight=10878 3630 1016 1378 6331 3027 8863 3984 9857 463 613927 7408 74428 202 308
leaf_count=10878 3630 1016 1378 6331 3027 8863 3984 9857 463 613927 7408 74428 202 308
internal_value=0 -3.43677e-06 -2.04195e-07 -1.97133e-06 -5.87732e-06 1.2976e-07 -1.61094e-05 6.1191e-08 3.64362e-07 1.39836e-07 8.35209e-06 -2.23758e-06 -1.11101e-05 -3.56294e-05
internal_weight=745700 27124 21614 20236 13905 718576 5510 714946 631655 614390 17265 83291 4494 510
internal_count=745700 27124 21614 20236 13905 718576 5510 714946 631655 614390 17265 83291 4494 510
is_linear=0
shrinkage=0.03


Tree=58
num_leaves=15
num_cat=0
split_feature=166 79 61 76 118 172 21 54 63 164 165 170 63 77
split_gain=0.000370178 0.000553054 0.000465621 0.000466742 0.000516528 0.000460319 0.000764862 0.0049446 0.000752769 0.000622672 0.000609653 0.00175619 0.00101779 0.000723013
threshold=-2.4400694370269771 -3.0300148725509639 -1.0154495835304258 0.33924198150634771 0.27768391370773321 -0.0067903839517384759 -0.5041028857231139 -0.32655069231986994 -1.0809720158576963 -1.9815109372138975 1.5348026752471926 -0.16795998811721799 0.67822322249412548 -0.38601146638393397
decision_type=2 2 2 2 2 2 2 2 2 2 2 2 2 2
left_child=1 -1 -3 4 -4 10 7 8 -7 -8 13 -12 -13 -2
right_child=5 2 3 -5 -6 6 9 -9 -10 -11 11 12 -14 -15
leaf_value=3.7864391058452679e-06 -3.2553757254664274e-07 9.5264611270810182e-06 -2.0649518500234293e-05 1.7317952838804793e-05 1.5024990796053902e-05 8.1113784044318944e-06 2.7444278189410479e-05 -0.00014220482081310742 -4.9599186158934241e-06 -2.1581279387809194e-07 -7.4549336902709907e-05 -2.1670192185478455e-06 -6.0295184814232465e-05 2.4657276485652978e-06
leaf_weight=3305 166680 808 4240 371 398 4412 733 232 38961 350512 335 7068 281 167364
leaf_count=3305 166680 808 4240 371 398 4412 733 232 38961 350512 335 7068 281 167364
internal_value=0 -6.00597e-06 -1.15745e-05 -1.49855e-05 -1.75791e-05 7.44081e-08 -6.23242e-07 -4.37065e-06 -3.62943e-06 -1.57927e-07 8.80596e-07 -7.47306e-06 -4.40162e-06 1.07287e-06
internal_weight=745700 9122 5817 5009 4638 736578 394850 43605 43373 351245 341728 7684 7349 334044
internal_count=745700 9122 5817 5009 4638 736578 394850 43605 43373 351245 341728 7684 7349 334044
is_linear=0
shrinkage=0.03


Tree=59
num_leaves=15
num_cat=0
split_feature=163 63 167 166 78 78 76 173 124 33 144 172 78 173
split_gain=0.000360807 0.00219991 0.00112515 0.00108626 0.000914272 0.000551665 0.00059912 0.00048887 0.000441578 0.000426441 0.000401929 0.000384945 0.000822278 0.000758148
threshold=1.7167630791664126 1.8227235674858095 -1.8721179962158201 0.64074593782424938 2.2306317090988164 4.1701371669769296 1.3990470767021181 1.8012648820877077 3.1808503866195683 1.5527382493019106 3.0242958068847661 -0.0067903839517384759 1.4645860791206362 -0.50840830802917469
decision_type=2 2 2 2 2 2 2 2 2 2 2 2 2 2
left_child=1 4 8 -3 11 6 7 -4 -2 -6 -8 12 -1 -13
right_child=2 3 5 -5 9 -7 10 -9 -10 -11 -12 13 -14 -15
leaf_value=7.8309369503792968e-07 4.1088599718419345e-05 4.4288906135882467e-05 -3.7331890782312964e-06 -2.3768749938366073e-05 6.2581595763549255e-05 -1.9326307090764677e-05 -1.4470104534937417e-05 1.2203258627979797e-05 -4.0500859618619973e-06 1.7287443497536478e-05 -6.6529504861815696e-05 -3.9997330934338195e-06 -4.3545697738754724e-05 -1.094032561771356e-07
leaf_weight=342834 696 1441 22683 246 250 2075 374 1874 269 753 209 52504 376 319116
leaf_count=342834 696 1441 22683 246 250 2075 374 1874 269 753 209 52504 376 319116
internal_value=0 1.30788e-07 -3.32977e-06 3.43387e-05 5.00807e-08 -4.45993e-06 -3.23098e-06 -2.51537e-06 2.84837e-05 2.86581e-05 -3.32662e-05 9.85796e-09 7.34316e-07 -6.59135e-07
internal_weight=745700 717520 28180 1687 715833 27215 25140 24557 965 1003 583 714830 343210 371620
internal_count=745700 717520 28180 1687 715833 27215 25140 24557 965 1003 583 714830 343210 371620
is_linear=0
shrinkage=0.03


Tree=60
num_leaves=15
num_cat=0
split_feature=172 130 127 83 15 10 78 170 129 83 148 91 131 79
split_gain=0.000362847 0.0016336 0.000978622 0.000773685 0.000863368 0.000702035 0.000617004 0.00223346 0.00134226 0.000535201 0.00064868 0.000550518 0.000482703 0.00045152
threshold=-1.6227018833160398 -1.3070971369743345 -1.1438471078872678 -2.1705052852630611 -2.1893969774246211 -1.0746932625770567 -1.3544611930847166 -0.31283900141715998 -1.9984884858131406 -0.66541758179664601 -1.1359302997589109 -0.88840115070343006 -2.1440194845199581 -1.00469034910202
decision_type=2 2 2 2 2 2 2 2 2 2 2 2 2 2
left_child=1 2 13 12 -5 -4 7 -6 -8 10 -3 -12 -2 -1
right_child=3 9 5 4 6 -7 8 -9 -10 -11 11 -13 -14 -15
leaf_value=1.8132263931287824e-06 9.4730664859470128e-06 -1.1241187981546729e-05 3.488056410701024e-05 -4.4599315836631504e-05 1.5472464746656508e-06 3.9893752291240201e-06 -3.3195453804490076e-05 3.1066379887149295e-05 5.0600011307128107e-10 -2.6012845296206787e-06 -5.6903495152585336e-05 -2.4147884967971033e-05 4.0332775376903986e-05 -6.3989257143355137e-06
leaf_weight=13484 2085 2166 1153 388 19544 1560 1097 2615 686370 1619 679 1468 585 10887
leaf_count=13484 2085 2166 1153 388 19544 1560 1097 2615 686370 1619 679 1468 585 10887
internal_value=0 -3.07453e-06 4.76072e-08 1.42442e-07 8.17731e-08 1.71369e-05 1.06308e-07 5.03342e-06 -5.24698e-08 -1.73321e-05 -2.28529e-05 -3.45427e-05 1.62583e-05 -1.85418e-06
internal_weight=745700 33016 27084 712684 710014 2713 709626 22159 687467 5932 4313 2147 2670 24371
internal_count=745700 33016 27084 712684 710014 2713 709626 22159 687467 5932 4313 2147 2670 24371
is_linear=0
shrinkage=0.03


Tree=61
num_leaves=15
num_cat=0
split_feature=170 77 79 77 60 126 79 3 165 129 90 63 61 9
split_gain=0.000364351 0.00096327 0.000735352 0.00061294 0.000513566 0.00087197 0.000512076 0.000502016 0.000495064 0.000462222 0.000432977 0.000388394 0.000507742 0.000351763
threshold=-3.2497841119766231 -0.51838377118110646 -2.5378321409225459 -0.031638389453291886 4.3615603446960458 3.145357728004456 -3.3499958515167232 -1.9346879124641416 -1.5609279274940489 -1.9299311637878416 2.9547777175903325 -0.18591478466987607 -0.10234543681144713 3.0753329992294316
decision_type=2 2 2 2 2 2 2 2 2 2 2 2 2 2
left_child=1 -1 3 -2 7 10 -3 8 -4 -9 -6 -8 -13 -7
right_child=2 6 4 -5 5 13 11 9 -10 -11 -12 12 -14 -15
leaf_value=-5.0745892108598592e-05 1.9233755400453039e-06 9.0067139410266233e-06 -3.4290638622819034e-05 2.1884692272371578e-05 -6.260287493766964e-06 2.6315198907863689e-05 -1.7053646967491581e-05 -6.7096414488526773e-06 1.2723197069581641e-05 6.403439888373829e-08 -4.9904502555797597e-05 1.3795856695687962e-05 -9.3448897838681207e-06 -7.3402554846151489e-06
leaf_weight=412 3084 2109 211 2517 301 354 2576 9182 4007 715022 651 1242 2719 1313
leaf_count=412 3084 2109 211 2517 301 354 2576 9182 4007 715022 651 1242 2719 1313
internal_value=0 -5.9798e-06 7.35419e-08 1.09013e-05 -9.39092e-09 -1.32678e-05 -3.83751e-06 3.82558e-08 1.03567e-05 -2.18151e-08 -3.61578e-05 -7.98671e-06 -2.07972e-06 -1.63789e-07
internal_weight=745700 9058 736642 5601 731041 2619 8646 728422 4218 724204 952 6537 3961 1667
internal_count=745700 9058 736642 5601 731041 2619 8646 728422 4218 724204 952 6537 3961 1667
is_linear=0
shrinkage=0.03


Tree=62
num_leaves=15
num_cat=0
split_feature=63 77 167 172 171 196 173 170 172 54 118 63 127 119
split_gain=0.000346805 0.000433389 0.000412477 0.00156663 0.000775115 0.00134842 0.000617104 0.000551762 0.000543259 0.000410957 0.000787436 0.00107827 0.000966272 0.000430295
threshold=-1.0872430801391599 -0.73368644714355458 0.71418058872222911 3.846737384796143 0.20850943028926852 0.26406916975975042 2.0442004203796391 0.12408895790576936 0.60583278536796581 -0.7617165446281432 -1.0558870434761045 -1.0537645816802976 -0.95729365944862355 -0.18859285861253736
decision_type=2 2 2 2 2 2 2 2 2 2 2 2 2 2
left_child=-1 9 3 8 5 -4 -6 -5 -3 10 12 -12 -2 -11
right_child=1 2 4 7 6 -7 -8 -9 -10 13 11 -13 -14 -15
leaf_value=1.0227573035467261e-05 -1.4117813886044736e-06 9.4664133776230317e-07 -4.0785698048810764e-06 7.9494418465144868e-05 -1.5083882894782458e-06 -3.3601229142584097e-05 5.371524602047706e-06 2.345605585936011e-05 -1.8294572725716149e-06 -2.8462040075993137e-07 -7.6496473943109633e-07 -1.700263802591916e-05 5.912203879827575e-05 -3.641610265229759e-05
leaf_weight=2971 21206 447521 7021 273 95613 1737 13373 382 73915 66266 6683 8203 239 297
leaf_count=2971 21206 447521 7021 273 95613 1737 13373 382 73915 66266 6683 8203 239 297
internal_value=0 -4.09262e-08 2.4964e-07 6.11409e-07 -1.35422e-06 -9.94048e-06 -6.6388e-07 4.69438e-05 5.53061e-07 -1.84806e-06 -4.41437e-06 -9.71537e-06 -7.33021e-07 -4.46832e-07
internal_weight=745700 742729 639835 522091 117744 8758 108986 655 521436 102894 36331 14886 21445 66563
internal_count=745700 742729 639835 522091 117744 8758 108986 655 521436 102894 36331 14886 21445 66563
is_linear=0
shrinkage=0.03


Tree=63
num_leaves=15
num_cat=0
split_feature=170 77 79 77 32 130 63 76 170 79 63 170 63 61
split_gain=0.000346203 0.000906475 0.000686068 0.000575011 0.000498714 0.00073952 0.000922618 0.000562261 0.00048267 0.000481832 0.000374073 0.000371791 0.000365445 0.000477759
threshold=-3.2497841119766231 -0.51838377118110646 -2.5378321409225459 0.38293565809726721 -2.1202710866928096 -2.1264885663986202 -0.59580397605895985 -2.4132760763168331 -2.0047250986099239 -3.3499958515167232 -0.58387058973312367 -2.4826112985610957 -0.18591478466987607 -0.10234543681144713
decision_type=2 2 2 2 2 2 2 2 2 2 2 2 2 2
left_child=1 -1 3 11 8 6 -6 -7 -4 -3 -10 -2 -11 -14
right_child=2 9 4 -5 5 7 -8 -9 10 12 -12 -13 13 -15
leaf_value=-4.9255532369254341e-05 2.5510470451998746e-05 8.7082547698793064e-06 -3.0629130704752395e-05 2.6754147417900127e-05 -5.866398079683037e-06 7.8065580624495226e-06 -4.166408719817375e-05 -8.3140312913857132e-08 1.0035213057950522e-05 -1.6570624208687155e-05 4.2970766820852669e-05 9.1432857067470966e-07 1.335393768105231e-05 -9.0930349630810101e-06
leaf_weight=412 657 2109 242 1455 3563 8222 792 714318 3564 2576 340 3489 1242 2719
leaf_count=412 657 2109 242 1455 3563 8222 792 714318 3564 2576 340 3489 1242 2719
internal_value=0 -5.82898e-06 7.16816e-08 1.05303e-05 -8.42244e-09 -6.76477e-08 -1.23915e-05 6.6081e-09 1.03655e-05 -3.75069e-06 1.29215e-05 4.82443e-06 -7.77556e-06 -2.04546e-06
internal_weight=745700 9058 736642 5601 731041 726895 4355 722540 4146 8646 3904 4146 6537 3961
internal_count=745700 9058 736642 5601 731041 726895 4355 722540 4146 8646 3904 4146 6537 3961
is_linear=0
shrinkage=0.03


Tree=64
num_leaves=15
num_cat=0
split_feature=18 127 79 172 14 155 83 67 76 162 62 79 40 39
split_gain=0.000338707 0.000420352 0.000346095 0.000342988 0.00110822 0.000985318 0.000641575 0.000603025 0.000583948 0.000499142 0.000262603 0.000197069 0.000139074 0.000123717
threshold=3.4159028530120854 3.9722924232482915 1.8706182241439822 -1.8286224603652952 -1.4302129745483396 -1.5928447842597959 -2.1705052852630611 -1.223680794239044 -2.6760432720184322 -2.1484529972076412 1.8640636801719668 0.18478894233703616 3.6713650226593022 3.6461468935012822
decision_type=2 2 2 2 2 2 2 2 2 2 2 2 2 2
left_child=1 3 10 4 5 -1 9 -6 -8 -5 11 -2 -4 -12
right_child=2 -3 12 6 7 -7 8 -9 -10 -11 13 -13 -14 -15
leaf_value=-4.7200620279591805e-06 2.1661315385435183e-05 3.1894482350811077e-05 -1.2328330657373826e-05 4.9858794310491309e-06 -3.615601561965431e-05 8.8861441766930903e-06 -2.6366437723924853e-05 -1.0547889759638838e-05 1.3650680969595137e-07 3.143652576586497e-05 2.144779382361654e-07 -7.945294389898475e-07 -3.4060006131238179e-05 -1.4165454631277192e-05
leaf_weight=14450 471 372 567 1789 1016 7164 748 4494 709176 1004 761 1371 510 1807
leaf_count=14450 471 372 567 1789 1016 7164 748 4494 709176 1004 761 1371 510 1807
internal_value=0 5.5052e-08 -7.42544e-06 3.89592e-08 -3.27203e-06 -2.0867e-07 1.65013e-07 -1.5281e-05 1.08503e-07 1.45127e-05 -3.6916e-06 4.9398e-06 -2.2669e-05 -9.89401e-06
internal_weight=745700 740213 5487 739841 27124 21614 712717 5510 709924 2793 4410 1842 1077 2568
internal_count=745700 740213 5487 739841 27124 21614 712717 5510 709924 2793 4410 1842 1077 2568
is_linear=0
shrinkage=0.03


Tree=65
num_leaves=15
num_cat=0
split_feature=163 63 167 139 78 62 76 78 119 165 76 124 51 60
split_gain=0.00032757 0.00197953 0.00102846 0.000997178 0.000853796 0.000524367 0.000769443 0.000813325 0.000537065 0.000542693 0.000430514 0.000405429 0.000405218 0.000378589
threshold=1.7167630791664126 1.8227235674858095 -1.8721179962158201 1.1856118440628054 2.2306317090988164 -0.25438933074474329 -0.17620385438203809 3.1316860914230351 4.1469442844390878 1.5348026752471926 1.3990470767021181 3.1808503866195683 0.76098483800888073 0.28952124714851385
decision_type=2 2 2 2 2 2 2 2 2 2 2 2 2 2
left_child=1 4 11 -3 13 8 7 -7 9 -4 -8 -2 -6 -1
right_child=2 3 5 -5 12 6 10 -9 -10 -11 -12 -13 -14 -15
leaf_value=-4.2511736922186913e-07 3.9321039167549817e-05 -2.1688485253352853e-05 1.9948766203191161e-05 4.2355212473811098e-05 6.0850629500225189e-05 3.2781208385689255e-05 -5.1453261160951607e-06 1.9366416933867647e-06 -5.4305261714344596e-05 -1.5099945174275676e-05 -3.1401082222542902e-05 -3.9265350424328866e-06 1.6638172781404099e-05 1.1066593164329261e-06
leaf_weight=512141 696 257 447 1430 249 879 15384 6146 277 3499 583 269 754 202689
leaf_count=512141 696 257 447 1430 249 879 15384 6146 277 3499 583 269 754 202689
internal_value=0 1.24606e-07 -3.17271e-06 3.25739e-05 4.80458e-08 -4.25326e-06 -2.46671e-06 5.80444e-06 -1.39701e-05 -1.1118e-05 -6.10778e-06 2.72429e-05 2.76937e-05 9.17464e-09
internal_weight=745700 717520 28180 1687 715833 27215 22992 7025 4223 3946 15967 965 1003 714830
internal_count=745700 717520 28180 1687 715833 27215 22992 7025 4223 3946 15967 965 1003 714830
is_linear=0
shrinkage=0.03


Tree=66
num_leaves=15
num_cat=0
split_feature=172 166 173 56 76 65 50 117 18 165 172 173 77 77
split_gain=0.000332375 0.0006915 0.00165785 0.000629036 0.00078648 0.000624849 0.00467018 0.00104304 0.000742789 0.000747273 0.000589546 0.00218013 0.000950784 0.000936417
threshold=-0.0067903839517384759 -0.33192925155162806 -2.1688030958175655 -1.2857680916786192 -1.8263139128684995 -0.21683052182197568 -0.17237277328968045 -0.31769074499607081 -0.42045563459396357 -1.8658041357994077 -1.2639272212982176 2.1975584030151372 1.2172593474388125 -0.39407345652580256
decision_type=2 2 2 2 2 2 2 2 2 2 2 2 2 2
left_child=10 5 -3 -4 -5 6 7 -2 -7 -10 11 12 -1 -12
right_child=1 2 3 4 -6 8 -8 -9 9 -11 13 -13 -14 -15
leaf_value=-2.5093655757273809e-06 -2.6746492063530549e-06 6.6117120527868099e-05 2.9151638195994477e-05 -7.0275580376308036e-06 3.0052027083256512e-07 2.6837837359958716e-05 -0.00011344520016983222 -1.9051476577484719e-05 2.2245194169401597e-05 -2.0766953872993409e-06 -3.7612496535195841e-07 -6.6404575399198974e-05 1.4961328195548762e-05 3.0187680234458129e-06
leaf_weight=53245 22316 341 665 13815 286786 833 363 4152 1156 64950 156136 470 2958 137514
leaf_count=53245 22316 341 665 13815 286786 833 363 4152 1156 64950 156136 470 2958 137514
internal_value=0 -5.96185e-07 1.03278e-07 2.82393e-08 -3.61855e-08 -2.84627e-06 -6.71456e-06 -5.24542e-06 -1.29523e-06 -1.65059e-06 6.72861e-07 -2.12831e-06 -1.58909e-06 1.21358e-06
internal_weight=745700 395377 301607 301266 300601 93770 26831 26468 66939 66106 350323 56673 56203 293650
internal_count=745700 395377 301607 301266 300601 93770 26831 26468 66939 66106 350323 56673 56203 293650
is_linear=0
shrinkage=0.03


Tree=67
num_leaves=15
num_cat=0
split_feature=63 77 155 39 8 173 78 79 54 118 63 127 171 62
split_gain=0.000329158 0.000390953 0.000416322 0.00167363 0.0025855 0.000673684 0.000581845 0.000655536 0.000380399 0.000732052 0.00102542 0.00090898 0.00041143 0.000279882
threshold=-1.0872430801391599 -0.73368644714355458 -0.32580496370792383 -1.0000000180025095e-35 0.41154870390892034 2.4703285694122319 -1.3104538917541502 -2.7572245597839351 -0.7617165446281432 -1.0558870434761045 -1.0537645816802976 -0.95729365944862355 -0.93659484386444081 0.40681248903274542
decision_type=2 2 2 2 2 2 2 2 2 2 2 2 2 2
left_child=-1 8 3 4 -3 -5 -4 -8 9 11 -11 -2 -10 -14
right_child=1 2 6 5 -6 -7 7 -9 12 10 -12 -13 13 -15
leaf_value=9.9639484346253371e-06 -1.3341084486191328e-06 1.3070133323143691e-06 -4.6099765328921731e-05 3.9095874771222755e-05 -5.6500103607021486e-05 9.2103029269985235e-06 3.2594046059342145e-05 -2.6708961601127584e-07 -3.413261609679062e-05 -6.0811931156481344e-07 -1.6442899030514408e-05 5.7377736724842403e-05 7.0248449935023678e-08 -1.2375936216800293e-05
leaf_weight=2971 21206 181984 248 1417 698 1310 546 453632 323 6683 8203 239 64573 1667
leaf_count=2971 21206 181984 248 1417 698 1310 546 453632 323 6683 8203 239 64573 1667
internal_value=0 -3.98724e-08 2.361e-07 1.43415e-06 1.08567e-06 2.4759e-05 -2.52649e-07 -2.27447e-07 -1.75625e-06 -4.22531e-06 -9.33648e-06 -6.75734e-07 -4.08116e-07 -2.42702e-07
internal_weight=745700 742729 639835 185409 182682 2727 454426 454178 102894 36331 14886 21445 66563 66240
internal_count=745700 742729 639835 185409 182682 2727 454426 454178 102894 36331 14886 21445 66563 66240
is_linear=0
shrinkage=0.03


Tree=68
num_leaves=15
num_cat=0
split_feature=166 79 171 172 171 173 65 26 71 163 165 173 118 77
split_gain=0.000324896 0.000504204 0.000524501 0.00039315 0.000628679 0.00154909 0.000718721 0.00440348 0.000592578 0.000579457 0.000544208 0.00163648 0.00216708 0.000671466
threshold=-2.4400694370269771 -2.2364945411682124 -0.89283818006515492 -0.039138309657573693 0.13095782697200778 -2.1688030958175655 -0.21683052182197568 -0.15889959037303922 -1.3112087845802305 1.3559200167655947 1.5348026752471926 1.0641966462135317 -0.75971391797065724 -0.38601146638393397
decision_type=2 2 2 2 2 2 2 2 2 2 2 2 2 2
left_child=1 -1 -3 10 6 -6 7 -5 -7 -8 13 12 -12 -2
right_child=3 2 -4 4 5 8 9 -9 -10 -11 11 -13 -14 -15
leaf_value=-1.3922557863927041e-06 -3.480284302426013e-07 -2.9562623337989419e-05 -1.2864966975685123e-06 -5.0827869270597349e-06 6.4006150149245586e-05 3.7960645229247624e-05 -1.9343030797666065e-07 -0.00011019112429495955 7.2739473835491841e-08 -8.5420241500680475e-06 -4.7400494794192121e-07 -7.9975406606105178e-07 -8.0223883115304958e-05 2.4111255191704806e-06
leaf_weight=6710 158316 1372 1040 30749 341 371 78205 362 293605 8274 639 5951 590 159175
leaf_count=6710 158316 1372 1040 30749 341 371 78205 362 293605 8274 639 5951 590 159175
internal_value=0 -5.62667e-06 -1.73886e-05 6.96859e-08 -5.45606e-07 1.95123e-07 -2.39982e-06 -6.31027e-06 1.20785e-07 -9.9263e-07 8.50393e-07 -7.31595e-06 -3.88176e-05 1.03519e-06
internal_weight=745700 9122 2412 736578 411907 294317 117590 31111 293976 86479 324671 7180 1229 317491
internal_count=745700 9122 2412 736578 411907 294317 117590 31111 293976 86479 324671 7180 1229 317491
is_linear=0
shrinkage=0.03


Tree=69
num_leaves=15
num_cat=0
split_feature=172 14 1 155 20 119 67 166 164 118 126 21 9 63
split_gain=0.000323749 0.00103933 0.000943396 0.0006357 0.000938886 0.000611336 0.000567626 0.000417384 0.000794396 0.000541299 0.000497284 0.000448393 0.000386025 0.00035238
threshold=-1.8286224603652952 -1.4302129745483396 -1.0408728718757627 -1.5928447842597959 -1.7142605185508726 -2.1990935802459712 -1.223680794239044 -3.0651777982711788 -2.4488663673400874 0.37101723253726965 -1.4707164168357847 -1.3039020895957945 -1.0535681247711179 0.99564248323440563
decision_type=2 2 2 2 2 2 2 2 2 2 2 2 2 2
left_child=1 2 3 4 -1 -2 -3 10 9 -9 -7 -10 -5 -8
right_child=5 6 -4 12 -6 7 13 8 11 -11 -12 -13 -14 -15
leaf_value=-2.6049708684077433e-06 2.2930740602920915e-05 -3.5100526630467627e-05 2.375660671541873e-05 8.1792908308456622e-06 -2.6658605259133297e-05 -4.3476186839864572e-05 -7.2348092933964465e-06 1.0045983679141561e-05 3.3790612161739847e-06 5.4816529557940025e-05 -6.437550289563157e-06 -1.1951883364639281e-07 -1.9076037254633069e-05 -3.3726395989713414e-05
leaf_weight=12247 1055 1016 1378 5824 1658 382 3984 4333 34660 257 2229 675660 507 510
leaf_count=12247 1055 1016 1378 5824 1658 382 3984 4333 34660 257 2229 675660 507 510
internal_value=0 -3.21734e-06 -2.50669e-07 -1.88805e-06 -5.47694e-06 1.2143e-07 -1.48471e-05 8.78193e-08 1.31596e-07 1.25707e-05 -1.18825e-05 5.11563e-08 5.98922e-06 -1.02547e-05
internal_weight=745700 27124 21614 20236 13905 718576 5510 717521 714910 4590 2611 710320 6331 4494
internal_count=745700 27124 21614 20236 13905 718576 5510 717521 714910 4590 2611 710320 6331 4494
is_linear=0
shrinkage=0.03


Tree=70
num_leaves=15
num_cat=0
split_feature=132 9 46 45 172 173 172 164 1 79 135 119 137 148
split_gain=0.000315851 0.000398211 0.000394075 0.000375018 0.000351581 0.00127419 0.00036352 0.000325217 0.000208379 0.00021916 0.00020271 0.000192346 0.000168622 0.000129107
threshold=3.4349305629730229 3.4971952438354497 3.4963126182556157 3.3517698049545293 1.9870327711105349 -2.1688030958175655 -0.0067903839517384759 2.4511746168136601 4.0707132816314706 0.50568294525146495 3.2816416025161748 3.5967285633087163 3.3558638095855717 3.5624475479125981
decision_type=2 2 2 2 2 2 2 2 2 2 2 2 2 2
left_child=1 3 10 4 6 -6 -1 8 11 -10 -3 12 -2 -13
right_child=7 2 -4 -5 5 -7 -8 -9 9 -11 -12 13 -14 -15
leaf_value=6.5173186533892606e-07 1.4289810937821158e-05 4.1579476242070082e-05 -1.1065596573744417e-06 -1.8002711069242219e-05 6.209515552736488e-05 3.3951727475153853e-06 -6.9377167401261929e-07 -3.3048674506478644e-05 1.4687224275382235e-05 -8.1994005806444784e-06 1.5423603225941906e-05 -2.8796309664265452e-05 -6.983396334109908e-06 -1.0762163017216738e-05
leaf_weight=348889 470 409 994 1037 341 12521 374910 400 836 682 787 449 1162 1813
leaf_count=348889 470 409 994 1037 341 12521 374910 400 836 682 787 449 1162 1813
internal_value=0 5.47035e-08 1.28254e-05 1.67334e-08 4.21645e-08 4.95848e-06 -4.51643e-08 -6.9657e-06 -5.02662e-06 4.38645e-06 2.44205e-05 -8.704e-06 -8.33551e-07 -1.43663e-05
internal_weight=745700 739888 2190 737698 736661 12862 723799 5812 5412 1518 1196 3894 1632 2262
internal_count=745700 739888 2190 737698 736661 12862 723799 5812 5412 1518 1196 3894 1632 2262
is_linear=0
shrinkage=0.03


Tree=71
num_leaves=15
num_cat=0
split_feature=63 61 138 130 79 131 3 149 61 163 47 14 137 173
split_gain=0.000312783 0.000450033 0.00106845 0.00184535 0.00111358 0.000671929 0.00053769 0.000515405 0.000505985 0.000491064 0.00132319 0.000594908 0.000359563 0.000266638
threshold=-1.082972466945648 -0.96776708960533131 -1.7802394628524778 -1.9941735267639158 0.53057956695556652 -1.6945626139640806 -1.9346879124641416 -0.50507706403732289 -1.0539154410362241 -1.6181497573852537 -1.2644082903861997 -1.3537355065345762 -1.8276897072792051 -1.0337086319923399
decision_type=2 2 2 2 2 2 2 2 2 2 2 2 2 2
left_child=-1 6 4 7 12 -5 8 -4 13 10 -8 -11 -3 -2
right_child=1 2 3 5 -6 -7 9 -9 -10 11 -12 -13 -14 -15
leaf_value=6.8989219040369696e-06 -4.216508702458198e-06 5.3868188283430864e-06 -1.7496652481631045e-05 1.224724867807927e-05 7.6156651981184638e-05 1.1044290973586774e-07 -5.5993115035693008e-06 -7.6365132629154964e-05 3.9361234967002193e-05 4.5455200658959925e-06 -5.8053667989042296e-05 -2.7373999158863709e-06 2.929697758621721e-05 9.5803521762376029e-06
leaf_weight=5867 2012 1971 220 4131 269 640019 19143 350 400 12395 442 54322 796 3363
leaf_count=5867 2012 1971 220 4131 269 640019 19143 350 400 12395 442 54322 796 3363
internal_value=0 -5.47407e-08 2.24182e-07 1.40511e-07 1.79766e-05 1.88343e-07 -2.01725e-06 -5.37669e-05 6.84285e-06 -2.61055e-06 -6.78755e-06 -1.38385e-06 1.22841e-05 4.41043e-06
internal_weight=745700 739833 647756 644720 3036 644150 92077 570 5775 86302 19585 66717 2767 5375
internal_count=745700 739833 647756 644720 3036 644150 92077 570 5775 86302 19585 66717 2767 5375
is_linear=0
shrinkage=0.03


Tree=72
num_leaves=15
num_cat=0
split_feature=172 130 127 83 15 10 78 170 13 83 148 91 79 164
split_gain=0.000314214 0.00142716 0.00079706 0.000636572 0.000771083 0.000632129 0.000554403 0.00200507 0.00121266 0.000537156 0.000551311 0.000513359 0.000426513 0.000749462
threshold=-1.6227018833160398 -1.2888581752777097 -1.1438471078872678 -2.1705052852630611 -2.1893969774246211 -1.0746932625770567 -1.3544611930847166 -0.31283900141715998 -1.5822457075119016 -0.66541758179664601 -1.1359302997589109 -0.88840115070343006 -1.00469034910202 -0.8644752800464629
decision_type=2 2 2 2 2 2 2 2 2 2 2 2 2 2
left_child=1 2 12 -2 -5 -4 7 -6 -8 10 -3 -12 -1 -14
right_child=3 9 5 4 6 -7 8 -9 -10 -11 11 -13 13 -15
leaf_value=1.808649504870051e-06 1.4750751618721918e-05 -1.0842685827202191e-05 3.1637751165960741e-05 -4.2148131290372132e-05 1.4679552338397422e-06 2.7989403492968073e-06 -1.4875191214779932e-05 2.9437218308162119e-05 5.7219977712692028e-08 -1.6476548189454532e-06 -5.4899806603026183e-05 -2.2926145438807204e-05 -1.8238336849529204e-05 -1.0501769171309817e-06
leaf_weight=13570 2670 1987 1197 388 19544 1601 4929 2615 682538 1583 658 1468 3246 7706
leaf_count=13570 2670 1987 1197 388 19544 1601 4929 2615 682538 1583 658 1468 3246 7706
internal_value=0 -2.86111e-06 -1.18035e-08 1.32531e-07 7.74962e-08 1.5154e-05 1.00685e-07 4.77116e-06 -4.98202e-08 -1.65197e-05 -2.22345e-05 -3.28573e-05 -1.74401e-06 -6.14842e-06
internal_weight=745700 33016 27320 712684 710014 2798 709626 22159 687467 5696 4113 2126 24522 10952
internal_count=745700 33016 27320 712684 710014 2798 709626 22159 687467 5696 4113 2126 24522 10952
is_linear=0
shrinkage=0.03


Tree=73
num_leaves=15
num_cat=0
split_feature=170 77 79 77 60 126 79 32 130 170 22 9 63 61
split_gain=0.000305795 0.000800465 0.000604159 0.000480761 0.00047621 0.000809433 0.00046196 0.000429174 0.000670935 0.000436766 0.000408371 0.000330917 0.000324551 0.000443206
threshold=-3.2497841119766231 -0.51838377118110646 -2.5378321409225459 -0.031638389453291886 4.3615603446960458 3.145357728004456 -3.3499958515167232 -2.1202710866928096 -2.1264885663986202 -2.0047250986099239 2.8036504983901982 3.0753329992294316 -0.18591478466987607 -0.10234543681144713
decision_type=2 2 2 2 2 2 2 2 2 2 2 2 2 2
left_child=1 -1 3 -2 7 10 -3 9 -9 -4 -6 -7 -8 -14
right_child=2 6 4 -5 5 11 12 8 -10 -11 -12 -13 13 -15
leaf_value=-4.6286948052275184e-05 1.9292109755836165e-06 8.6742136536380472e-06 -2.9333601666062968e-05 1.9609396054084299e-05 -1.14075852282477e-05 2.5532988740366137e-05 -1.5754756057254098e-05 -1.1755391807030539e-05 5.3984346080734912e-08 1.2093325766496455e-05 -5.1405768445539663e-05 -7.1100412925877985e-06 1.2766085416597611e-05 -8.8536819409871997e-06
leaf_weight=412 3084 2109 242 2517 396 354 2576 4355 719921 3904 556 1313 1242 2719
leaf_count=412 3084 2109 242 2517 396 354 2576 4355 719921 3904 556 1313 1242 2719
internal_value=0 -5.47828e-06 6.73491e-08 9.88184e-06 -7.81871e-09 -1.27749e-05 -3.52506e-06 3.80609e-08 -1.6999e-08 9.66153e-06 -3.48288e-05 -1.48911e-07 -7.46616e-06 -2.06557e-06
internal_weight=745700 9058 736642 5601 731041 2619 8646 728422 724276 4146 952 1667 6537 3961
internal_count=745700 9058 736642 5601 731041 2619 8646 728422 724276 4146 952 1667 6537 3961
is_linear=0
shrinkage=0.03


Tree=74
num_leaves=15
num_cat=0
split_feature=163 63 167 139 78 78 173 62 124 59 3 172 131 62
split_gain=0.000300235 0.00170609 0.000902019 0.000876647 0.000776608 0.000491323 0.000488969 0.000853489 0.000368811 0.00036284 0.000360718 0.000507189 0.000455242 0.000271699
threshold=1.7167630791664126 1.8227235674858095 -1.8721179962158201 1.1856118440628054 2.2306317090988164 4.1701371669769296 1.8012648820877077 -0.25438933074474329 3.1808503866195683 1.2612054347991946 1.7663025856018069 1.0854135751724245 1.2518550157546999 -0.75610849261283863
decision_type=2 2 2 2 2 2 2 2 2 2 2 2 2 2
left_child=1 4 8 -3 10 6 7 -4 -2 -6 12 -12 -1 -8
right_child=2 3 5 -5 9 -7 13 -9 -10 -11 11 -13 -14 -15
leaf_value=-8.706842075003277e-08 3.6967491986529153e-05 -2.0628298823522038e-05 -2.7159341746577572e-05 3.9415900614108384e-05 5.7961454450813755e-05 -1.8079253913901719e-05 -1.0156557049959983e-05 -2.6459964693000377e-06 -4.2766130800663022e-06 1.6005028495301218e-05 -2.1860840152391807e-05 2.1496469731558936e-06 4.0762955406248992e-06 1.7762139435010196e-05
leaf_weight=687189 696 257 1357 1430 247 2075 396 21909 269 756 1614 1549 24478 1478
leaf_count=687189 696 257 1357 1430 247 2075 396 21909 269 756 1614 1549 24478 1478
internal_value=0 1.19272e-07 -3.03747e-06 3.02441e-05 4.81928e-08 -4.04948e-06 -2.88963e-06 -4.07814e-06 2.54468e-05 2.64146e-05 1.11184e-08 -1.00959e-05 5.60951e-08 1.18443e-05
internal_weight=745700 717520 28180 1687 715833 27215 25140 23266 965 1003 714830 3163 711667 1874
internal_count=745700 717520 28180 1687 715833 27215 25140 23266 965 1003 714830 3163 711667 1874
is_linear=0
shrinkage=0.03


Tree=75
num_leaves=15
num_cat=0
split_feature=63 83 161 148 125 139 21 126 14 63 75 131 154 143
split_gain=0.000298196 0.00038273 0.00109557 0.00495543 0.00193334 0.00156703 0.000951071 0.00278705 0.00226441 0.000999123 0.000961377 0.000898146 0.000852325 0.000837103
threshold=-1.0872430801391599 -0.75865092873573292 -0.86153399944305409 -0.68704441189765919 -0.34026436507701868 -1.329028785228729 -1.3039020895957945 -1.0124358534812925 -1.5681773424148557 0.46875815093517309 -1.3206425309181211 -0.81308591365814198 -1.1237282156944273 -0.86416941881179798
decision_type=2 2 2 2 2 2 2 2 2 2 2 2 2 2
left_child=-1 6 3 11 -5 -4 7 9 10 -2 -8 -3 -7 -10
right_child=1 2 5 4 -6 12 8 -9 13 -11 -12 -13 -14 -15
leaf_value=9.4837397655593455e-06 -1.3153963105440159e-06 9.8061601853288573e-06 -7.9069418875372442e-05 8.286933490279878e-05 7.0714399373029956e-06 -3.3014353796171578e-05 -9.7902083673902495e-06 3.3195021478284662e-05 -7.8062183184863308e-07 1.2132812689649077e-05 -4.7978273829843119e-05 -6.4638808571046632e-06 1.5590081729910217e-07 -7.9194276399956702e-06
leaf_weight=2971 48493 6735 224 1038 429 697 1021 2385 54164 5539 1425 5583 594658 20338
leaf_count=2971 48493 6735 224 1038 429 697 1021 2385 54164 5539 1425 5583 594658 20338
internal_value=0 -3.79718e-08 2.80579e-07 8.64152e-06 6.07438e-05 8.69962e-08 -1.49369e-06 1.46461e-06 -3.66305e-06 6.28681e-08 -3.20607e-05 2.42958e-06 1.16962e-07 -2.7299e-06
internal_weight=745700 742729 609364 13785 1467 595579 133365 56417 76948 54032 2446 12318 595355 74502
internal_count=745700 742729 609364 13785 1467 595579 133365 56417 76948 54032 2446 12318 595355 74502
is_linear=0
shrinkage=0.03


Tree=76
num_leaves=15
num_cat=0
split_feature=166 79 61 76 118 119 77 61 172 171 173 62 119 129
split_gain=0.000299125 0.000479067 0.000412982 0.00041392 0.000436937 0.000399715 0.000444955 0.000363127 0.000353366 0.000587351 0.0013109 0.000676499 0.000888802 0.000761681
threshold=-2.4400694370269771 -3.0300148725509639 -1.0154495835304258 0.3487630188465119 0.27768391370773321 -0.1352775692939758 -0.041324047371745103 -0.061824154108762734 -0.039138309657573693 0.13095782697200778 -2.1688030958175655 0.22559729963541034 0.33388942480087286 -0.32651941478252405
decision_type=2 2 2 2 2 2 2 2 2 2 2 2 2 2
left_child=1 5 -3 4 -4 6 -1 -7 -2 11 -11 12 -10 -13
right_child=8 2 3 -5 -6 7 -8 -9 9 10 -12 13 -14 -15
leaf_value=-1.444602628823584e-05 8.069987154689229e-07 9.2896188459674366e-06 -1.9023603684446186e-05 1.7028907179264333e-05 1.3781202039254251e-05 3.0028658475438832e-05 2.6646949219107337e-05 1.9546089914128324e-06 -3.6767148582147591e-06 5.8899911593185933e-05 1.3108904349478057e-07 3.8251624123197422e-05 -1.6989501378654034e-05 -7.2944344279025537e-07
leaf_weight=1314 324671 808 4249 362 398 719 288 984 41010 341 293976 453 5073 71054
leaf_count=1314 324671 808 4249 362 398 719 288 984 41010 341 293976 453 5073 71054
internal_value=0 -5.39893e-06 -1.05818e-05 -1.37944e-05 -1.62052e-05 3.71457e-06 -7.0278e-06 1.38356e-05 6.68441e-08 -5.16484e-07 1.99481e-07 -2.30872e-06 -5.14323e-06 -4.81546e-07
internal_weight=745700 9122 5817 5009 4647 3305 1602 1703 736578 411907 294317 117590 46083 71507
internal_count=745700 9122 5817 5009 4647 3305 1602 1703 736578 411907 294317 117590 46083 71507
is_linear=0
shrinkage=0.03


Tree=77
num_leaves=15
num_cat=0
split_feature=172 130 127 10 83 15 78 170 13 83 148 91 162 79
split_gain=0.000295645 0.00134636 0.000745678 0.000596729 0.000592554 0.000715986 0.000502332 0.00182978 0.00107592 0.000477685 0.000543911 0.000452059 0.000425104 0.000417269
threshold=-1.6227018833160398 -1.3070971369743345 -1.1438471078872678 -1.0746932625770567 -2.1705052852630611 -2.1893969774246211 -1.3544611930847166 -0.29579448699951166 -1.5822457075119016 -0.66541758179664601 -1.1359302997589109 -0.88840115070343006 -2.1484529972076412 -1.00469034910202
decision_type=2 2 2 2 2 2 2 2 2 2 2 2 2 2
left_child=1 2 13 -4 12 -6 7 -7 -8 10 -3 -12 -2 -1
right_child=4 9 3 -5 5 6 8 -9 -10 -11 11 -13 -14 -15
leaf_value=1.9246086494413708e-06 4.9118797277656528e-06 -1.0299831111837545e-05 3.1334778229439403e-05 2.8545437251421191e-06 -4.0613614276339863e-05 1.4229242061996991e-06 -1.4009962868985425e-05 2.8370894033337438e-05 5.5367394703318477e-08 -1.8019324332065446e-06 -5.190581648880615e-05 -2.2215651390669739e-05 2.9648165651864884e-05 -5.9699899830326652e-06
leaf_weight=13484 1666 2166 1153 1560 388 19595 4929 2564 682538 1619 679 1468 1004 10887
leaf_count=13484 1666 2166 1153 1560 388 19595 4929 2564 682538 1619 679 1468 1004 10887
internal_value=0 -2.77527e-06 5.90132e-08 1.49765e-05 1.28559e-07 7.54598e-08 9.78067e-08 4.54355e-06 -4.54548e-08 -1.57188e-05 -2.09343e-05 -3.16391e-05 1.42323e-05 -1.60093e-06
internal_weight=745700 33016 27084 2713 712684 710014 709626 22159 687467 5932 4313 2147 2670 24371
internal_count=745700 33016 27084 2713 712684 710014 709626 22159 687467 5932 4313 2147 2670 24371
is_linear=0
shrinkage=0.03


Tree=78
num_leaves=15
num_cat=0
split_feature=18 127 79 62 76 172 76 131 77 165 62 79 174 39
split_gain=0.000288295 0.00035494 0.000296788 0.000295113 0.000953983 0.00269326 0.00157788 0.000637635 0.000635292 0.00057596 0.000225027 0.000171781 0.000120968 0.000109653
threshold=3.4159028530120854 3.9722924232482915 1.8706182241439822 -0.69865992665290821 -0.43099118769168848 -1.335925221443176 -0.36956647038459772 0.61385968327522289 1.2172593474388125 2.1009743213653569 1.8640636801719668 0.17157865315675738 3.6722379922866826 3.6461468935012822
decision_type=2 2 2 2 2 2 2 2 2 2 2 2 2 2
left_child=1 3 10 7 5 -5 -6 8 -1 -9 11 -2 -4 -12
right_child=2 -3 12 4 6 -7 -8 9 -10 -11 13 -13 -14 -15
leaf_value=-1.2232539993093147e-06 2.0480017993726257e-05 2.9308223558060642e-05 -1.2242833780594515e-05 -1.1815193508853997e-05 -1.9663990533530627e-05 1.5057256404616009e-05 2.7229766445374085e-07 1.8201262672025516e-05 1.1001351643347479e-05 -3.2220960272086389e-05 3.8038559762474418e-07 -6.6384987456567706e-07 -3.2729411827563613e-05 -1.3155801319313061e-05
leaf_weight=157312 459 372 621 4679 3595 11863 557195 253 3920 1024 761 1383 456 1807
leaf_count=157312 459 372 621 4679 3595 11863 557195 253 3920 1024 761 1383 456 1807
internal_value=0 5.07783e-08 -6.85062e-06 3.59872e-08 3.53913e-07 7.45416e-06 1.44406e-07 -1.09329e-06 -9.25787e-07 -2.22014e-05 -3.39238e-06 4.59687e-06 -2.0967e-05 -9.13423e-06
internal_weight=745700 740213 5487 739841 577332 16542 560790 162509 161232 1277 4410 1842 1077 2568
internal_count=745700 740213 5487 739841 577332 16542 560790 162509 161232 1277 4410 1842 1077 2568
is_linear=0
shrinkage=0.03


Tree=79
num_leaves=15
num_cat=0
split_feature=163 63 167 166 78 78 76 172 124 144 33 131 131 129
split_gain=0.000295636 0.00153488 0.000847879 0.000807721 0.000704914 0.000454962 0.000483267 0.000478749 0.000346677 0.000346663 0.000341638 0.000341243 0.00134803 0.000225965
threshold=1.7167630791664126 1.8227235674858095 -1.8721179962158201 0.64074593782424938 2.2306317090988164 4.1701371669769296 1.3990470767021181 -0.52819871902465809 3.1808503866195683 3.0242958068847661 1.5527382493019106 1.4893912672996523 1.2787325978279116 1.3140044808387759
decision_type=2 2 2 2 2 2 2 2 2 2 2 2 2 2
left_child=1 4 8 -3 11 6 7 -4 -2 -8 -6 12 -1 -7
right_child=2 3 5 -5 10 13 9 -9 -10 -11 -12 -13 -14 -15
leaf_value=-6.4574108050776595e-08 3.5771782803428009e-05 3.727340992487295e-05 1.3362597672741725e-05 -2.1403474424663331e-05 5.5537199532071435e-05 1.9710898228177457e-06 -1.2396739376024852e-05 -3.3617219256024058e-06 -4.2127147500068532e-06 -6.0745184732334947e-05 1.4988992852751449e-05 -4.7353375584022054e-06 1.0237403623166872e-05 -2.251195102100269e-05
leaf_weight=689856 696 1441 1650 246 250 424 374 22907 269 209 753 13351 11623 1651
leaf_count=689856 696 1441 1650 246 250 424 374 22907 269 209 753 13351 11623 1651
internal_value=0 1.18365e-07 -3.0141e-06 2.86917e-05 5.09448e-08 -3.9953e-06 -2.87912e-06 -2.23628e-06 2.4602e-05 -2.98549e-05 2.51709e-05 1.56211e-08 1.06094e-07 -1.74962e-05
internal_weight=745700 717520 28180 1687 715833 27215 25140 24557 965 583 1003 714830 701479 2075
internal_count=745700 717520 28180 1687 715833 27215 25140 24557 965 583 1003 714830 701479 2075
is_linear=0
shrinkage=0.03


Tree=80
num_leaves=15
num_cat=0
split_feature=63 61 143 63 127 137 173 188 172 61 118 127 61 119
split_gain=0.000285134 0.000395734 0.000817828 0.00173597 0.00113396 0.00189962 0.0010558 0.000832059 0.000678845 0.000596709 0.000753896 0.000959199 0.000659901 0.000423365
threshold=-1.082972466945648 -1.1252395510673521 -1.1368162631988523 0.47465397417545324 -1.1438471078872678 -1.3837217092514036 -0.64159625768661488 -0.3854821771383285 -0.65751242637634266 -1.226878225803375 -1.0558870434761045 -0.97567227482795704 -1.1724519729614256 -2.0278869867324825
decision_type=2 2 2 2 2 2 2 2 2 2 2 2 2 2
left_child=-1 9 3 8 7 -6 -5 -4 -3 13 11 -11 -12 -2
right_child=1 2 4 6 5 -7 -8 -9 -10 10 12 -13 -14 -15
leaf_value=6.5869454983538269e-06 8.9262758011954776e-06 1.0499328108979251e-06 -5.2884334507642262e-06 2.3410197065096522e-05 1.9789261175908394e-05 1.6544247425953846e-08 8.4624845709841589e-05 -2.8783669345788751e-05 1.4885873313474223e-05 -5.1837078292956106e-06 -1.4153151841440317e-05 4.1071037557202594e-05 -5.2248661480772154e-05 -1.3836923860607444e-06
leaf_weight=5867 4280 19835 19670 1440 4402 641744 308 1457 3804 17332 2635 412 485 22029
leaf_count=5867 4280 19835 19670 1440 4402 641744 308 1457 3804 17332 2635 412 485 22029
internal_value=0 -5.22583e-08 1.28771e-07 5.4136e-06 -7.22583e-08 1.51327e-07 3.42557e-05 -6.91146e-06 3.27822e-06 -2.71096e-06 -6.49976e-06 -4.10577e-06 -2.00995e-05 2.92689e-07
internal_weight=745700 739833 692660 25387 667273 646146 1748 21127 23639 47173 20864 17744 3120 26309
internal_count=745700 739833 692660 25387 667273 646146 1748 21127 23639 47173 20864 17744 3120 26309
is_linear=0
shrinkage=0.03


Tree=81
num_leaves=15
num_cat=0
split_feature=79 170 77 3 78 172 165 37 77 119 173 63 77 1
split_gain=0.000283288 0.000590222 0.000570783 0.00039299 0.000417961 0.000723885 0.000414143 0.000480086 0.000362365 0.000302748 0.000241709 0.000237374 0.000318007 0.000214055
threshold=-3.3499958515167232 -3.2497841119766231 -0.38112525641918177 -1.9346879124641416 -2.3603545427322383 -1.6227018833160398 -1.5609279274940489 -2.0114785432815547 1.2172593474388125 0.57079604268074047 -2.3461911678314205 -0.66516640782356251 -0.041324047371745103 -1.7674584984779356
decision_type=2 2 2 2 2 2 2 2 2 2 2 2 2 2
left_child=9 2 -2 6 8 -6 -3 -8 -5 11 -4 -1 13 -13
right_child=1 3 10 4 5 -7 7 -9 -10 -11 -12 12 -14 -15
leaf_value=2.834904858786831e-05 -3.8850733975609778e-05 -3.1659836217097692e-05 -3.3660806255521395e-06 5.5278270261321552e-06 -5.8039180230947087e-06 8.4734088708748874e-08 2.1915428933496881e-05 1.1292442257955136e-06 3.0296397041635083e-05 4.4640829184141663e-05 -1.8081252563185174e-05 -2.8616644631674658e-05 1.3865342937659786e-05 -2.4082806142299716e-07
leaf_weight=389 525 211 5051 4929 19300 706686 1966 2041 596 200 1256 318 1266 966
leaf_count=389 525 211 5051 4929 19300 706686 1966 2041 596 200 1256 318 1266 966
internal_value=0 -3.80294e-08 -8.81444e-06 4.34397e-08 -9.17525e-09 -7.17794e-08 9.17319e-06 1.13382e-05 8.21012e-06 8.99195e-06 -6.30367e-06 6.54147e-06 3.19318e-06 -7.30863e-06
internal_weight=745700 742561 6832 735729 731511 725986 4218 4007 5525 3139 6307 2939 2550 1284
internal_count=745700 742561 6832 735729 731511 725986 4218 4007 5525 3139 6307 2939 2550 1284
is_linear=0
shrinkage=0.03


Tree=82
num_leaves=15
num_cat=0
split_feature=163 63 167 139 78 62 76 79 119 165 76 3 172 131
split_gain=0.000278996 0.0014424 0.000795718 0.000764454 0.00066324 0.00044012 0.000668581 0.000754973 0.00051015 0.000484548 0.000366304 0.000332066 0.00047906 0.000405517
threshold=1.7167630791664126 1.8227235674858095 -1.8721179962158201 1.1856118440628054 2.2306317090988164 -0.25438933074474329 -0.17620385438203809 -0.90395230054855336 4.1469442844390878 1.5348026752471926 1.3990470767021181 1.7663025856018069 1.0854135751724245 1.2518550157546999
decision_type=2 2 2 2 2 2 2 2 2 2 2 2 2 2
left_child=1 4 -2 -3 11 8 7 -7 9 -4 -8 13 -13 -1
right_child=2 3 5 -5 -6 6 10 -9 -10 -11 -12 12 -14 -15
leaf_value=-7.6589112447043496e-08 2.3824943430974531e-05 -1.9686219558178758e-05 1.9353039919391017e-05 3.6379749636533321e-05 2.4415696762121929e-05 3.0964547696980261e-05 -4.7478745370096978e-06 1.6693669486311457e-06 -5.2090129355762631e-05 -1.3764351627693057e-05 -2.8967592990152918e-05 -2.1116130315019469e-05 2.2187446521446798e-06 3.8528238997108243e-06
leaf_weight=687189 965 257 447 1430 1003 909 15384 6116 277 3499 583 1614 1549 24478
leaf_count=687189 965 257 447 1430 1003 909 15384 6116 277 3499 583 1614 1549 24478
internal_value=0 1.14996e-07 -2.92804e-06 2.78142e-05 4.9637e-08 -3.8786e-06 -2.24172e-06 5.46815e-06 -1.27808e-05 -1.00013e-05 -5.63584e-06 1.53722e-08 -9.68189e-06 5.85273e-08
internal_weight=745700 717520 28180 1687 715833 27215 22992 7025 4223 3946 15967 714830 3163 711667
internal_count=745700 717520 28180 1687 715833 27215 22992 7025 4223 3946 15967 714830 3163 711667
is_linear=0
shrinkage=0.03


Tree=83
num_leaves=15
num_cat=0
split_feature=172 62 76 172 171 129 63 172 173 77 150 119 139 77
split_gain=0.00027409 0.000594367 0.00137366 0.00115352 0.000651637 0.000621793 0.000513916 0.000496471 0.00191433 0.00079482 0.00337534 0.0020017 0.00184602 0.000727341
threshold=-0.0067903839517384759 -0.92379978299140919 -1.4816664457321165 0.63556975126266491 -0.32698984444141382 -0.6573612093925475 0.61160391569137584 -1.2639272212982176 2.1975584030151372 -0.39407345652580256 -0.082378767430782304 -0.33735290169715876 -0.065168645232915864 1.2172593474388125
decision_type=2 2 2 2 2 2 2 2 2 2 2 2 2 2
left_child=7 2 6 -4 -5 -3 -2 8 13 -9 11 -11 -12 -1
right_child=1 5 3 4 -6 -7 -8 9 -10 10 12 -13 -14 -15
leaf_value=-2.259174594253945e-06 6.750676041018498e-07 1.1479876925082152e-05 -8.1713013281543046e-06 -7.785768857949393e-05 -2.6355412232441783e-05 -2.5799094848437377e-07 -3.6922098108155094e-05 -3.5734882352001933e-07 -6.2190257984220574e-05 3.8172541319930254e-06 -1.2874738672249362e-05 1.662280358720015e-05 9.6336881697974302e-07 1.3021186691602127e-05
leaf_weight=53245 28484 4109 15676 277 1112 345389 330 156136 470 24443 9682 19967 83422 2958
leaf_count=53245 28484 4109 15676 277 1112 345389 330 156136 470 24443 9682 19967 83422 2958
internal_value=0 -5.41397e-07 -3.75177e-06 -1.04969e-05 -3.66964e-05 -1.19872e-07 2.42169e-07 6.1102e-07 -1.95952e-06 1.10723e-06 2.77035e-06 9.57563e-06 -4.75474e-07 -1.45421e-06
internal_weight=745700 395377 45879 17065 1389 349498 28814 350323 56673 293650 137514 44410 93104 56203
internal_count=745700 395377 45879 17065 1389 349498 28814 350323 56673 293650 137514 44410 93104 56203
is_linear=0
shrinkage=0.03


Tree=84
num_leaves=15
num_cat=0
split_feature=63 83 161 166 130 138 6 125 1 119 76 154 186 166
split_gain=0.000271166 0.000326575 0.0010279 0.00457165 0.00176522 0.00145687 0.0012895 0.000867453 0.000999952 0.000760402 0.000849175 0.000754112 0.000697351 0.000442153
threshold=-1.0872430801391599 -0.75865092873573292 -0.86153399944305409 -0.55187740921974171 -0.83152854442596424 -1.064961791038513 -0.66951939463615406 -0.44998335838317866 -0.56090420484542836 -0.90051528811454762 -2.2963376045227046 -1.1237282156944273 -0.58577126264572132 0.57487833499908458
decision_type=2 2 2 2 2 2 2 2 2 2 2 2 2 2
left_child=-1 7 3 6 -5 13 -3 9 -9 12 -11 -7 -2 -4
right_child=1 2 5 4 -6 11 -8 8 -10 10 -12 -13 -14 -15
leaf_value=9.0437057056602598e-06 8.5869241983062793e-06 1.6492715927729981e-06 -2.5122483423337474e-05 0.0001015442406766365 9.6070927019314122e-06 -3.10546669878088e-05 4.5729272354794698e-05 -7.1393996011551216e-05 -1.0178607750773374e-05 -3.5531418918710318e-05 -4.2983862603615669e-06 1.4603220837987181e-07 -5.7589099998680358e-07 -8.8099338851887452e-05
leaf_weight=2971 8148 12263 204 625 270 697 627 326 912 802 32757 594476 90420 202
leaf_count=2971 8148 12263 204 625 270 697 627 326 912 802 32757 594476 90420 202
internal_value=0 -3.62012e-08 2.58051e-07 8.35666e-06 7.38842e-05 7.05402e-08 3.79914e-06 -1.3809e-06 -2.63672e-05 -1.14636e-06 -5.04673e-06 1.09391e-07 1.81317e-07 -5.6669e-05
internal_weight=745700 742729 609364 13785 895 595579 12890 133365 1238 132127 33559 595173 98568 406
internal_count=745700 742729 609364 13785 895 595579 12890 133365 1238 132127 33559 595173 98568 406
is_linear=0
shrinkage=0.03


Tree=85
num_leaves=15
num_cat=0
split_feature=166 79 171 79 166 60 126 172 171 81 90 3 1 130
split_gain=0.000266159 0.000463072 0.000467151 0.000337472 0.000925008 0.000472266 0.00062775 0.000479243 0.000771181 0.000722931 0.00041714 0.000396824 0.000965535 0.000735491
threshold=-2.4400694370269771 -2.2364945411682124 -0.93659484386444081 -1.4473059177398679 -0.7658867835998534 4.3615603446960458 3.145357728004456 -1.7084294557571409 -2.4345270395278926 -1.0829589962959287 2.9547777175903325 -1.402688145637512 -1.5481652021408079 -1.2076205015182493
decision_type=2 2 2 2 2 2 2 2 2 2 2 2 2 2
left_child=1 -1 -3 4 11 7 10 9 -9 -5 -7 12 -2 -13
right_child=3 2 -4 5 -6 6 -8 8 -10 -11 -12 13 -14 -15
leaf_value=-1.034644860940061e-06 -3.1356883340745162e-06 -2.8377568546834567e-05 -1.8274165897024609e-06 -2.5635118510134954e-06 1.4860517874420208e-05 -5.649518343711672e-06 -1.2043118543427484e-06 2.8293885137527609e-05 4.6958910877808706e-08 -2.0527148540559527e-05 -4.9734154774074547e-05 8.3858347400083251e-06 -5.5220366161437545e-05 -1.333660085894388e-06
leaf_weight=6710 2799 1319 1093 15638 4975 301 1345 870 676554 2315 548 10745 361 20127
leaf_count=6710 2799 1319 1093 15638 4975 301 1345 870 676554 2315 548 10745 361 20127
internal_value=0 -5.09274e-06 -1.63645e-05 6.3059e-08 2.77857e-06 -8.87487e-08 -1.39823e-05 -4.48495e-08 8.33218e-08 -4.88257e-06 -3.41649e-05 1.01109e-06 -9.11095e-06 2.0484e-06
internal_weight=745700 9122 2412 736578 39007 697571 2194 695377 677424 17953 849 34032 3160 30872
internal_count=745700 9122 2412 736578 39007 697571 2194 695377 677424 17953 849 34032 3160 30872
is_linear=0
shrinkage=0.03


Tree=86
num_leaves=15
num_cat=0
split_feature=79 170 77 57 130 63 138 76 170 119 131 173 63 77
split_gain=0.000263418 0.000548227 0.000518793 0.000387185 0.000657241 0.000954058 0.000481606 0.000414445 0.000307757 0.000272285 0.000230377 0.000227563 0.000226985 0.000292339
threshold=-3.3499958515167232 -3.2497841119766231 -0.38112525641918177 -2.1304833889007564 -2.1264885663986202 -0.63216251134872425 -2.1717129945755 -2.4132760763168331 -2.1164035797119136 0.57079604268074047 -2.1440194845199581 -2.3461911678314205 -0.66516640782356251 -0.041324047371745103
decision_type=2 2 2 2 2 2 2 2 2 2 2 2 2 2
left_child=9 2 -2 6 5 -5 8 -6 -3 12 -8 -4 -1 -14
right_child=1 3 11 4 7 -7 10 -9 -10 -11 -12 -13 13 -15
leaf_value=2.7671237154924218e-05 -3.7131530172369704e-05 -3.2484409854174528e-05 -3.2505922504219917e-06 -2.7063238674667009e-07 6.6543596876111226e-06 -3.0652818437790444e-05 1.4732652724716134e-05 -2.3023408612351109e-08 4.8586722575758598e-06 4.2480682355747907e-05 4.0735114423959371e-05 -1.7529008756166989e-05 -6.9966828522914839e-06 1.3304476319661448e-05
leaf_weight=389 525 213 5051 2352 8463 1540 906 719040 2746 200 469 1256 1284 1266
leaf_count=389 525 213 5051 2352 8463 1540 906 719040 2746 200 469 1256 1284 1266
internal_value=0 -3.6696e-08 -8.49512e-06 4.18198e-08 -1.11227e-08 -1.23049e-05 8.98111e-06 5.4622e-08 2.15037e-06 8.67084e-06 2.36468e-05 -6.10113e-06 6.3462e-06 3.07175e-06
internal_weight=745700 742561 6832 735729 731395 3892 4334 727503 2959 3139 1375 6307 2939 2550
internal_count=745700 742561 6832 735729 731395 3892 4334 727503 2959 3139 1375 6307 2939 2550
is_linear=0
shrinkage=0.03


Tree=87
num_leaves=15
num_cat=0
split_feature=172 166 173 76 62 57 62 62 8 76 197 77 149 142
split_gain=0.000262498 0.000569394 0.00111557 0.000572752 0.00138226 0.00153121 0.000863225 0.000873054 0.000510098 0.000682562 0.000454331 0.000472406 0.000738781 0.00329724
threshold=-0.018151755444705483 -0.33192925155162806 -2.1688030958175655 -1.4816664457321165 -1.0136144757270811 -0.77321541309356678 -0.033547354862093919 -0.051895231008529656 -1.2766973972320554 -1.8263139128684995 0.67413949966430675 -0.49517282843589777 -0.16231395304203031 -0.26989908516407007
decision_type=2 2 2 2 2 2 2 2 2 2 2 2 2 2
left_child=10 3 -3 6 5 -5 7 -2 -4 -10 11 -1 13 -13
right_child=1 2 8 4 -6 -7 -8 -9 9 -11 -12 12 -14 -15
leaf_value=-7.0654730886597082e-07 5.7136709604656967e-06 5.4264352457129089e-05 3.1148827585761287e-05 -8.3068321568423438e-06 -2.0390177471383628e-06 -4.0875952597724339e-05 5.5339655935104558e-05 -4.8957513258280487e-05 -6.4513256093310827e-06 3.1589702207637549e-07 -2.9121094977366169e-05 1.4541458478674966e-06 -2.9744152284611102e-07 1.8447188571612652e-05
leaf_weight=138491 6440 341 473 5999 81411 1659 301 273 14063 290313 461 94531 99414 11530
leaf_count=138491 6440 341 473 5999 81411 1659 301 273 14063 290313 461 94531 99414 11530
internal_value=0 -5.21501e-07 1.1249e-07 -2.53555e-06 -3.18576e-06 -1.53708e-05 5.71632e-06 3.47891e-06 5.16399e-08 3.11418e-09 6.07508e-07 6.47523e-07 1.56032e-06 3.30192e-06
internal_weight=745700 401273 305190 96083 89069 7658 7014 6713 304849 304376 344427 343966 205475 106061
internal_count=745700 401273 305190 96083 89069 7658 7014 6713 304849 304376 344427 343966 205475 106061
is_linear=0
shrinkage=0.03


Tree=88
num_leaves=15
num_cat=0
split_feature=132 9 45 46 172 173 78 164 1 79 135 119 173 148
split_gain=0.000260092 0.000349345 0.000338705 0.000336441 0.00027352 0.00090924 0.000331087 0.00027114 0.000202018 0.00019908 0.000170826 0.000169355 0.00012977 0.00011819
threshold=3.4349305629730229 3.4971952438354497 3.3517698049545293 3.4963126182556157 1.9870327711105349 -2.1688030958175655 1.6433398127555849 2.7335257530212407 4.0707132816314706 0.50568294525146495 3.2816416025161748 3.5967285633087163 1.6218155026435854 3.5624475479125981
decision_type=2 2 2 2 2 2 2 2 2 2 2 2 2 2
left_child=1 2 4 10 6 -6 -1 8 11 -10 -3 12 -2 -13
right_child=7 3 -4 -5 5 -7 -8 -9 9 -11 -12 13 -14 -15
leaf_value=9.249847010498933e-09 -6.7151058538811788e-06 3.8481448465272303e-05 -1.7110748978676866e-05 -8.5955778477203333e-07 5.2641181449681946e-05 3.0535594691000716e-06 -8.601917720653029e-06 -3.9893763086295676e-05 1.4085123550518352e-05 -7.7268672346744627e-06 1.4459568034234077e-05 -2.7647028319383874e-05 1.1284442747144e-05 -1.0473881985418637e-05
leaf_weight=719759 1220 409 1037 994 341 12521 4040 208 836 682 787 449 510 1907
leaf_count=719759 1220 409 1037 994 341 12521 4040 208 836 682 787 449 510 1907
internal_value=0 4.96326e-08 1.40658e-08 1.20111e-05 3.82364e-08 4.37456e-06 -3.87851e-08 -6.32103e-06 -5.06268e-06 4.26715e-06 2.27248e-05 -8.53636e-06 -1.3881e-06 -1.37698e-05
internal_weight=745700 739888 737698 2190 736661 12862 723799 5812 5604 1518 1196 4086 1730 2356
internal_count=745700 739888 737698 2190 736661 12862 723799 5812 5604 1518 1196 4086 1730 2356
is_linear=0
shrinkage=0.03


Tree=89
num_leaves=15
num_cat=0
split_feature=3 118 67 61 129 62 1 72 3 90 11 61 8 173
split_gain=0.00025742 0.000499942 0.000576541 0.00114668 0.00107755 0.000968116 0.000855103 0.00055805 0.000504068 0.00055487 0.000585226 0.000432097 0.000301351 0.000217556
threshold=-1.9346879124641416 -1.715084373950958 -1.5420692563056944 -0.023589846678078171 -1.9299311637878416 -1.7691872119903562 -0.82796093821525563 -1.8577675223350523 -1.0186446309089658 -1.7992255091667173 -1.7048556208610532 -1.0539154410362241 -2.2136012315750118 -1.0337086319923399
decision_type=2 2 2 2 2 2 2 2 2 2 2 2 2 2
left_child=11 8 3 12 6 -5 -4 -6 9 10 -2 13 -3 -1
right_child=1 2 4 5 7 -7 -8 -9 -10 -11 -12 -13 -14 -15
leaf_value=-3.7311192652013084e-06 -2.9634296623762382e-06 1.5030431349415068e-05 1.0262214752724951e-05 5.7846544199096683e-05 -4.5265797600953133e-05 1.3713220412813744e-05 -6.3202699595520833e-05 1.8669537704047071e-08 -3.4901888984042504e-05 -1.6722087297294759e-05 3.1912450633306673e-05 3.6359784054452367e-05 -1.3747955548312467e-06 8.730503161058538e-06
leaf_weight=2012 11425 1227 212 632 244 1538 429 714963 505 2694 449 400 5607 3363
leaf_count=2012 11425 1227 212 632 244 1538 429 714963 505 2694 449 400 5607 3363
internal_value=0 -4.92756e-08 6.31378e-08 7.60678e-06 -3.17153e-08 2.66013e-05 -3.88805e-05 3.11508e-09 -5.45681e-06 -4.43171e-06 -1.63954e-06 6.30868e-06 1.56803e-06 4.06039e-06
internal_weight=745700 739925 724852 9004 715848 2170 641 715207 15073 14568 11874 5775 6834 5375
internal_count=745700 739925 724852 9004 715848 2170 641 715207 15073 14568 11874 5775 6834 5375
is_linear=0
shrinkage=0.03


Tree=90
num_leaves=15
num_cat=0
split_feature=63 61 143 63 76 161 173 172 61 118 127 61 172 119
split_gain=0.000256701 0.000350456 0.000757936 0.00150631 0.00105011 0.00115692 0.000964009 0.000632899 0.000543074 0.00071388 0.000892103 0.000622979 0.000510654 0.00036936
threshold=-1.082972466945648 -1.1252395510673521 -1.1368162631988523 0.47465397417545324 -1.8765906691551206 -1.3039357066154478 -0.64159625768661488 -0.65751242637634266 -1.226878225803375 -1.0558870434761045 -0.97567227482795704 -1.1724519729614256 1.9870327711105349 -2.0278869867324825
decision_type=2 2 2 2 2 2 2 2 2 2 2 2 2 2
left_child=-1 8 3 7 5 -4 -5 -3 13 10 -10 -11 -6 -2
right_child=1 2 4 6 12 -7 -8 -9 9 11 -12 -13 -14 -15
leaf_value=6.2498981140341877e-06 8.3780360653252513e-06 1.0675395924666679e-06 2.0120983129074082e-06 2.1711493317478904e-05 -2.4819156294652213e-09 -1.4007308777602015e-05 8.0204919449740892e-05 1.4427174851395852e-05 -4.8761097461543525e-06 -1.3622018564996209e-05 3.9731495159907241e-05 -5.063712964038491e-05 5.9593307141697828e-06 -1.2518806809639159e-06
leaf_weight=5867 4280 19835 6844 1440 637279 9953 308 3804 17332 2635 412 485 13197 22029
leaf_count=5867 4280 19835 6844 1440 637279 9953 308 3804 17332 2635 412 485 13197 22029
internal_value=0 -4.95976e-08 1.20758e-07 5.20839e-06 -7.27683e-08 -7.47862e-06 3.20752e-05 3.21917e-06 -2.55158e-06 -6.16611e-06 -3.83649e-06 -1.94e-05 1.18436e-07 3.13852e-07
internal_weight=745700 739833 692660 25387 667273 16797 1748 23639 47173 20864 17744 3120 650476 26309
internal_count=745700 739833 692660 25387 667273 16797 1748 23639 47173 20864 17744 3120 650476 26309
is_linear=0
shrinkage=0.03


Tree=91
num_leaves=15
num_cat=0
split_feature=166 79 61 76 118 119 61 77 79 166 60 126 172 171
split_gain=0.000254829 0.0004432 0.000479478 0.000415976 0.000455419 0.000340467 0.000468244 0.000405801 0.000318404 0.000809956 0.000452072 0.000615425 0.000448655 0.000710267
threshold=-2.4400694370269771 -2.7572245597839351 -1.0934244990348814 0.33924198150634771 0.27768391370773321 -0.1352775692939758 -0.061824154108762734 -0.041324047371745103 -1.4888146519660947 -0.80555254220962513 4.3615603446960458 3.145357728004456 -1.7084294557571409 -2.1615703105926509
decision_type=2 2 2 2 2 2 2 2 2 2 2 2 2 2
left_child=1 5 -3 4 -4 7 -7 -1 9 -2 12 -12 -10 -14
right_child=8 2 3 -5 -6 6 -8 -9 10 -11 11 -13 13 -15
leaf_value=-1.2666760668266326e-05 1.0714775076256516e-06 1.3146785667313877e-05 -2.2223660885116971e-05 1.5181605393447662e-05 1.2398463286246614e-05 2.8275110807305259e-05 -4.2488490581065209e-09 2.1113174476046223e-05 -4.6778533521819773e-06 1.4435894720289995e-05 -3.3404038081372203e-05 -9.8073757744055478e-07 1.6633606160542081e-05 3.0853847866587365e-08
leaf_weight=1839 31417 608 3202 361 381 796 1549 386 18256 4691 862 1358 2326 677668
leaf_count=1839 31417 608 3202 361 381 796 1549 386 18256 4691 862 1358 2326 677668
internal_value=0 -4.98316e-06 -1.16086e-05 -1.54348e-05 -1.85313e-05 1.61073e-06 9.59023e-06 -6.78618e-06 6.17014e-08 2.80891e-06 -7.98734e-08 -1.35932e-05 -3.6847e-08 8.7714e-08
internal_weight=745700 9122 4552 3944 3583 4570 2345 2225 736578 36108 700470 2220 698250 679994
internal_count=745700 9122 4552 3944 3583 4570 2345 2225 736578 36108 700470 2220 698250 679994
is_linear=0
shrinkage=0.03


Tree=92
num_leaves=15
num_cat=0
split_feature=64 9 45 46 60 83 127 164 1 79 119 173 173 148
split_gain=0.000251888 0.000347443 0.000317183 0.000308939 0.000261738 0.00136945 0.000784936 0.000255098 0.000184136 0.000187784 0.000172794 0.000169661 0.000137063 0.000134066
threshold=3.4672411680221562 3.4971952438354497 3.3517698049545293 3.4963126182556157 0.28952124714851385 -0.0581432357430458 0.97123366594314586 2.7335257530212407 4.0707132816314706 0.53057956695556652 3.5967285633087163 1.8012648820877077 1.6218155026435854 3.5624475479125981
decision_type=2 2 2 2 2 2 2 2 2 2 2 2 2 2
left_child=1 2 4 11 6 -6 -1 8 10 -10 12 -3 -2 -12
right_child=7 3 -4 -5 5 -7 -8 -9 9 -11 13 -13 -14 -15
leaf_value=-3.934289814536249e-07 -6.8189385098032141e-06 1.3526988038025332e-05 -1.6165223197144769e-05 1.5447835912327037e-07 2.5912004809908167e-05 6.7330416355100747e-07 2.3698377415474249e-05 -3.674050340287113e-05 1.2998602850340711e-05 -8.3309223464287491e-06 -2.9546506708951895e-05 3.7439940651710785e-05 1.1451113210112957e-05 -1.0315819626420661e-05
leaf_weight=511764 1168 700 1088 1040 1951 221723 1219 236 876 642 396 439 539 1919
leaf_count=511764 1168 700 1088 1040 1951 221723 1219 236 876 642 396 439 539 1919
internal_value=0 4.87072e-08 1.33282e-08 1.20077e-05 3.72856e-08 8.93698e-07 -3.36075e-07 -6.24002e-06 -4.92891e-06 3.95852e-06 -8.29085e-06 2.27947e-05 -1.02912e-06 -1.36297e-05
internal_weight=745700 739924 737745 2179 736657 223674 512983 5776 5540 1518 4022 1139 1707 2315
internal_count=745700 739924 737745 2179 736657 223674 512983 5776 5540 1518 4022 1139 1707 2315
is_linear=0
shrinkage=0.03


Tree=93
num_leaves=15
num_cat=0
split_feature=172 166 173 76 119 76 62 57 173 119 170 172 173 77
split_gain=0.000252459 0.00053084 0.00100181 0.000534675 0.000942458 0.000530494 0.001293 0.00143429 0.000806483 0.000951023 0.000468513 0.000456422 0.00167866 0.000711045
threshold=-0.0067903839517384759 -0.33192925155162806 -1.818156838417053 -1.8263139128684995 -0.92010933160781849 -1.4816664457321165 -1.0136144757270811 -0.77321541309356678 0.70257100462913524 -0.57989269495010365 0.18531535565853122 -1.2639272212982176 2.1975584030151372 -0.38601146638393397
decision_type=2 2 2 2 2 2 2 2 2 2 2 2 2 2
left_child=11 5 10 4 -4 8 7 -7 9 -2 -3 12 -1 -13
right_child=1 2 3 -5 -6 6 -8 -9 -10 -11 -12 13 -14 -15
leaf_value=-1.4050436495260991e-06 3.6687007618441603e-07 5.4009246033846383e-05 3.5732804604007245e-06 2.7923903984310998e-07 -1.2258582094276629e-05 -8.0356045000155791e-06 -2.0030974623454233e-06 -3.9646303822761206e-05 -4.1025612840237983e-05 2.5267471479835337e-05 9.8989171516998477e-06 -3.125056807978552e-07 -5.8280000555483737e-05 2.6472797067311054e-06
leaf_weight=56203 4677 439 5753 286775 8208 5847 79309 1659 319 1959 432 157253 470 136397
leaf_count=56203 4677 439 5753 286775 8208 5847 79309 1659 319 1959 432 157253 470 136397
internal_value=0 -5.19602e-07 9.32313e-08 2.99606e-11 -5.73271e-06 -2.49105e-06 -3.12996e-06 -1.50306e-05 5.47905e-06 7.72495e-06 3.22022e-05 5.86406e-07 -1.87827e-06 1.06218e-06
internal_weight=745700 395377 301607 300736 13961 93770 86815 7506 6955 6636 871 350323 56673 293650
internal_count=745700 395377 301607 300736 13961 93770 86815 7506 6955 6636 871 350323 56673 293650
is_linear=0
shrinkage=0.03


Tree=94
num_leaves=15
num_cat=0
split_feature=63 61 143 63 127 137 173 188 172 61 118 127 61 23
split_gain=0.000244596 0.000284885 0.000735133 0.00141804 0.000997257 0.00172187 0.000906014 0.000775576 0.000586837 0.000547724 0.00067148 0.000842808 0.000588169 0.000329248
threshold=-1.0872430801391599 -1.1252395510673521 -1.1368162631988523 0.47465397417545324 -1.1438471078872678 -1.3837217092514036 -0.64159625768661488 -0.3854821771383285 -0.65751242637634266 -1.226878225803375 -1.0558870434761045 -0.9405936300754546 -1.1724519729614256 -2.0622481107711788
decision_type=2 2 2 2 2 2 2 2 2 2 2 2 2 2
left_child=-1 9 3 8 7 -6 -5 -4 -3 13 11 -11 -12 -2
right_child=1 2 4 6 5 -7 -8 -9 -10 10 12 -13 -14 -15
leaf_value=8.5892270894283998e-06 8.2347364976323015e-06 1.128619196934133e-06 -4.9172008667486785e-06 2.1150387161098414e-05 1.8835657634750115e-05 1.0947977141714845e-08 7.7859417498156924e-05 -2.760095814119874e-05 1.3993086417643029e-05 -4.3700559732699369e-06 -1.3134072629706338e-05 5.6365139173201609e-05 -4.9100931191351262e-05 -8.7465293748125207e-07
leaf_weight=2971 4236 19835 19670 1440 4402 643912 308 1457 3804 17638 2635 207 485 22700
leaf_count=2971 4236 19835 19670 1440 4402 643912 308 1457 3804 17638 2635 207 485 22700
internal_value=0 -3.43828e-08 1.19845e-07 5.13066e-06 -7.01413e-08 1.38841e-07 3.11986e-05 -6.48421e-06 3.20055e-06 -2.27212e-06 -5.90832e-06 -3.66073e-06 -1.87486e-05 5.57044e-07
internal_weight=745700 742729 694828 25387 669441 648314 1748 21127 23639 47901 20965 17845 3120 26936
internal_count=745700 742729 694828 25387 669441 648314 1748 21127 23639 47901 20965 17845 3120 26936
is_linear=0
shrinkage=0.03


Tree=95
num_leaves=15
num_cat=0
split_feature=79 166 171 79 76 60 61 76 79 119 63 77 1 186
split_gain=0.000243185 0.000508216 0.000403255 0.000467243 0.000650206 0.000431319 0.000307081 0.000359321 0.000392677 0.00024867 0.000197371 0.000261739 0.000180058 0.000170263
threshold=-3.3499958515167232 -2.4400694370269771 -3.8413599729537959 -1.5298228263854978 -1.1968411207199094 4.3615603446960458 -1.0154495835304258 0.3517336249351502 -2.5378321409225459 0.57079604268074047 -0.66516640782356251 -0.041324047371745103 -1.7674584984779356 -0.58318257331848133
decision_type=2 2 2 2 2 2 2 2 2 2 2 2 2 2
left_child=9 6 13 4 -4 -5 -2 8 -8 10 -1 12 -12 -3
right_child=1 2 3 5 -6 -7 7 -9 -10 -11 11 -13 -14 -15
leaf_value=2.5995807086279872e-05 8.1666099202136482e-06 -4.8155678509405523e-06 1.1352273607431202e-05 -3.0859046860166795e-08 1.1622884045901094e-06 -1.3227956950284643e-05 -4.9098987897766893e-06 1.806353684004033e-05 -2.029791337729023e-05 4.064302401522582e-05 -2.6013382100926115e-05 1.2737226388203619e-05 0 -2.1254654036673714e-05
leaf_weight=389 932 1218 7582 701148 21980 2235 3236 378 2781 200 318 1266 966 1071
leaf_count=389 932 1218 7582 701148 21980 2235 3236 378 2781 200 318 1266 966 1071
internal_value=0 -3.52344e-08 4.30786e-08 8.23909e-08 3.7771e-06 -7.28542e-08 -7.89664e-06 -1.02433e-05 -1.20293e-05 8.33121e-06 6.1091e-06 3.05464e-06 -6.47135e-06 -1.25263e-05
internal_weight=745700 742561 735234 732945 29562 703383 7327 6395 6017 3139 2939 2550 1284 2289
internal_count=745700 742561 735234 732945 29562 703383 7327 6395 6017 3139 2939 2550 1284 2289
is_linear=0
shrinkage=0.03


Tree=96
num_leaves=15
num_cat=0
split_feature=172 171 173 62 119 118 129 163 163 56 172 173 77 150
split_gain=0.000237558 0.000495859 0.000928485 0.000585499 0.000975911 0.00142948 0.000705902 0.000554593 0.000533157 0.000473588 0.000451655 0.00157838 0.000715836 0.00311352
threshold=-0.039138309657573693 0.13095782697200778 -1.818156838417053 0.22559729963541034 0.33388942480087286 0.16087135672569278 -0.32651941478252405 1.3559200167655947 -1.3714589476585386 -1.2857680916786192 -1.2639272212982176 2.1975584030151372 -0.38601146638393397 -0.082378767430782304
decision_type=2 2 2 2 2 2 2 2 2 2 2 2 2 2
left_child=10 3 -3 4 -2 -6 -5 -8 -4 -10 11 -1 -12 -14
right_child=1 2 8 6 5 -7 7 -9 9 -11 12 -13 13 -15
leaf_value=-1.3848319585435332e-06 -3.1895943295726409e-06 3.1088483124374536e-05 -3.6812980952077352e-05 3.6872070985097468e-05 -4.2363271854668979e-05 -7.2837760127728026e-06 3.0698143415602763e-07 -7.9550613822664429e-06 2.5437729860775259e-05 7.2776586956135738e-08 -3.1881060351510757e-07 -5.6534868734486933e-05 9.3801900469964268e-06 -5.6081440756237858e-07
leaf_weight=56203 41438 871 351 453 1441 3815 62796 8274 663 292432 148712 470 42466 85315
leaf_count=56203 41438 871 351 453 1441 3815 62796 8274 663 292432 148712 470 42466 85315
internal_value=0 -4.81203e-07 1.77882e-07 -2.12233e-06 -4.73533e-06 -1.69132e-05 -4.15954e-07 -6.54565e-07 8.59261e-08 1.30343e-07 5.95827e-07 -1.84372e-06 1.09598e-06 2.74273e-06
internal_weight=745700 412534 294317 118217 46694 5256 71523 71070 293446 293095 333166 56673 276493 127781
internal_count=745700 412534 294317 118217 46694 5256 71523 71070 293446 293095 333166 56673 276493 127781
is_linear=0
shrinkage=0.03


Tree=97
num_leaves=15
num_cat=0
split_feature=48 9 45 135 164 60 83 127 81 1 79 119 137 125
split_gain=0.00023568 0.000340454 0.000312815 0.000292563 0.000248065 0.000243412 0.0012933 0.000736755 0.000162742 0.000155351 0.000176832 0.000154991 0.00015137 0.000123587
threshold=3.4460572004318242 3.4971952438354497 3.3517698049545293 3.196746945381165 2.4511746168136601 0.28952124714851385 -0.0581432357430458 0.97123366594314586 3.4078546762466435 4.0707132816314706 0.50568294525146495 3.5967285633087163 3.3558638095855717 3.5747358798980717
decision_type=2 2 2 2 2 2 2 2 2 2 2 2 2 2
left_child=1 2 5 -3 9 7 -7 -1 -5 11 -11 12 -2 -10
right_child=4 3 -4 8 -6 6 -8 -9 13 10 -12 -13 -14 -15
leaf_value=-3.7970040114282491e-07 1.3642100856391971e-05 3.6934624969431271e-05 -1.6196664548103889e-05 1.9720721970960867e-05 -2.8355112981098061e-05 2.5174626843539786e-05 6.4762060669521028e-07 2.2960982835914783e-05 9.4536927493657188e-06 1.3083580978677168e-05 -7.4732640775751694e-06 -1.2608952906241151e-05 -6.3586893286609847e-06 -9.7991105924602762e-06
leaf_weight=511764 482 352 1069 605 415 1951 221727 1219 656 836 682 2238 1153 551
leaf_count=511764 482 352 1069 605 415 1951 221727 1219 656 836 682 2238 1153 551
internal_value=0 4.72388e-08 1.23366e-08 1.19264e-05 -6.02019e-06 3.59208e-08 8.618e-07 -3.24133e-07 7.03405e-06 -4.29034e-06 3.82931e-06 -7.4807e-06 -4.3936e-07 6.39046e-07
internal_weight=745700 739894 737730 2164 5806 736661 223678 512983 1812 5391 1518 3873 1635 1207
internal_count=745700 739894 737730 2164 5806 736661 223678 512983 1812 5391 1518 3873 1635 1207
is_linear=0
shrinkage=0.03


Tree=98
num_leaves=15
num_cat=0
split_feature=3 118 67 61 129 119 1 72 173 1 3 10 61 79
split_gain=0.000234923 0.000440586 0.000511485 0.000967783 0.000959158 0.000886463 0.000760483 0.000519407 0.000471401 0.000785027 0.000530864 0.000625233 0.000414335 0.00027643
threshold=-1.9346879124641416 -1.715084373950958 -1.5420692563056944 -0.023589846678078171 -1.9299311637878416 -1.4631381034851072 -0.80911827087402333 -1.8577675223350523 -0.13515644520521161 -1.7674584984779356 -1.0186446309089658 -1.7938662767410276 -1.0539154410362241 -0.64591071009635914
decision_type=2 2 2 2 2 2 2 2 2 2 2 2 2 2
left_child=12 8 3 -3 6 -5 -4 -6 10 13 11 -2 -1 -10
right_child=1 2 4 5 7 -7 -8 -9 9 -11 -12 -13 -14 -15
leaf_value=3.8250610718088656e-06 2.083518066377776e-06 1.6156232428351098e-06 9.3305607098266395e-06 4.3939094326290269e-05 -4.3671423491983847e-05 5.5566835782833486e-06 -5.9782273244671956e-05 1.7002549099979311e-08 -8.4407817778601272e-06 3.1962494392596364e-05 -3.2879306684274135e-05 -1.4444804791082088e-05 3.5453522563744318e-05 -3.0744409664012785e-05
leaf_weight=5375 9467 6834 214 1076 244 1094 427 714963 776 261 505 2631 400 1433
leaf_count=5375 9467 6834 214 1076 244 1094 427 714963 776 261 505 2631 400 1433
internal_value=0 -4.7052e-08 5.84749e-08 7.16377e-06 -3.08641e-08 2.4614e-05 -3.66834e-05 1.99482e-09 -5.12344e-06 -1.71072e-05 -2.77126e-06 -1.50938e-06 6.02673e-06 -2.29303e-05
internal_weight=745700 739925 724852 9004 715848 2170 641 715207 15073 2470 12603 12098 5775 2209
internal_count=745700 739925 724852 9004 715848 2170 641 715207 15073 2470 12603 12098 5775 2209
is_linear=0
shrinkage=0.03


Tree=99
num_leaves=15
num_cat=0
split_feature=79 170 77 32 130 63 76 170 171 119 173 118 63 77
split_gain=0.000236792 0.000472968 0.000460413 0.000338866 0.000509965 0.000627414 0.000381958 0.000365564 0.000314713 0.000227621 0.000208515 0.000186948 0.000181664 0.000234783
threshold=-3.3499958515167232 -3.2497841119766231 -0.38112525641918177 -2.1202710866928096 -2.1264885663986202 -0.59580397605895985 -2.5731492042541499 -2.0047250986099239 -0.7388014793395995 0.57079604268074047 -2.3461911678314205 -0.049065448343753808 -0.66516640782356251 -0.041324047371745103
decision_type=2 2 2 2 2 2 2 2 2 2 2 2 2 2
left_child=9 2 -2 7 5 -5 -6 -3 -9 12 11 -4 -1 -14
right_child=1 3 10 4 6 -7 -8 8 -10 -11 -12 -13 13 -15
leaf_value=2.517461941799946e-05 -3.4868683201994157e-05 -2.7322832910032039e-05 -1.6280686162156057e-06 -4.8628966140440909e-06 9.5639791931246566e-06 -3.4386065426538535e-05 1.5620892598286708e-10 1.7687896054200225e-05 8.4942817817605782e-07 3.913752308396193e-05 -1.6574610868003277e-05 -2.9101053207414225e-05 -5.8579949031197962e-06 1.2333575974310244e-05
leaf_weight=389 525 242 4818 3563 3777 792 723261 2350 1744 200 1256 233 1284 1266
leaf_count=389 525 242 4818 3563 3777 792 723261 2350 1744 200 1256 233 1284 1266
internal_value=0 -3.47679e-08 -7.89119e-06 3.8157e-08 -1.13808e-08 -1.02455e-05 4.98951e-08 8.39913e-06 1.05242e-05 8.22097e-06 -5.63564e-06 -2.90683e-06 6.09429e-06 3.16312e-06
internal_weight=745700 742561 6832 735729 731393 4355 727038 4336 4094 3139 6307 5051 2939 2550
internal_count=745700 742561 6832 735729 731393 4355 727038 4336 4094 3139 6307 5051 2939 2550
is_linear=0
shrinkage=0.03


Tree=100
num_leaves=15
num_cat=0
split_feature=63 61 143 63 76 161 173 14 61 118 127 61 172 119
split_gain=0.000234319 0.000302138 0.00068561 0.00127018 0.000949181 0.00106467 0.000833737 0.000580566 0.000469408 0.000632233 0.000798285 0.000552734 0.000462156 0.000325795
threshold=-1.082972466945648 -1.1252395510673521 -1.1368162631988523 0.47465397417545324 -1.8765906691551206 -1.3039357066154478 -0.64159625768661488 -1.0716115832328794 -1.226878225803375 -1.0558870434761045 -0.97567227482795704 -1.1724519729614256 1.9870327711105349 -2.0278869867324825
decision_type=2 2 2 2 2 2 2 2 2 2 2 2 2 2
left_child=-1 8 3 7 5 -4 -5 -3 13 10 -10 -11 -6 -2
right_child=1 2 4 6 12 -7 -8 -9 9 11 -12 -13 -14 -15
leaf_value=5.9712345793678798e-06 7.8671979489834472e-06 4.8212740516704866e-06 1.9901386828837897e-06 1.9981386361783459e-05 -6.5031979326738772e-09 -1.3377251188145437e-05 7.4382761556709412e-05 -9.8932086301823151e-06 -4.5219979238839943e-06 -1.2741837436365603e-05 3.7674673494020514e-05 -4.760961164833897e-05 5.6651454980238015e-06 -1.1769796077389962e-06
leaf_weight=5867 4280 20913 6844 1440 637279 9953 308 2726 17332 2635 412 485 13197 22029
leaf_count=5867 4280 20913 6844 1440 637279 9953 308 2726 17332 2635 412 485 13197 22029
internal_value=0 -4.73686e-08 1.10805e-07 4.94961e-06 -7.32539e-08 -7.11422e-06 2.96212e-05 3.12281e-06 -2.37049e-06 -5.73093e-06 -3.53847e-06 -1.81851e-05 1.08527e-07 2.93448e-07
internal_weight=745700 739833 692660 25387 667273 16797 1748 23639 47173 20864 17744 3120 650476 26309
internal_count=745700 739833 692660 25387 667273 16797 1748 23639 47173 20864 17744 3120 650476 26309
is_linear=0
shrinkage=0.03


Tree=101
num_leaves=15
num_cat=0
split_feature=172 173 78 173 118 149 77 63 78 63 13 50 9 5
split_gain=0.000228584 0.00142259 0.000683155 0.0013034 0.000825655 0.000683408 0.000613553 0.000720044 0.00124197 0.00116234 0.000572421 0.00109986 0.000540087 0.000460362
threshold=-1.2639272212982176 2.1975584030151372 -1.3544611930847166 -0.78766548633575428 0.37101723253726965 -0.21240416914224622 1.2172593474388125 0.86656227707862865 -2.3603545427322383 0.41395479440689092 -1.5822457075119016 -1.2907939553260801 -1.0711861848831175 -1.5366201996803281
decision_type=2 2 2 2 2 2 2 2 2 2 2 2 2 2
left_child=1 6 3 4 5 -2 7 9 -9 -1 11 -4 -8 -12
right_child=2 -3 10 -5 -6 -7 12 8 -10 -11 13 -13 -14 -15
leaf_value=-2.7227310547725059e-06 9.3819460698974708e-07 -5.3753572907111574e-05 5.0751334061848336e-07 2.1140982602642892e-05 5.180797135397739e-05 -4.7865599169685801e-05 2.0709893507903605e-05 7.3025883338374362e-06 -2.4730880864425901e-05 1.180342560089903e-05 -2.0157758520704557e-05 -3.6710057482475545e-05 -6.7237222221292014e-06 1.013632002869132e-07
leaf_weight=42900 10103 470 1989 4007 280 264 2009 1692 3049 5604 1010 1113 949 670261
leaf_count=42900 10103 470 1989 4007 280 264 2009 1692 3049 5604 1010 1113 949 670261
internal_value=0 -1.83142e-06 1.50635e-07 6.5586e-06 1.06623e-06 -3.06218e-07 -1.39574e-06 -2.1351e-06 -1.32931e-05 -1.0436e-06 1.1337e-08 -1.2844e-05 1.18991e-05 7.08065e-08
internal_weight=745700 56673 689027 14654 10647 10367 56203 53245 4741 48504 674373 3102 2958 671271
internal_count=745700 56673 689027 14654 10647 10367 56203 53245 4741 48504 674373 3102 2958 671271
is_linear=0
shrinkage=0.03


Tree=102
num_leaves=15
num_cat=0
split_feature=18 127 79 79 166 171 76 119 62 63 79 174 172 170
split_gain=0.000227826 0.000255427 0.000227142 0.000223232 0.000462524 0.000363579 0.000278799 0.000213785 0.000180215 0.000170996 0.000139332 9.48648e-05 9.21839e-05 8.84496e-05
threshold=3.4159028530120854 3.9722924232482915 1.8706182241439822 -3.3499958515167232 -2.4400694370269771 -3.8413599729537959 0.35518026351928716 0.57079604268074047 1.8640636801719668 -0.66516640782356251 0.16502415388822558 3.6722379922866826 -0.46746735274791712 1.1758748292922976
decision_type=2 2 2 2 2 2 2 2 2 2 2 2 2 2
left_child=1 3 8 7 6 -6 -5 9 10 -1 -2 -4 -10 -12
right_child=2 -3 11 4 5 -7 -8 -9 12 -11 13 -13 -14 -15
leaf_value=2.4465249034862817e-05 1.8515206302007261e-05 2.486464178533702e-05 -1.0706394824300306e-05 -8.7834349737603173e-06 -1.1860892816909586e-05 1.1154735125179536e-07 1.9210424391746054e-05 3.7977881487862045e-05 4.0607059038864493e-07 3.1088839433326949e-06 7.927234565697253e-06 -2.8860462083563021e-05 -1.1937984985681086e-05 -7.3147659900678028e-06
leaf_weight=389 453 372 621 6993 2289 727086 334 200 775 2550 609 456 1793 780
leaf_count=389 453 372 621 6993 2289 727086 334 200 775 2550 609 456 1793 780
internal_value=0 4.51459e-08 -6.08993e-06 3.25922e-08 -1.38817e-09 7.39169e-08 -7.5008e-06 8.01457e-06 -3.06347e-06 5.95313e-06 4.08502e-06 -1.84403e-05 -8.20227e-06 -6.0951e-07
internal_weight=745700 740213 5487 739841 736702 729375 7327 3139 4410 2939 1842 1077 2568 1389
internal_count=745700 740213 5487 739841 736702 729375 7327 3139 4410 2939 1842 1077 2568 1389
is_linear=0
shrinkage=0.03


Tree=103
num_leaves=15
num_cat=0
split_feature=172 171 173 62 119 118 129 163 163 76 197 129 170 8
split_gain=0.000228479 0.000465408 0.000878684 0.000544811 0.000913831 0.0013337 0.000665074 0.000517385 0.000499163 0.000447529 0.000442712 0.00057079 0.000436529 0.000433942
threshold=-0.039138309657573693 0.13095782697200778 -1.818156838417053 0.22559729963541034 0.33388942480087286 0.16087135672569278 -0.33362850546836847 1.3559200167655947 -1.3714589476585386 -1.4816664457321165 0.65867635607719432 -0.4290048480033874 0.18531535565853122 -1.2766973972320554
decision_type=2 2 2 2 2 2 2 2 2 2 2 2 2 2
left_child=10 3 12 4 9 -6 -5 -8 -4 -2 -1 -12 -3 -10
right_child=1 2 8 6 5 -7 7 -9 13 -11 11 -13 -14 -15
leaf_value=6.2860598831458054e-07 5.0212727741405052e-06 5.1285134881847297e-05 -3.5626020882935505e-05 3.6310735558442568e-05 -4.0949482057754259e-05 -7.0650713129041361e-06 2.8445406725988053e-07 -7.6955102343121612e-06 2.8801445021963674e-05 -4.2854338979868968e-06 -6.6450625433987643e-05 -2.7074618908838534e-06 8.7091066824646921e-06 7.3571767121885295e-08
leaf_weight=332624 5334 439 351 440 1441 3815 62809 8274 473 36104 201 341 432 292622
leaf_count=332624 5334 439 351 440 1441 3815 62809 8274 473 36104 201 341 432 292622
internal_value=0 -4.71913e-07 1.66612e-07 -2.06185e-06 -4.58243e-06 -1.63666e-05 -4.15815e-07 -6.4408e-07 7.7153e-08 -3.08664e-06 5.84335e-07 -2.64806e-05 3.02368e-05 1.20134e-07
internal_weight=745700 412534 294317 118217 46694 5256 71523 71083 293446 41438 333166 542 871 293095
internal_count=745700 412534 294317 118217 46694 5256 71523 71083 293446 41438 333166 542 871 293095
is_linear=0
shrinkage=0.03


Tree=104
num_leaves=15
num_cat=0
split_feature=78 127 173 173 63 83 161 21 172 74 172 197 143 165
split_gain=0.000221531 0.000544409 0.000391671 0.000252414 0.000219536 0.000270571 0.000924405 0.000720896 0.000241785 0.000189746 0.000236792 0.000188826 0.000133657 8.50713e-05
threshold=4.1701371669769296 3.9722924232482915 3.7126120328903203 -0.12067117169499396 -1.0872430801391599 -0.75865092873573292 -0.86153399944305409 -1.3039020895957945 -0.12328584492206572 3.6479184627532963 3.846737384796143 0.61306923627853405 -0.9256831407546996 1.995739817619324
decision_type=2 2 2 2 2 2 2 2 2 2 2 2 2 2
left_child=2 3 4 -2 8 7 -7 -6 12 10 -5 -4 -1 -3
right_child=1 13 11 9 5 6 -8 -9 -10 -11 -12 -13 -14 -15
leaf_value=-1.3994852916618761e-05 1.8254715917277851e-05 3.6279803800172604e-05 3.9825861821238139e-05 -7.7660647334901474e-06 1.3240827097336923e-06 7.9207447072034343e-06 6.2247408024412296e-08 -3.1401501397569833e-06 1.3803289695078537e-05 1.0776199743007507e-05 -2.8585076250022133e-05 1.0834071879636076e-05 9.6073897328749157e-06 9.2657433219304242e-06
leaf_weight=552 200 212 261 873 56417 13785 591557 76948 2067 202 1142 916 352 216
leaf_count=552 200 212 261 873 56417 13785 591557 76948 2067 202 1142 916 352 216
internal_value=0 -8.35392e-06 3.20058e-08 -1.38848e-05 4.51204e-09 -2.81857e-08 2.41265e-07 -1.25144e-06 8.14181e-06 -1.68047e-05 -1.95884e-05 1.73168e-05 -4.77099e-06 2.27698e-05
internal_weight=745700 2845 742855 2417 741678 738707 605342 133365 2971 2217 2015 1177 904 428
internal_count=745700 2845 742855 2417 741678 738707 605342 133365 2971 2217 2015 1177 904 428
is_linear=0
shrinkage=0.03


Tree=105
num_leaves=15
num_cat=0
split_feature=172 173 78 173 118 9 77 63 78 63 13 50 12 173
split_gain=0.000219598 0.00133743 0.000630566 0.0012531 0.000756936 0.000629376 0.000578957 0.000681828 0.00116473 0.00109376 0.00051447 0.00100947 0.000509246 0.000475887
threshold=-1.2639272212982176 2.1975584030151372 -1.3989319205284116 -0.76666057109832753 0.37101723253726965 -0.21185008436441419 1.2172593474388125 0.86656227707862865 -2.3603545427322383 0.41395479440689092 -1.5822457075119016 -1.2907939553260801 -1.2619210481643675 -0.19815693795680997
decision_type=2 2 2 2 2 2 2 2 2 2 2 2 2 2
left_child=1 6 3 4 5 -2 7 9 -9 -1 11 -4 -8 -14
right_child=2 -3 10 -5 -6 -7 12 8 -10 -11 -12 -13 13 -15
leaf_value=-2.6575171076280862e-06 1.2388498718548162e-06 -5.2139259338220227e-05 4.3356338941248264e-07 2.327746358551181e-05 4.9982715180725788e-05 -4.6281662215397494e-05 2.5325178432058167e-05 6.9958219400239655e-06 -2.4025136605003067e-05 1.1433610589993594e-05 8.0824780991476675e-08 -3.4569315443684344e-05 -1.8482626377959792e-05 1.4272685324784897e-05
leaf_weight=42900 9030 470 2103 3121 279 257 1328 1692 3049 5604 673094 1143 695 935
leaf_count=42900 9030 470 2103 3121 279 257 1328 1692 3049 5604 673094 1143 695 935
internal_value=0 -1.79505e-06 1.47661e-07 6.77371e-06 1.38419e-06 -7.7801e-08 -1.37259e-06 -2.09081e-06 -1.29487e-05 -1.02865e-06 2.33132e-08 -1.18895e-05 1.15419e-05 2.85301e-07
internal_weight=745700 56673 689027 12687 9566 9287 56203 53245 4741 48504 676340 3246 2958 1630
internal_count=745700 56673 689027 12687 9566 9287 56203 53245 4741 48504 676340 3246 2958 1630
is_linear=0
shrinkage=0.03


Tree=106
num_leaves=15
num_cat=0
split_feature=3 118 117 63 173 1 3 10 61 3 141 166 67 79
split_gain=0.000219704 0.000402605 0.000452081 0.000940035 0.000428815 0.000730846 0.000491272 0.0005931 0.000376902 0.00037222 0.000836115 0.000456648 0.000368401 0.000248596
threshold=-1.9346879124641416 -1.715084373950958 -1.587485611438751 0.47465397417545324 -0.13515644520521161 -1.7674584984779356 -1.0186446309089658 -1.7938662767410276 -1.0539154410362241 -1.4643192291259763 -1.504629850387573 1.6946839690208437 -1.4652285575866697 -0.64591071009635914
decision_type=2 2 2 2 2 2 2 2 2 2 2 2 2 2
left_child=8 4 3 12 6 13 7 -2 -1 11 -11 -4 -3 -6
right_child=1 2 9 -5 5 -7 -8 -9 -10 10 -12 -13 -14 -15
leaf_value=3.728078290157702e-06 2.0587092824655398e-06 -1.4924113978217124e-06 1.0865921271218259e-05 3.6542473116693978e-05 -8.2026591255269232e-06 3.1016594515494495e-05 -3.1618227134490572e-05 -1.4039271077008646e-05 3.3894960657382728e-05 -1.4744405850232182e-05 -3.3497920465304262e-09 -1.2026161239360447e-05 1.73235039525439e-05 -2.935776917678485e-05
leaf_weight=5375 9467 3725 5152 900 776 261 505 2631 400 3479 709424 923 1249 1433
leaf_count=5375 9467 3725 5152 900 776 261 505 2631 400 3479 709424 923 1249 1433
internal_value=0 -4.54817e-08 5.53925e-08 8.34356e-06 -4.89813e-06 -1.63279e-05 -2.65458e-06 -1.44057e-06 5.82826e-06 -1.22911e-08 -7.53495e-08 7.38149e-06 3.22888e-06 -2.19468e-05
internal_weight=745700 739925 724852 5874 15073 2470 12603 12098 5775 718978 712903 6075 4974 2209
internal_count=745700 739925 724852 5874 15073 2470 12603 12098 5775 718978 712903 6075 4974 2209
is_linear=0
shrinkage=0.03


Tree=107
num_leaves=15
num_cat=0
split_feature=172 62 76 172 129 171 60 79 130 137 165 173 118 90
split_gain=0.000215925 0.000475912 0.0011378 0.000948525 0.000610529 0.000604697 0.000459223 0.00070602 0.000442776 0.000438149 0.000420928 0.00146253 0.00140517 0.000545709
threshold=-0.0067903839517384759 -0.92379978299140919 -1.4816664457321165 0.63556975126266491 -0.6573612093925475 -0.32698984444141382 -0.92100429534912098 -0.10081038624048232 -0.4964428842067718 -0.53006327152252186 1.5348026752471926 1.0641966462135317 -0.75003239512443531 0.3015491664409638
decision_type=2 2 2 2 2 2 2 2 2 2 2 2 2 2
left_child=10 2 6 -4 9 -5 7 -2 -8 -3 -1 12 -12 -13
right_child=1 4 3 5 -6 -7 8 -9 -10 -11 11 13 -14 -15
leaf_value=6.9815628772144197e-07 1.3164007650373639e-05 6.6704059056202351e-06 -7.3829480355495295e-06 -7.2895187806780286e-05 -2.4017902925706973e-07 -2.3291232451211984e-05 -1.2015078684866525e-05 -2.8205244149133981e-07 8.3926961938185068e-07 3.1786542418691936e-05 -7.602339346600622e-06 -4.3514695272406182e-06 -6.7239173870596073e-05 1.8387040289647349e-05
leaf_weight=342639 4640 3339 15676 277 345389 1112 4435 14463 5276 770 820 5067 629 1168
leaf_count=342639 4640 3339 15676 277 345389 1112 4435 14463 5276 770 820 5067 629 1168
internal_value=0 -4.80514e-07 -3.35323e-06 -9.492e-06 -1.03316e-07 -3.32504e-05 2.81606e-07 2.98286e-06 -5.02884e-06 1.13909e-05 5.42342e-07 -6.40091e-06 -3.35394e-05 -8.47975e-08
internal_weight=745700 395377 45879 17065 349498 1389 28814 19103 9711 4109 350323 7684 1449 6235
internal_count=745700 395377 45879 17065 349498 1389 28814 19103 9711 4109 350323 7684 1449 6235
is_linear=0
shrinkage=0.03


Tree=108
num_leaves=15
num_cat=0
split_feature=79 166 171 79 76 60 61 76 79 119 63 77 1 186
split_gain=0.00021397 0.000434728 0.000338649 0.000442931 0.000558794 0.000408912 0.000274252 0.000312108 0.000375592 0.000196795 0.000158982 0.000207256 0.000163692 0.000156063
threshold=-3.3499958515167232 -2.4400694370269771 -3.8413599729537959 -1.5298228263854978 -1.1968411207199094 4.3615603446960458 -1.0154495835304258 0.3487630188465119 -2.5378321409225459 0.57079604268074047 -0.66516640782356251 -0.041324047371745103 -1.7674584984779356 -0.58318257331848133
decision_type=2 2 2 2 2 2 2 2 2 2 2 2 2 2
left_child=9 6 13 4 -4 -5 -2 8 -8 10 -1 12 -12 -3
right_child=1 2 3 5 -6 -7 7 -9 -10 -11 11 -13 -14 -15
leaf_value=2.3687103743159522e-05 7.8756734461422171e-06 -4.0970063831976906e-06 1.0695340236133701e-05 -3.4844576343592241e-08 1.2485279274087639e-06 -1.2884577661988534e-05 -4.2657706445788197e-06 1.6353508012866177e-05 -1.9335093028839512e-05 3.656467814023764e-05 -2.4017126041932958e-05 1.170964408150463e-05 7.4072682281579623e-07 -1.9834934996905868e-05
leaf_weight=389 932 1218 7582 701148 21980 2235 3236 392 2767 200 318 1266 966 1071
leaf_count=389 932 1218 7582 701148 21980 2235 3236 392 2767 200 318 1266 966 1071
internal_value=0 -3.30406e-08 3.93863e-08 7.54155e-08 3.67272e-06 -7.57355e-08 -7.30389e-06 -9.52172e-06 -1.12188e-05 7.81478e-06 5.83636e-06 3.09327e-06 -5.38146e-06 -1.14792e-05
internal_weight=745700 742561 735234 732945 29562 703383 7327 6395 6003 3139 2939 2550 1284 2289
internal_count=745700 742561 735234 732945 29562 703383 7327 6395 6003 3139 2939 2550 1284 2289
is_linear=0
shrinkage=0.03


Tree=109
num_leaves=15
num_cat=0
split_feature=172 173 78 173 118 149 23 56 9 13 50 173 79 164
split_gain=0.000212743 0.00125796 0.000585212 0.00117562 0.000706322 0.00059674 0.000552612 0.000999265 0.000637782 0.000483252 0.000936077 0.000426241 0.000631061 0.000590656
threshold=-1.2639272212982176 2.1975584030151372 -1.3989319205284116 -0.74681738018989552 0.37101723253726965 -0.2352655082941055 -0.40963442623615259 -0.18441566824913022 -1.0535681247711179 -1.5822457075119016 -1.2907939553260801 2.0442004203796391 0.19114205241203311 3.5450330972671513
decision_type=2 2 2 2 2 2 2 2 2 2 2 2 2 2
left_child=1 6 3 4 5 -2 7 8 -1 10 -4 13 -13 -11
right_child=2 -3 9 -5 -6 -7 -8 -9 -10 11 -12 12 -14 -15
leaf_value=1.6905526670820016e-07 1.3355310484452731e-06 -5.0592533215417606e-05 3.4592776112778615e-07 2.2839854861659541e-05 4.8364866080993252e-05 -4.3206124113764994e-05 1.527408015318917e-05 -6.1140650929992688e-05 -7.5589810910845009e-06 -4.4928334528977473e-08 -3.3359911948646932e-05 5.5323782456689392e-05 4.6166122566326857e-06 3.7767863869837216e-05
leaf_weight=41724 9103 470 2103 3027 279 278 1741 254 12484 659973 1143 224 12526 371
leaf_count=41724 9103 470 2103 3027 279 278 1741 254 12484 659973 1143 224 12526 371
internal_value=0 -1.76682e-06 1.45332e-07 6.52864e-06 1.41252e-06 7.90514e-09 -1.35708e-06 -1.88956e-06 -1.61025e-06 2.55379e-08 -1.15201e-05 8.12787e-08 5.51409e-06 -2.35814e-08
internal_weight=745700 56673 689027 12687 9660 9381 56203 54462 54208 676340 3246 673094 12750 660344
internal_count=745700 56673 689027 12687 9660 9381 56203 54462 54208 676340 3246 673094 12750 660344
is_linear=0
shrinkage=0.03


Tree=110
num_leaves=15
num_cat=0
split_feature=78 127 173 173 164 171 53 172 172 170 143 83 74 172
split_gain=0.000213227 0.000511187 0.000357653 0.00023901 0.000208166 0.00105543 0.00103443 0.000704305 0.000685741 0.000528706 0.000334763 0.00017963 0.000178122 0.000223725
threshold=4.1701371669769296 3.9722924232482915 3.7126120328903203 -0.12067117169499396 1.2637200355529787 0.12537994980812076 0.35671108961105352 4.1899755001068124 3.846737384796143 0.11866347491741182 3.7250467538833623 1.7501693964004519 3.6479184627532963 3.846737384796143
decision_type=2 2 2 2 2 2 2 2 2 2 2 2 2 2
left_child=2 3 4 -2 8 6 -6 -7 10 -10 -1 -4 13 -5
right_child=1 -3 11 12 5 7 -8 -9 9 -11 -12 -13 -14 -15
leaf_value=1.5044096511848371e-07 1.7717037071528627e-05 2.1962379712920385e-05 1.0768691406067835e-05 -7.6011266379883493e-06 -1.2150645164680284e-05 -2.8373868990638807e-07 -6.9486898567241534e-05 -1.9374540893871028e-05 5.7137609001461197e-05 1.1385414528603358e-05 -6.9534719084832574e-06 4.0583290337679674e-05 1.0322587689771788e-05 -2.7839441232951359e-05
leaf_weight=691793 200 428 951 873 1113 39282 380 1819 297 973 6021 226 202 1142
leaf_count=691793 200 428 951 873 1113 39282 380 1819 297 973 6021 226 202 1142
internal_value=0 -8.19585e-06 3.14097e-08 -1.35555e-05 5.13518e-09 -2.03094e-06 -2.68008e-05 -1.12982e-06 1.29236e-07 2.21451e-05 8.90929e-08 1.65486e-05 -1.63969e-05 -1.90942e-05
internal_weight=745700 2845 742855 2417 741678 42594 1493 41101 699084 1270 697814 1177 2217 2015
internal_count=745700 2845 742855 2417 741678 42594 1493 41101 699084 1270 697814 1177 2217 2015
is_linear=0
shrinkage=0.03


Tree=111
num_leaves=15
num_cat=0
split_feature=172 171 173 62 119 119 129 163 163 79 197 129 172 173
split_gain=0.000207721 0.000438815 0.000779682 0.000510672 0.000862737 0.00127302 0.000625427 0.000478281 0.000457904 0.000442949 0.000393716 0.000477719 0.000406191 0.00118171
threshold=-0.039138309657573693 0.13095782697200778 -1.818156838417053 0.22559729963541034 0.33388942480087286 0.39292103052139288 -0.32651941478252405 1.3559200167655947 -1.3714589476585386 0.42518685758113867 0.65867635607719432 -0.4290048480033874 -1.2639272212982176 2.1975584030151372
decision_type=2 2 2 2 2 2 2 2 2 2 2 2 2 2
left_child=10 3 -3 4 9 -6 -5 -8 -4 -2 12 -12 13 -1
right_child=1 2 8 6 5 -7 7 -9 -10 -11 11 -13 -14 -15
leaf_value=-1.3170427612305249e-06 -2.3747768542236161e-06 2.8495645644011549e-05 -3.410999626951124e-05 3.4698016517720296e-05 -4.9067131630778708e-05 -9.3036969493438388e-06 2.6813216347130699e-07 -7.404418953698035e-06 1.2695320107891695e-07 -1.8884145925602847e-05 -6.1535107213473586e-05 -3.2061725703648918e-06 1.0740875533740549e-06 -4.9037039988313853e-05
leaf_weight=56203 39920 871 351 453 868 4388 62796 8274 293095 1518 201 341 275951 470
leaf_count=56203 39920 871 351 453 868 4388 62796 8274 293095 1518 201 341 275951 470
internal_value=0 -4.49953e-07 1.70057e-07 -1.9938e-06 -4.43413e-06 -1.58842e-05 -4.00156e-07 -6.24779e-07 8.5783e-08 -2.98073e-06 5.57169e-07 -2.49661e-05 5.98924e-07 -1.71418e-06
internal_weight=745700 412534 294317 118217 46694 5256 71523 71070 293446 41438 333166 542 332624 56673
internal_count=745700 412534 294317 118217 46694 5256 71523 71070 293446 41438 333166 542 332624 56673
is_linear=0
shrinkage=0.03


Tree=112
num_leaves=15
num_cat=0
split_feature=63 63 83 155 90 9 173 78 164 63 127 166 171 125
split_gain=0.000206547 0.000308782 0.000888248 0.000405866 0.00123471 0.00228329 0.000689091 0.000500988 0.000434955 0.000374884 0.000392901 0.000364567 0.000275474 0.000216728
threshold=-1.0809720158576963 -0.80126470327377308 -2.1705052852630611 -0.32580496370792383 0.28617615997791296 0.39421443641185766 2.4703285694122319 -1.3104538917541502 -1.9815109372138975 -0.89018142223358143 -1.1652483344078062 -0.020315062254667279 0.16573919355869296 -0.81870865821838368
decision_type=2 2 2 2 2 2 2 2 2 2 2 2 2 2
left_child=12 2 -2 4 5 -3 -6 -5 -9 10 -4 -11 13 -1
right_child=1 3 9 7 6 -7 -8 8 -10 11 -12 -13 -14 -15
leaf_value=7.1306799944681952e-06 2.6535556673232937e-05 1.3742692182385237e-06 2.5929922785774848e-06 -4.2829135402094416e-05 4.3021720022637569e-05 -4.2507037041709298e-05 1.0584689893198305e-05 1.4790862776679082e-05 -3.1726494237805818e-07 -9.2103609677099359e-06 -2.7761841909026769e-06 -1.5640597011446377e-06 9.9133744480849026e-06 -6.2316598732007472e-06
leaf_weight=1871 978 167647 19111 248 907 1073 1693 1720 486749 11484 34230 10997 4371 2621
leaf_count=1871 978 167647 19111 248 907 1073 1693 1720 486749 11484 34230 10997 4371 2621
internal_value=0 -5.4763e-08 -1.85516e-06 1.54684e-07 1.41118e-06 1.09477e-06 2.19239e-05 -2.85723e-07 -2.63975e-07 -2.22211e-06 -8.51942e-07 -5.4716e-06 4.55218e-06 -6.58976e-07
internal_weight=745700 736837 76800 660037 171320 168720 2600 488717 488469 75822 53341 22481 8863 4492
internal_count=745700 736837 76800 660037 171320 168720 2600 488717 488469 75822 53341 22481 8863 4492
is_linear=0
shrinkage=0.03


Tree=113
num_leaves=15
num_cat=0
split_feature=167 171 196 129 172 173 173 172 79 160 129 61 155 63
split_gain=0.000208563 0.000641301 0.00112551 0.000818778 0.000636019 0.000606497 0.000523407 0.000776626 0.00064245 0.000561583 0.000481216 0.000387082 0.00112438 0.00127453
threshold=0.73915195465087902 0.20850943028926852 0.26406916975975042 -0.68808916211128224 3.846737384796143 2.0442004203796391 2.0442004203796391 4.1899755001068124 0.2304399833083153 -1.2538595795631406 1.2855685353279116 -0.44450931251049036 -0.32580496370792383 0.021762746386229995
decision_type=2 2 2 2 2 2 2 2 2 2 2 2 2 2
left_child=4 2 5 -4 11 -2 7 9 -8 -3 -10 -1 13 -13
right_child=1 6 3 -5 -6 -7 8 -9 10 -11 -12 12 -14 -15
leaf_value=-8.8766130092961707e-07 -1.7304743087704378e-06 1.512602207671044e-05 -5.7652248212430057e-05 -1.4248796857541676e-05 2.8943946975800293e-05 -4.6486331660423031e-05 5.760621448867805e-05 -2.3430507567081238e-05 6.8759849058791877e-06 -1.3116031916094977e-06 -8.1200692921830518e-06 7.9197419717856371e-06 1.6969337246480105e-08 -2.2345637144427411e-07
leaf_weight=203346 6275 1907 649 991 692 284 205 1407 10784 94839 2342 37744 352315 31920
leaf_count=203346 6275 1907 649 991 692 284 205 1407 10784 94839 2342 37744 352315 31920
internal_value=0 -1.14745e-06 -9.24486e-06 -3.14679e-05 2.19373e-07 -3.67973e-06 -5.51582e-07 -1.30939e-06 5.02543e-06 -9.87131e-07 4.19762e-06 1.87491e-07 7.05664e-07 4.18815e-06
internal_weight=745700 119683 8199 1640 626017 6559 111484 98153 13331 96746 13126 625325 421979 69664
internal_count=745700 119683 8199 1640 626017 6559 111484 98153 13331 96746 13126 625325 421979 69664
is_linear=0
shrinkage=0.03


Tree=114
num_leaves=15
num_cat=0
split_feature=79 166 171 79 166 60 61 118 142 119 63 77 1 186
split_gain=0.000202027 0.000410021 0.000318095 0.000419538 0.000580327 0.000386886 0.000264318 0.000299484 0.000371973 0.000178188 0.00014858 0.000190769 0.000156313 0.000147169
threshold=-3.3499958515167232 -2.4400694370269771 -3.8413599729537959 -1.4888146519660947 -0.80555254220962513 4.3615603446960458 -1.0154495835304258 0.28449223935604101 -0.061612224206328385 0.57079604268074047 -0.66516640782356251 -0.041324047371745103 -1.7674584984779356 -0.58978474140167225
decision_type=2 2 2 2 2 2 2 2 2 2 2 2 2 2
left_child=9 6 13 4 -4 -5 -2 8 -8 10 -1 12 -12 -3
right_child=1 2 3 5 -6 -7 7 -9 -10 -11 11 -13 -14 -15
leaf_value=2.2967807786540036e-05 7.808573441495193e-06 -2.8310431535127499e-06 1.7607148320003097e-06 -4.1554560116043444e-08 1.3187040036844356e-05 -1.2582521566337317e-05 -7.3011777427319877e-06 1.6569327440437733e-05 -2.6408304962651186e-05 3.495284072390398e-05 -2.3283591357028847e-05 1.1324618769234226e-05 9.0995194220841926e-07 -1.8134522649594579e-05
leaf_weight=389 932 1051 27801 698250 4674 2220 4886 378 1131 200 318 1266 966 1238
leaf_count=389 932 1051 27801 698250 4674 2220 4886 378 1131 200 318 1266 966 1238
internal_value=0 -3.21149e-08 3.82226e-08 7.31425e-08 3.40654e-06 -8.13614e-08 -7.09332e-06 -9.27068e-06 -1.09015e-05 7.59354e-06 5.71027e-06 3.05792e-06 -5.07202e-06 -1.11253e-05
internal_weight=745700 742561 735234 732945 32475 700470 7327 6395 6017 3139 2939 2550 1284 2289
internal_count=745700 742561 735234 732945 32475 700470 7327 6395 6017 3139 2939 2550 1284 2289
is_linear=0
shrinkage=0.03


Tree=115
num_leaves=15
num_cat=0
split_feature=64 9 45 135 126 117 164 81 1 79 119 148 173 170
split_gain=0.000201636 0.00030586 0.000260695 0.000258471 0.000239073 0.000344742 0.00020323 0.000150035 0.000144819 0.000162228 0.000140168 0.000126692 0.000122873 9.45421e-05
threshold=3.4672411680221562 3.4971952438354497 3.3517698049545293 3.196746945381165 3.4845641851425175 3.7251570224761967 2.7335257530212407 3.4078546762466435 4.0707132816314706 0.53057956695556652 3.5967285633087163 3.5624475479125981 1.6218155026435854 -1.2069306373596189
decision_type=2 2 2 2 2 2 2 2 2 2 2 2 2 2
left_child=1 2 4 -3 5 -1 8 -5 10 -10 12 -12 -2 -4
right_child=6 3 13 7 -6 -7 -8 -9 9 -11 11 -13 -14 -15
leaf_value=3.9033406389786675e-08 -6.3347271090113516e-06 3.4867332971125969e-05 -3.3091005355840905e-05 1.9586936023610219e-05 2.1308652597091275e-05 -2.0392481640086616e-05 -3.2808824246270353e-05 9.5529122141865684e-07 1.1871948467941756e-05 -7.9528280421868057e-06 -2.7670696931548788e-05 -8.9818570682758855e-06 1.0964063453144755e-05 -1.0336434470635927e-05
leaf_weight=735440 1168 350 204 563 474 743 236 1266 876 642 396 1919 539 884
leaf_count=735440 1168 350 204 563 474 743 236 1266 876 642 396 1919 539 884
internal_value=0 4.35866e-08 1.03897e-08 1.12641e-05 3.21131e-08 1.83443e-08 -5.58297e-06 6.71442e-06 -4.41204e-06 3.46809e-06 -7.39377e-06 -1.22023e-05 -8.51699e-07 -1.46569e-05
internal_weight=745700 739924 737745 2179 736657 736183 5776 1829 5540 1518 4022 2315 1707 1088
internal_count=745700 739924 737745 2179 736657 736183 5776 1829 5540 1518 4022 2315 1707 1088
is_linear=0
shrinkage=0.03


Tree=116
num_leaves=15
num_cat=0
split_feature=3 118 151 173 1 10 119 129 38 131 61 77 161 166
split_gain=0.00020121 0.000371904 0.00042416 0.00041163 0.000677801 0.000458928 0.000547614 0.000396575 0.000976343 0.000574262 0.000356556 0.00028951 0.00025646 0.00023308
threshold=-1.9346879124641416 -1.715084373950958 -1.7049013972282407 -0.14200569689273831 -1.7674584984779356 -1.7938662767410276 -0.95056626200675953 -1.9299311637878416 -1.4492633342742918 -1.6585654616355894 -1.0539154410362241 0.73996981978416454 -1.8239964842796323 -0.36480516195297236
decision_type=2 2 2 2 2 2 2 2 2 2 2 2 2 2
left_child=10 3 11 5 13 6 -2 8 -4 -9 -1 -3 -13 -5
right_child=1 2 7 4 -6 -7 -8 9 -10 -11 -12 12 -14 -15
leaf_value=3.5347057222359118e-06 2.0944394468361358e-06 5.6946929441581966e-06 -2.7049212318483664e-06 -1.171985012855577e-05 2.9735566147586486e-05 -1.3643890168041624e-05 -2.9498756965657708e-05 7.6007077511993244e-06 -5.3492236586704202e-05 -5.0336362938168317e-08 3.2876162464732987e-05 -1.7638498862320899e-06 3.6911347585719185e-05 -3.1229679858110308e-05
leaf_weight=5375 9439 2220 1693 1139 261 2631 520 8939 426 710779 400 207 588 1083
leaf_count=5375 9439 2220 1693 1139 261 2631 520 8939 426 710779 400 207 588 1083
internal_value=0 -4.35452e-08 5.3405e-08 -4.70751e-06 -1.58707e-05 -2.50243e-06 4.39022e-07 6.45425e-09 -1.29497e-05 4.46594e-08 5.57755e-06 1.12804e-05 2.68139e-05 -2.12522e-05
internal_weight=745700 739925 724852 15073 2483 12590 9959 721837 2119 719718 5775 3015 795 2222
internal_count=745700 739925 724852 15073 2483 12590 9959 721837 2119 719718 5775 3015 795 2222
is_linear=0
shrinkage=0.03


Tree=117
num_leaves=15
num_cat=0
split_feature=172 173 78 173 79 118 76 77 63 78 63 13 50 10
split_gain=0.000197675 0.00107376 0.000548447 0.00112028 0.000721467 0.000617977 0.00060615 0.000521307 0.000652075 0.00106855 0.000986326 0.000484902 0.000889287 0.000460091
threshold=-1.2639272212982176 2.1975584030151372 -1.3544611930847166 -0.1552719175815582 -1.0671439766883848 0.37101723253726965 -0.16674017161130902 1.2172593474388125 0.86656227707862865 -2.3603545427322383 0.43791255354881292 -1.5822457075119016 -1.2907939553260801 -1.047833979129791
decision_type=2 2 2 2 2 2 2 2 2 2 2 2 2 2
left_child=1 7 3 5 -5 6 -2 8 10 -10 -1 12 -4 -9
right_child=2 -3 11 4 -6 -7 -8 13 9 -11 -12 -13 -14 -15
leaf_value=-2.243551342969341e-06 4.9347611384105018e-06 -4.6812795164257937e-05 1.8751365748709757e-07 5.0943675856998354e-05 1.2322789221257608e-05 4.676533890280746e-05 -1.1970416996456868e-05 2.0065797132913569e-05 6.4783183412711147e-06 -2.3233678401483013e-05 1.3377613130048471e-05 6.9998771008591608e-08 -3.3276598336760744e-05 -4.3670996632080925e-06
leaf_weight=44544 10215 470 1989 732 1081 280 2346 1853 1692 3049 3960 671271 1113 1105
leaf_count=44544 10215 470 1989 732 1081 280 2346 1853 1692 3049 3960 671271 1113 1105
internal_value=0 -1.70311e-06 1.40076e-07 5.88161e-06 2.7952e-05 2.76125e-06 1.77432e-06 -1.32452e-06 -2.00607e-06 -1.26244e-05 -9.67329e-07 1.52604e-08 -1.18166e-05 1.093e-05
internal_weight=745700 56673 689027 14654 1813 12841 12561 56203 53245 4741 48504 674373 3102 2958
internal_count=745700 56673 689027 14654 1813 12841 12561 56203 53245 4741 48504 674373 3102 2958
is_linear=0
shrinkage=0.03


Tree=118
num_leaves=15
num_cat=0
split_feature=63 61 143 63 127 137 173 189 172 61 118 127 61 119
split_gain=0.000197361 0.000263931 0.000583379 0.000976796 0.00087951 0.00139097 0.000813123 0.000714986 0.000537086 0.0004097 0.000549392 0.000705192 0.0004007 0.000279666
threshold=-1.082972466945648 -1.1252395510673521 -1.1368162631988523 0.47465397417545324 -1.1438471078872678 -1.3837217092514036 -0.64159625768661488 -0.30338750779628748 -0.65751242637634266 -1.226878225803375 -1.0558870434761045 -0.9405936300754546 -1.1724519729614256 -2.0278869867324825
decision_type=2 2 2 2 2 2 2 2 2 2 2 2 2 2
left_child=-1 9 3 8 7 -6 -5 -4 -3 13 11 -11 -12 -2
right_child=1 2 4 6 5 -7 -8 -9 -10 10 12 -13 -14 -15
leaf_value=5.4801277809425213e-06 7.2911243230205818e-06 9.8346120171436192e-07 -4.5917747934775455e-06 1.6687526175356718e-05 1.6935832085879646e-05 1.6146408214172157e-08 7.0400088366089406e-05 -2.6469079370096396e-05 1.3290559721296731e-05 -3.9629602807457514e-06 -1.2325732252109254e-05 5.159409907378928e-05 -4.202464877112185e-05 -1.0883334263046017e-06
leaf_weight=5867 4280 19835 19684 1440 4402 641744 308 1443 3804 17537 2635 207 485 22029
leaf_count=5867 4280 19835 19684 1440 4402 641744 308 1443 3804 17537 2635 207 485 22029
internal_value=0 -4.34683e-08 1.04364e-07 4.56786e-06 -6.54155e-08 1.31488e-07 2.62037e-05 -6.08862e-06 2.96567e-06 -2.21474e-06 -5.3542e-06 -3.31027e-06 -1.6964e-05 2.73938e-07
internal_weight=745700 739833 692660 25387 667273 646146 1748 21127 23639 47173 20864 17744 3120 26309
internal_count=745700 739833 692660 25387 667273 646146 1748 21127 23639 47173 20864 17744 3120 26309
is_linear=0
shrinkage=0.03


Tree=119
num_leaves=15
num_cat=0
split_feature=167 171 196 129 172 173 173 172 79 164 129 76 61 155
split_gain=0.000198424 0.000600501 0.00106051 0.000770409 0.000588452 0.000530485 0.000489699 0.000726735 0.000603042 0.000559755 0.000451404 0.000374181 0.000354267 0.00103687
threshold=0.73915195465087902 0.20850943028926852 0.26406916975975042 -0.68808916211128224 3.846737384796143 2.0442004203796391 2.0442004203796391 4.1899755001068124 0.25823459029197698 3.5450330972671513 1.2855685353279116 0.39835008978843695 -0.44450931251049036 -0.32580496370792383
decision_type=2 2 2 2 2 2 2 2 2 2 2 2 2 2
left_child=4 2 5 -4 12 11 7 9 -8 -3 -10 -2 -1 -14
right_child=1 6 3 -5 -6 -7 8 -9 10 -11 -12 -13 13 -15
leaf_value=-8.452561789025703e-07 2.4222018001622928e-06 -1.1059212311326912e-06 -5.592633830672601e-05 -1.3822761459024761e-05 2.7843540949535797e-05 -4.3587529489284186e-05 5.4818194694114857e-05 -2.267443866745287e-05 6.6279658124981358e-06 3.5763042883168489e-05 -7.9042909047943779e-06 -1.46391841589907e-05 4.0232585953405588e-06 1.7679948151122655e-08
leaf_weight=203346 4747 96375 649 991 692 284 213 1407 10779 371 2339 1528 69664 352315
leaf_count=203346 4747 96375 649 991 692 284 213 1407 10779 371 2339 1528 69664 352315
internal_value=0 -1.11921e-06 -8.95481e-06 -3.05267e-05 2.13979e-07 -3.55261e-06 -5.42598e-07 -1.27561e-06 4.85182e-06 -9.63858e-07 4.03411e-06 -1.72924e-06 1.83311e-07 6.79035e-07
internal_weight=745700 119683 8199 1640 626017 6559 111484 98153 13331 96746 13118 6275 625325 421979
internal_count=745700 119683 8199 1640 626017 6559 111484 98153 13331 96746 13118 6275 625325 421979
is_linear=0
shrinkage=0.03


Tree=120
num_leaves=15
num_cat=0
split_feature=172 173 78 173 118 9 23 56 65 13 50 53 167 172
split_gain=0.000200428 0.000994821 0.000501973 0.00102679 0.000621657 0.000523317 0.000501614 0.000947029 0.000603199 0.000426879 0.000785243 0.000406993 0.000368793 0.000356281
threshold=-1.2639272212982176 2.1975584030151372 -1.3989319205284116 -0.76666057109832753 0.37101723253726965 -0.21185008436441419 -0.40963442623615259 -0.18441566824913022 -1.0664210915565489 -1.5822457075119016 -1.2907939553260801 -1.663577616214752 -1.6930279135704038 -0.54894182085990895
decision_type=2 2 2 2 2 2 2 2 2 2 2 2 2 2
left_child=1 6 3 4 5 -2 7 8 -1 10 -4 -11 -13 -5
right_child=2 -3 9 13 -6 -7 -8 -9 -10 11 -12 12 -14 -15
leaf_value=-7.5878708411489797e-08 1.0497743133812133e-06 -4.513505611972806e-05 4.5638799774674722e-08 1.6159982336200345e-05 4.5216481278159858e-05 -4.2281970126678904e-05 1.4494550631632562e-05 -5.9539598370463964e-05 -8.2210347433197711e-06 -4.0714570535315054e-05 -3.0824018277463976e-05 5.5807519888782096e-06 5.9023030062940565e-09 4.2408447837233176e-05
leaf_weight=44163 9030 470 2103 2549 279 257 1741 254 10045 219 1143 10854 662021 572
leaf_count=44163 9030 470 2103 2549 279 257 1741 254 10045 219 1143 10854 662021 572
internal_value=0 -1.71492e-06 1.41058e-07 6.05299e-06 1.17408e-06 -1.50542e-07 -1.35049e-06 -1.85782e-06 -1.58589e-06 3.01071e-08 -1.08213e-05 8.24985e-08 9.58817e-08 2.09923e-05
internal_weight=745700 56673 689027 12687 9566 9287 56203 54462 54208 676340 3246 673094 672875 3121
internal_count=745700 56673 689027 12687 9566 9287 56203 54462 54208 676340 3246 673094 672875 3121
is_linear=0
shrinkage=0.03


Tree=121
num_leaves=15
num_cat=0
split_feature=79 166 130 73 119 171 63 131 39 119 63 77 1 79
split_gain=0.000194482 0.000382095 0.000311291 0.000421019 0.000351878 0.000348188 0.000240213 0.000217746 0.000210839 0.000163279 0.000138279 0.000171679 0.000139565 0.000126412
threshold=-3.3499958515167232 -3.0651777982711788 -2.3106610774993892 -2.1248742341995235 -2.1990935802459712 -0.84376385807991017 -0.18591478466987607 -2.2155568599700923 -1.0250817537307737 0.57079604268074047 -0.66516640782356251 -0.041324047371745103 -1.7674584984779356 -1.9925004839897154
decision_type=2 2 2 2 2 2 2 2 2 2 2 2 2 2
left_child=9 8 6 5 -5 -4 7 -3 -2 10 -1 12 -12 -8
right_child=1 2 3 4 -6 -7 13 -9 -10 -11 11 -13 -14 -15
leaf_value=2.2296597531922367e-05 -3.8979069325103127e-05 -1.4444773994447909e-05 1.9470013446264357e-05 2.5601898048561853e-05 -1.2665344263059044e-08 4.215307932069669e-07 2.4539315263304581e-05 2.5717585802034088e-06 -9.2261398798531832e-06 3.3642534953684311e-05 -2.1833096479073265e-05 1.0929817149369403e-05 1.0270092319145914e-06 -2.7862956550944331e-06
leaf_weight=389 241 3010 1830 482 731921 1641 277 869 1957 200 318 1266 966 333
leaf_count=389 241 3010 1830 482 731921 1641 277 869 1957 200 318 1266 966 333
internal_value=0 -3.15055e-08 5.54179e-09 5.36333e-08 4.18577e-09 1.04757e-05 -7.86959e-06 -1.06252e-05 -1.25183e-05 7.4504e-06 5.64698e-06 3.08759e-06 -4.62384e-06 9.59297e-06
internal_weight=745700 742561 740363 735874 732403 3471 4489 3879 2198 3139 2939 2550 1284 610
internal_count=745700 742561 740363 735874 732403 3471 4489 3879 2198 3139 2939 2550 1284 610
is_linear=0
shrinkage=0.03


Tree=122
num_leaves=15
num_cat=0
split_feature=78 127 173 173 164 171 53 173 172 170 143 83 74 172
split_gain=0.00019373 0.000445954 0.000329893 0.000220203 0.000191636 0.000853758 0.000838423 0.000624006 0.000568969 0.000462777 0.000302441 0.000170593 0.000164682 0.000196349
threshold=4.1701371669769296 3.9722924232482915 3.7126120328903203 -0.12067117169499396 1.2637200355529787 0.12537994980812076 0.34928546845912939 1.2438406944274905 3.846737384796143 0.11259387060999872 3.7250467538833623 1.7501693964004519 3.6479184627532963 3.846737384796143
decision_type=2 2 2 2 2 2 2 2 2 2 2 2 2 2
left_child=2 3 4 -2 8 6 -6 -7 10 -10 -1 -4 13 -5
right_child=1 -3 11 12 5 7 -8 -9 9 -11 -12 -13 -14 -15
leaf_value=1.4551589675021974e-07 1.7195891947372292e-05 2.0354206289944828e-05 1.0260031150938311e-05 -7.3693957213811557e-06 -1.084895208500848e-05 -5.291475140631237e-06 -6.2124108421091946e-05 2.1510206755272136e-06 5.3060079081140525e-05 1.0153797078531516e-05 -6.6067437550013673e-06 3.9315270773647453e-05 1.0142126777419734e-05 -2.6333995354941535e-05
leaf_weight=691793 200 428 951 873 1105 18169 388 22932 295 975 6021 226 202 1142
leaf_count=691793 200 428 951 873 1105 18169 388 22932 295 975 6021 226 202 1142
internal_value=0 -7.81217e-06 2.99348e-08 -1.28186e-05 4.69898e-09 -1.94887e-06 -2.42271e-05 -1.13831e-06 1.23772e-07 2.01777e-05 8.72025e-08 1.58931e-05 -1.55463e-05 -1.81402e-05
internal_weight=745700 2845 742855 2417 741678 42594 1493 41101 699084 1270 697814 1177 2217 2015
internal_count=745700 2845 742855 2417 741678 42594 1493 41101 699084 1270 697814 1177 2217 2015
is_linear=0
shrinkage=0.03


Tree=123
num_leaves=15
num_cat=0
split_feature=172 173 77 63 78 63 172 3 141 127 171 27 9 173
split_gain=0.00018946 0.000934353 0.000475646 0.00061936 0.00098367 0.0008804 0.000473413 0.000789035 0.000492187 0.00420963 0.000621667 0.000428242 0.000425487 0.000424858
threshold=-1.2639272212982176 2.1975584030151372 1.2172593474388125 0.86656227707862865 -2.3603545427322383 0.41395479440689092 -0.78516742587089527 0.19411859661340716 -0.16868077963590619 -0.091196075081825242 -1.8353613615036009 0.1440553963184357 -1.0711861848831175 -1.9579663872718809
decision_type=2 2 2 2 2 2 2 2 2 2 2 2 2 2
left_child=1 2 3 5 -5 -1 7 8 9 -2 -10 -9 -4 -8
right_child=6 -3 12 4 -6 -7 13 11 10 -11 -12 -13 -14 -15
leaf_value=-2.4142344837497046e-06 2.7063842992510918e-06 -4.3747239995912412e-05 1.8212256423045189e-05 6.0139918022709506e-06 -2.2492912791616029e-05 1.0227945529499769e-05 5.4418718850345563e-06 3.1211938207192366e-05 -3.1730691000307188e-05 0.00011695792794923709 -1.9438133538809117e-06 6.6861047987145666e-07 -6.1354352940514311e-06 -1.6063556716618429e-07
leaf_weight=42900 31057 470 2009 1692 3049 5604 12418 1361 739 292 4286 596 949 638278
leaf_count=42900 31057 470 2009 1692 3049 5604 12418 1361 739 292 4286 596 949 638278
internal_value=0 -1.66733e-06 -1.31413e-06 -1.96516e-06 -1.23137e-05 -9.52797e-07 1.37152e-07 3.37706e-06 2.37745e-06 3.77523e-06 -6.33582e-06 2.19304e-05 1.03913e-05 -5.3662e-08
internal_weight=745700 56673 56203 53245 4741 48504 689027 38331 36374 31349 5025 1957 2958 650696
internal_count=745700 56673 56203 53245 4741 48504 689027 38331 36374 31349 5025 1957 2958 650696
is_linear=0
shrinkage=0.03


Tree=124
num_leaves=15
num_cat=0
split_feature=63 63 83 63 127 166 155 90 9 173 78 13 171 76
split_gain=0.000189698 0.000269224 0.000786682 0.000363495 0.000361328 0.000350076 0.000336957 0.00107933 0.00197803 0.000614188 0.000446804 0.000408375 0.000261542 0.000211136
threshold=-1.0809720158576963 -0.80126470327377308 -2.1705052852630611 -0.89018142223358143 -1.1652483344078062 -0.020315062254667279 -0.32580496370792383 0.28617615997791296 0.39421443641185766 2.4703285694122319 -1.3104538917541502 -0.39449280500411982 0.16573919355869296 -0.36956647038459772
decision_type=2 2 2 2 2 2 2 2 2 2 2 2 2 2
left_child=12 2 -2 4 -4 -5 7 8 -3 -9 -8 -12 13 -1
right_child=1 6 3 5 -6 -7 10 9 -10 -11 11 -13 -14 -15
leaf_value=1.6381191003280278e-06 2.4984575834522738e-05 1.2522900019014213e-06 2.5738584531012225e-06 -8.9423459379312517e-06 -2.5750984334470922e-06 -1.449540475228062e-06 -4.0435140729567636e-05 4.0385135846725681e-05 -3.959049665370989e-05 9.7604560797196278e-06 -6.1441097460936926e-06 -1.1017786642393189e-07 9.5864967170899713e-06 -1.8637293030983987e-05
leaf_weight=3970 978 167647 19111 11484 34230 10997 248 907 1073 1693 10312 478157 4371 522
leaf_count=3970 978 167647 19111 11484 34230 10997 248 907 1073 1693 10312 478157 4371 522
internal_value=0 -5.2466e-08 -1.73359e-06 -2.07894e-06 -7.29755e-07 -5.27866e-06 1.43102e-07 1.28798e-06 9.92133e-07 2.04667e-05 -2.58175e-07 -2.37633e-07 4.36257e-06 -7.14964e-07
internal_weight=745700 736837 76800 75822 53341 22481 660037 171320 168720 2600 488717 488469 8863 4492
internal_count=745700 736837 76800 75822 53341 22481 660037 171320 168720 2600 488717 488469 8863 4492
is_linear=0
shrinkage=0.03


Tree=125
num_leaves=15
num_cat=0
split_feature=172 173 19 75 83 13 81 77 65 73 77 79 138 172
split_gain=0.000188347 0.000878918 0.00046649 0.00140228 0.00087857 0.00075014 0.000821392 0.000564204 0.000457424 0.00090101 0.000449133 0.000416825 0.000371635 0.00115597
threshold=-1.2639272212982176 2.1975584030151372 -1.3285615444183347 -1.2959194183349607 -1.1096524000167844 -1.5314902067184446 -1.1921246647834776 -0.6272447109222411 -0.37603372335433954 -0.23287698626518247 1.2172593474388125 -1.0456510782241819 -1.0787699818611143 -1.2059553265571592
decision_type=2 2 2 2 2 2 2 2 2 2 2 2 2 2
left_child=1 8 3 -2 11 6 -4 -6 9 10 -1 -5 -7 -14
right_child=2 -3 5 4 7 12 -8 -9 -10 -11 -12 -13 13 -15
leaf_value=-1.9759378099630378e-06 -4.5761363206588447e-07 -4.2475097688454591e-05 -3.2617273719181309e-05 4.0325027623750073e-05 -1.2890977676024386e-05 -3.2430922293957973e-06 8.9264382920454528e-06 1.7085089005052948e-05 1.7199319370629713e-05 -3.923979841277545e-05 1.0041861112279832e-05 1.8205276469803305e-05 2.6986572459817528e-05 1.5134415807362278e-07
leaf_weight=51502 13143 470 1278 1384 1031 29298 642 1247 1174 569 2958 1742 1447 637815
leaf_count=51502 13143 470 1278 1384 1031 29298 642 1247 1174 569 2958 1742 1447 637815
internal_value=0 -1.66242e-06 1.3675e-07 4.82994e-06 1.7693e-05 6.87436e-09 -1.87131e-05 3.50535e-06 -1.31984e-06 -1.71578e-06 -1.32247e-06 2.80179e-05 6.07079e-08 2.12176e-07
internal_weight=745700 56673 689027 18547 5404 670480 1920 2278 56203 55029 54460 3126 668560 639262
internal_count=745700 56673 689027 18547 5404 670480 1920 2278 56203 55029 54460 3126 668560 639262
is_linear=0
shrinkage=0.03


Tree=126
num_leaves=15
num_cat=0
split_feature=61 61 143 63 127 21 173 189 14 173 7 62 118 127
split_gain=0.000184102 0.000377 0.000528447 0.000870717 0.000824296 0.00124104 0.000774423 0.000673487 0.000516528 0.000355005 0.000288981 0.000375953 0.000222737 0.000709394
threshold=-1.4022988080978391 -1.1252395510673521 -1.1368162631988523 0.47465397417545324 -1.1438471078872678 -1.4192717671394346 -0.64159625768661488 -0.30338750779628748 -1.0716115832328794 -2.736513495445251 -0.836958348751068 -1.899711489677429 -1.0558870434761045 -0.66730090975761402
decision_type=2 2 2 2 2 2 2 2 2 2 2 2 2 2
left_child=10 9 3 8 7 -6 -5 -4 -3 -2 -1 -12 -11 -14
right_child=1 2 4 6 5 -7 -8 -9 -10 12 11 -13 13 -15
leaf_value=6.6960171644407561e-06 1.3612134398440744e-05 4.4381702892115586e-06 -4.439241203485855e-06 1.5489673210073449e-05 1.8017211859658167e-05 3.2973417586467875e-08 6.7906536910212738e-05 -2.5672321796902927e-05 -9.4410191589529918e-06 -2.3594532083396688e-06 -7.3535907082318828e-06 2.1132835696211746e-05 -1.6611568889937203e-05 3.1660225491956271e-06
leaf_weight=8470 1131 20913 19684 1440 3471 644843 308 1443 2726 31000 3076 481 3924 2790
leaf_count=8470 1131 20913 19684 1440 3471 644843 308 1443 2726 31000 3076 481 3924 2790
internal_value=0 -6.0342e-08 1.00412e-07 4.34883e-06 -6.06607e-08 1.29333e-07 2.47763e-05 -5.89205e-06 2.83605e-06 -2.93648e-06 3.68149e-06 -3.48819e-06 -3.4339e-06 -8.38928e-06
internal_weight=745700 733673 694828 25387 669441 648314 1748 21127 23639 38845 12027 3557 37714 6714
internal_count=745700 733673 694828 25387 669441 648314 1748 21127 23639 38845 12027 3557 37714 6714
is_linear=0
shrinkage=0.03


Tree=127
num_leaves=15
num_cat=0
split_feature=167 171 196 129 172 173 173 172 79 164 121 76 79 61
split_gain=0.000184086 0.000538705 0.000944045 0.00066568 0.000513277 0.000444265 0.000441046 0.000677437 0.000551739 0.000499471 0.000413377 0.000346592 0.000343325 0.000318982
threshold=0.73915195465087902 0.20850943028926852 0.26406916975975042 -0.68808916211128224 3.846737384796143 2.0442004203796391 2.0442004203796391 4.1899755001068124 0.28655277192592626 3.5450330972671513 2.6172056198120122 0.39835008978843695 0.39464762806892401 -0.44450931251049036
decision_type=2 2 2 2 2 2 2 2 2 2 2 2 2 2
left_child=4 2 5 -4 13 11 7 9 -8 -3 -10 -2 -9 -1
right_child=1 6 3 -5 -6 -7 8 12 10 -11 -12 -13 -14 -15
leaf_value=-7.9852455560773215e-07 2.2620757703571577e-06 -1.0607113355986333e-06 -5.246467061810209e-05 -1.3321645469619734e-05 2.6010604237153961e-05 -4.004035558048015e-05 5.0969770829568177e-05 -8.087489719510216e-06 6.2601219913380511e-06 3.3766215076794917e-05 -7.671287620641398e-06 -1.41580719756956e-05 -3.7876687491096056e-05 6.4786371382760535e-07
leaf_weight=203346 4747 96375 649 991 692 284 226 757 10776 371 2329 1528 650 421979
leaf_count=203346 4747 96375 649 991 692 284 226 757 10776 371 2329 1528 650 421979
internal_value=0 -1.07799e-06 -8.49951e-06 -2.88526e-05 2.06118e-07 -3.40226e-06 -5.31845e-07 -1.2275e-06 4.58756e-06 -9.265e-07 3.78157e-06 -1.73317e-06 -2.18878e-05 1.77472e-07
internal_weight=745700 119683 8199 1640 626017 6559 111484 98153 13331 96746 13105 6275 1407 625325
internal_count=745700 119683 8199 1640 626017 6559 111484 98153 13331 96746 13105 6275 1407 625325
is_linear=0
shrinkage=0.03


Tree=128
num_leaves=15
num_cat=0
split_feature=79 166 130 73 79 171 63 131 39 119 63 77 1 63
split_gain=0.000182831 0.000361053 0.000279715 0.000401936 0.000336189 0.000326368 0.000219244 0.000201173 0.000194237 0.000149567 0.000129146 0.000161092 0.000128291 0.000121279
threshold=-3.3499958515167232 -3.0651777982711788 -2.3106610774993892 -2.1248742341995235 -2.5378321409225459 -0.84376385807991017 -0.18591478466987607 -2.2155568599700923 -1.0250817537307737 0.57079604268074047 -0.66516640782356251 -0.041324047371745103 -2.1644791364669795 -0.71545162796974171
decision_type=2 2 2 2 2 2 2 2 2 2 2 2 2 2
left_child=9 8 6 5 -5 -4 7 -3 -2 10 -1 12 -12 -10
right_child=1 2 3 4 -6 -7 -8 -9 13 -11 11 -13 -14 -15
leaf_value=2.1588126758434448e-05 -3.7568645537834047e-05 -1.3763831122913022e-05 1.8942226272941572e-05 7.5743978995226642e-06 -5.1767985366167072e-08 4.9943048696283557e-07 9.222358992461557e-06 2.5914585430019886e-06 -1.7773262641394138e-05 3.2293922984637711e-05 -2.1049436135637528e-05 1.061999354845338e-05 9.3649760735441992e-07 -2.6096989540275667e-06
leaf_weight=389 241 3010 1830 5239 727164 1641 610 869 823 200 315 1266 969 1134
leaf_count=389 241 3010 1830 5239 727164 1641 610 869 823 200 315 1266 969 1134
internal_value=0 -3.05335e-08 5.47811e-09 5.10674e-08 2.75255e-09 1.02342e-05 -7.45957e-06 -1.00924e-05 -1.21686e-05 7.22381e-06 5.49717e-06 3.02325e-06 -4.44608e-06 -9.00775e-06
internal_weight=745700 742561 740363 735874 732403 3471 4489 3879 2198 3139 2939 2550 1284 1957
internal_count=745700 742561 740363 735874 732403 3471 4489 3879 2198 3139 2939 2550 1284 1957
is_linear=0
shrinkage=0.03


Tree=129
num_leaves=15
num_cat=0
split_feature=172 173 78 173 118 9 23 56 150 138 172 136 9 142
split_gain=0.000182451 0.000812758 0.000436928 0.00091882 0.000576619 0.000477777 0.000434355 0.000858011 0.000545081 0.00041912 0.00105695 0.00208239 0.00103554 0.000586732
threshold=-1.2639272212982176 2.1975584030151372 -1.3544611930847166 -0.78766548633575428 0.37101723253726965 -0.21185008436441419 -0.40963442623615259 -0.18441566824913022 -1.0478602051734922 -1.0787699818611143 -1.2059553265571592 -0.7068505287170409 -0.51539811491966236 -1.1612269282341001
decision_type=2 2 2 2 2 2 2 2 2 2 2 2 2 2
left_child=1 6 3 4 5 -2 7 8 -1 12 11 -11 13 -4
right_child=2 -3 9 -5 -6 -7 -8 -9 -10 10 -12 -13 -14 -15
leaf_value=1.8831203447374099e-07 5.3692872321140037e-07 -4.0882882256345203e-05 1.0793095519016482e-06 1.7502714277735946e-05 4.3052467934843618e-05 -4.0419281928270199e-05 1.3437597344590166e-05 -5.6682970715960593e-05 -6.8152571105551067e-06 7.9235410573502994e-05 1.4669006925150789e-07 6.2252095061927939e-07 -4.4091301342343861e-05 -6.5446495780595126e-06
leaf_weight=40982 10105 470 19536 4007 280 262 1741 254 13226 451 635945 924 545 16972
leaf_count=40982 10105 470 19536 4007 280 262 1741 254 13226 451 635945 924 545 16972
internal_value=0 -1.63619e-06 1.34598e-07 5.25927e-06 6.47415e-07 -4.99042e-07 -1.30673e-06 -1.77886e-06 -1.52e-06 2.31881e-08 2.03566e-07 2.64682e-05 -3.07847e-06 -2.46421e-06
internal_weight=745700 56673 689027 14654 10647 10367 56203 54462 54208 674373 637320 1375 37053 36508
internal_count=745700 56673 689027 14654 10647 10367 56203 54462 54208 674373 637320 1375 37053 36508
is_linear=0
shrinkage=0.03


Tree=130
num_leaves=15
num_cat=0
split_feature=63 83 131 24 172 130 129 76 119 9 186 76 78 172
split_gain=0.000179133 0.000223858 0.000922729 0.00138633 0.00127843 0.000744863 0.00180656 0.000832772 0.000526913 0.00108796 0.000608934 0.000559772 0.000408755 0.000211993
threshold=-1.0872430801391599 -0.75865092873573292 -0.73187428712844838 0.35511432588100439 -1.3032866120338438 -0.84775367379188526 -0.88441595435142506 -0.17320933192968366 -0.90051528811454762 -0.53913086652755726 -0.58318257331848133 -2.2963376045227046 -2.4790151119232173 -0.12328584492206572
decision_type=2 2 2 2 2 2 2 2 2 2 2 2 2 2
left_child=13 8 3 4 -3 7 -7 -4 9 10 -2 -10 -13 -1
right_child=1 2 5 -5 -6 6 -8 -9 11 -11 -12 12 -14 -15
leaf_value=-4.7393238398984354e-06 7.6426930624752881e-06 -1.0091519686090629e-05 2.547145976067321e-06 -5.5835310915586838e-05 1.1673485455210564e-05 7.7364246824936073e-05 3.1529512548470987e-08 -4.0595983897033399e-05 -2.9096793475921911e-05 -4.9282085743051636e-05 -5.7285527664303493e-07 9.1852831371716886e-06 -4.5902976439005061e-06 1.2652253976119536e-05
leaf_weight=904 8928 2911 757 310 14606 271 589653 856 802 401 89565 2063 31606 2067
leaf_count=904 8928 2911 757 310 14606 271 589653 856 802 401 89565 2063 31606 2067
internal_value=0 -2.93944e-08 2.1422e-07 6.93871e-06 8.05446e-06 1.15032e-08 6.72366e-08 -2.03408e-05 -1.14272e-06 -2.91031e-08 1.71617e-07 -4.33662e-06 -3.74509e-06 7.35053e-06
internal_weight=745700 742729 609364 17827 17517 591537 589924 1613 133365 98894 98493 34471 33669 2971
internal_count=745700 742729 609364 17827 17517 591537 589924 1613 133365 98894 98493 34471 33669 2971
is_linear=0
shrinkage=0.03


Tree=131
num_leaves=15
num_cat=0
split_feature=83 26 131 48 61 79 67 167 171 52 83 79 1 57
split_gain=0.000178039 0.000772071 0.000420304 0.000342479 0.000265133 0.00119116 0.000767698 0.000194814 0.000193398 0.000277289 0.000141706 0.000123521 0.000121949 7.11551e-05
threshold=3.5221138000488286 3.3181452751159672 3.2953252792358403 3.6536045074462895 1.8781561851501467 -0.55616453289985646 1.6679926514625552 -1.8721179962158201 1.1476560831069949 3.3127286434173588 3.4207404851913457 0.55778861045837413 3.42113208770752 3.2457174062728886
decision_type=2 2 2 2 2 2 2 2 2 2 2 2 2 2
left_child=2 -2 3 4 6 -6 -1 12 9 -9 13 -10 -3 -4
right_child=1 7 10 -5 5 -7 -8 8 11 -11 -12 -13 -14 -15
leaf_value=8.5772106920017908e-08 -4.8436858178976221e-05 3.1249539643832589e-05 1.504493124671679e-05 -2.4656114349910623e-05 2.1997586801322126e-05 -4.7787287429806197e-07 -7.5407700026709129e-06 -2.4440211371624495e-07 1.319391034908508e-05 -1.268207132237e-05 7.8432756705902803e-06 -5.2146708987514727e-06 1.7805515675042477e-06 3.4867212029911264e-05
leaf_weight=710061 341 236 316 505 2702 9866 12080 3630 895 2910 1009 514 276 359
leaf_count=710061 341 236 316 505 2702 9866 12080 3630 895 2910 1009 514 276 359
internal_value=0 -4.24114e-06 5.06785e-08 1.63378e-08 3.33707e-08 4.35312e-06 -4.17737e-08 -2.45089e-06 -3.60991e-06 -5.78427e-06 1.50167e-05 6.45829e-06 1.54568e-05 2.56678e-05
internal_weight=745700 8802 736898 735214 734709 12568 722141 8461 7949 6540 1684 1409 512 675
internal_count=745700 8802 736898 735214 734709 12568 722141 8461 7949 6540 1684 1409 512 675
is_linear=0
shrinkage=0.03


Tree=132
num_leaves=15
num_cat=0
split_feature=165 171 173 172 166 42 154 172 170 73 171 1 172 78
split_gain=0.000173537 0.00065131 0.000586385 0.00116319 0.00100291 0.000572519 0.000547096 0.000505395 0.000446289 0.000436583 0.000408321 0.000344316 0.00027656 0.000940099
threshold=1.4086686968803408 0.10633807629346849 1.2836376428604128 -0.26431815326213831 0.99988195300102245 -0.7553846240043639 1.7431618571281435 3.846737384796143 0.11866347491741182 -1.282241642475128 1.0687282681465151 0.4643636047840119 0.60583278536796581 0.61033412814140331
decision_type=2 2 2 2 2 2 2 2 2 2 2 2 2 2
left_child=7 5 3 4 -3 -2 11 12 -9 -5 -8 -4 -1 -14
right_child=1 2 6 9 -6 -7 10 8 -10 -11 -12 -13 13 -15
leaf_value=3.2520562114161696e-07 3.2938803799702292e-06 -6.4755748245019627e-05 -5.0985983619038768e-07 1.8144365002662387e-05 1.0808546253820047e-05 -4.1266725333079475e-05 2.0723992193584503e-05 4.9970977826030342e-05 9.2609227523276485e-06 -5.2660147423278089e-06 -1.8524700116032918e-05 7.3337535046239803e-06 -6.4748730824175619e-06 1.6517554694377654e-07
leaf_weight=594902 412 529 10444 757 224 694 275 301 1247 13102 1736 9716 24639 86722
leaf_count=594902 412 529 10444 757 224 694 275 301 1247 13102 1736 9716 24639 86722
internal_value=0 -1.97801e-06 -1.29477e-06 -5.96084e-06 -4.22528e-05 -2.46522e-05 1.77923e-06 1.05901e-07 1.72233e-05 -3.98392e-06 -1.3135e-05 3.26901e-06 6.83164e-08 -1.30373e-06
internal_weight=745700 37889 36783 14612 753 1106 22171 707811 1548 13859 2011 20160 706263 111361
internal_count=745700 37889 36783 14612 753 1106 22171 707811 1548 13859 2011 20160 706263 111361
is_linear=0
shrinkage=0.03


Tree=133
num_leaves=15
num_cat=0
split_feature=61 61 143 63 127 21 173 187 172 173 7 62 118 127
split_gain=0.000174941 0.000357668 0.000492434 0.00081987 0.00076067 0.00113553 0.000739389 0.000627813 0.000515713 0.000322751 0.000271118 0.000342267 0.000205191 0.0006695
threshold=-1.4022988080978391 -1.1252395510673521 -1.1368162631988523 0.46875815093517309 -1.1438471078872678 -1.4192717671394346 -0.64159625768661488 -0.4303505271673202 -0.65751242637634266 -2.736513495445251 -0.836958348751068 -1.899711489677429 -1.0558870434761045 -0.66730090975761402
decision_type=2 2 2 2 2 2 2 2 2 2 2 2 2 2
left_child=10 9 3 8 7 -6 -5 -4 -3 -2 -1 -12 -11 -14
right_child=1 2 4 6 5 -7 -8 -9 -10 12 11 -13 13 -15
leaf_value=6.508629310436878e-06 1.2918355842194067e-05 7.3970997108131299e-07 -4.3728593241590537e-06 1.4907207013008867e-05 1.7235399070698867e-05 3.261255518930327e-08 6.5853728437592792e-05 -2.6482514262470046e-05 1.2803776064034583e-05 -2.3032306839870122e-06 -7.0441085723183169e-06 2.0135678252214578e-05 -1.607865697257218e-05 3.1345828198462461e-06
leaf_weight=8470 1131 19744 19900 1531 3471 644843 308 1227 3804 31000 3076 481 3924 2790
leaf_count=8470 1131 19744 19900 1531 3471 644843 308 1227 3804 31000 3076 481 3924 2790
internal_value=0 -5.88162e-08 9.77609e-08 4.19886e-06 -5.77249e-08 1.24787e-07 2.34873e-05 -5.65954e-06 2.6903e-06 -2.86024e-06 3.58873e-06 -3.35563e-06 -3.33455e-06 -8.09086e-06
internal_weight=745700 733673 694828 25387 669441 648314 1839 21127 23548 38845 12027 3557 37714 6714
internal_count=745700 733673 694828 25387 669441 648314 1839 21127 23548 38845 12027 3557 37714 6714
is_linear=0
shrinkage=0.03


Tree=134
num_leaves=15
num_cat=0
split_feature=172 171 154 1 139 83 76 131 82 38 78 3 163 57
split_gain=0.000173625 0.00077333 0.000386481 0.000535483 0.000442948 0.00035431 0.000363903 0.000320792 0.000320736 0.000531856 0.000295358 0.00105729 0.000646901 0.000211305
threshold=-1.8286224603652952 -1.0000000180025095e-35 -1.4301942586898801 -1.0408728718757627 -1.329028785228729 -2.1705052852630611 -2.6760432720184322 -2.1440194845199581 -1.0245318412780759 -1.0237351655960081 -0.75390407443046559 -0.3001651912927627 -1.5673664808273313 -2.0513238906860347
decision_type=2 2 2 2 2 2 2 2 2 2 2 2 2 2
left_child=1 2 3 4 -1 7 13 -2 9 -4 11 -8 -12 -7
right_child=5 -3 8 -5 -6 6 10 -9 -10 -11 12 -13 -14 -15
leaf_value=-2.2469737483474642e-06 5.4951982393628473e-06 -3.2542203092779588e-05 -9.3988051572613881e-06 1.8673992082469079e-05 1.4618697079432052e-05 -5.7835422463656022e-06 1.8287121416959768e-07 3.04956732948236e-05 1.8546458507816841e-07 -4.2745547727742906e-05 -2.0737914681362998e-05 8.4021214988222202e-06 -1.2990139003738507e-07 -3.7837365325858707e-05
leaf_weight=18517 2208 742 2465 1331 1515 398 82585 585 2032 522 1373 16983 614094 350
leaf_count=18517 2208 742 2465 1331 1515 398 82585 585 2032 522 1373 16983 614094 350
internal_value=0 -2.35609e-06 -1.50476e-06 2.5399e-07 -9.69276e-07 8.89666e-08 4.73048e-08 1.07514e-05 -8.99528e-06 -1.52488e-05 6.92392e-08 1.58517e-06 -1.75957e-07 -2.08525e-05
internal_weight=745700 27124 26382 21363 20032 718576 715783 2793 5019 2987 715035 99568 615467 748
internal_count=745700 27124 26382 21363 20032 718576 715783 2793 5019 2987 715035 99568 615467 748
is_linear=0
shrinkage=0.03


Tree=135
num_leaves=15
num_cat=0
split_feature=83 26 14 82 13 79 131 67 121 63 79 91 119 62
split_gain=0.000168852 0.000726256 0.000396451 0.000984659 0.000510483 0.00111707 0.000659802 0.000591214 0.000611423 0.000512059 0.000488992 0.000442199 0.000421201 0.000396168
threshold=3.5221138000488286 3.3181452751159672 2.7440873384475712 3.3190172910690312 1.7437629103660586 -0.47102071344852442 0.6049230992794038 1.7764858007431032 3.6844748258590703 1.7692593336105349 0.31422795355319982 3.2750010490417485 3.1505904197692876 -0.010257592424750326
decision_type=2 2 2 2 2 2 2 2 2 2 2 2 2 2
left_child=2 -2 4 13 7 12 -7 9 -9 -1 -5 -12 -6 -4
right_child=1 -3 3 10 5 6 -8 8 -10 -11 11 -13 -14 -15
leaf_value=5.4326078877584027e-08 -4.6994818348747475e-05 -2.3938205121218924e-06 5.3011162764315729e-05 1.7146871892370214e-05 -1.0031985732546314e-05 2.6895227540377923e-05 -1.5279086361470794e-05 1.5931285151147974e-05 -2.3421697889928398e-05 -1.6124380412482216e-05 -5.2663920873942381e-05 -7.0381352688737061e-06 1.6246998032076321e-05 1.5833196876560074e-05
leaf_weight=715136 341 8461 283 718 747 350 6692 3424 395 1764 209 2180 2052 2948
leaf_count=715136 341 8461 283 718 747 350 6692 3424 395 1764 209 2180 2052 2948
internal_value=0 -4.13027e-06 4.93629e-08 7.51953e-06 -1.54139e-08 -6.80162e-06 -1.31752e-05 7.72154e-08 1.18481e-05 1.44526e-08 -4.53056e-06 -1.10626e-05 9.22184e-06 1.91143e-05
internal_weight=745700 8802 736898 6338 730560 9841 7042 720719 3819 716900 3107 2389 2799 3231
internal_count=745700 8802 736898 6338 730560 9841 7042 720719 3819 716900 3107 2389 2799 3231
is_linear=0
shrinkage=0.03


Tree=136
num_leaves=15
num_cat=0
split_feature=3 119 74 1 79 61 77 164 171 173 172 53 170 76
split_gain=0.000167177 0.000324455 0.000530626 0.00060402 0.000356826 0.000318636 0.000249633 0.000186276 0.00107443 0.000511921 0.00048364 0.000408888 0.000385639 0.000287538
threshold=-1.9346879124641416 -1.9730627536773679 -2.0491666793823238 -1.7674584984779356 -0.50560030341148365 -1.0539154410362241 0.25861278176307684 1.2637200355529787 0.12537994980812076 1.2438406944274905 3.846737384796143 0.35671108961105352 0.11259387060999872 -2.4132760763168331
decision_type=2 2 2 2 2 2 2 2 2 2 2 2 2 2
left_child=5 2 6 4 -4 -1 -2 10 11 -10 13 -9 -12 -3
right_child=1 7 3 -5 -6 -7 -8 8 9 -11 12 -13 -14 -15
leaf_value=3.1526088672942243e-06 4.2556543428266003e-06 6.2746131534216689e-06 -1.001275992217718e-05 2.25770869893566e-05 -3.2316502472333869e-05 3.0890166107872788e-05 -2.9003656661578083e-05 -1.7827080930552784e-05 -4.8966399021612081e-06 1.6127201654977884e-06 4.8322810145675394e-05 -5.5313638533680057e-05 9.5428650047456349e-06 4.3844509623097446e-08
leaf_weight=5375 2779 6731 1324 321 1271 400 218 856 18487 26391 295 380 1066 679806
leaf_count=5375 2779 6731 1324 321 1271 400 218 856 18487 26391 295 380 1066 679806
internal_value=0 -3.96674e-08 -7.03834e-06 -1.6148e-05 -2.09567e-05 5.08403e-06 1.81752e-06 1.66807e-08 -1.82909e-06 -1.06812e-06 1.4046e-07 -2.94117e-05 1.79998e-05 1.04985e-07
internal_weight=745700 739925 5913 2916 2595 5775 2997 734012 46114 44878 687898 1236 1361 686537
internal_count=745700 739925 5913 2916 2595 5775 2997 734012 46114 44878 687898 1236 1361 686537
is_linear=0
shrinkage=0.03


Tree=137
num_leaves=15
num_cat=0
split_feature=78 127 173 173 60 83 164 127 9 90 76 197 74 172
split_gain=0.000167531 0.00039552 0.000291676 0.000198734 0.000175809 0.000911889 0.000877259 0.000563438 0.00088961 0.000221085 0.000170817 0.000158494 0.00014753 0.000168259
threshold=4.1701371669769296 3.9722924232482915 3.7126120328903203 -0.12067117169499396 0.28952124714851385 -0.0581432357430458 -1.9815109372138975 0.97123366594314586 0.99526309967041027 0.31709684431552893 0.245393842458725 0.61306923627853405 3.6479184627532963 3.846737384796143
decision_type=2 2 2 2 2 2 2 2 2 2 2 2 2 2
left_child=2 3 4 -2 7 10 -7 8 -1 -9 -6 -4 13 -5
right_child=1 -3 11 12 5 6 -8 9 -10 -11 -12 -13 -14 -15
leaf_value=-3.1928706831840768e-07 1.6530664248695838e-05 1.9259711324118328e-05 3.5564366726870544e-05 -7.0523876869599044e-06 1.4065070755645119e-05 2.3893740016248386e-05 3.7066439863009995e-07 -3.9541686690306939e-06 -5.8703125038852994e-05 3.157986170657511e-05 3.2422330060447325e-05 9.0033702333156443e-06 9.7372436294534933e-06 -2.4613637150467667e-05
leaf_weight=511530 200 428 261 873 1205 1435 225636 202 234 690 746 916 202 1142
leaf_count=511530 200 428 261 873 1205 1435 225636 202 234 690 746 916 202 1142
internal_value=0 -7.26473e-06 2.78539e-08 -1.19801e-05 4.12239e-09 6.9521e-07 5.19558e-07 -3.04553e-07 -3.46156e-07 2.35039e-05 2.11127e-05 1.49439e-05 -1.45719e-05 -1.70274e-05
internal_weight=745700 2845 742855 2417 741678 229022 227071 512656 511764 892 1951 1177 2217 2015
internal_count=745700 2845 742855 2417 741678 229022 227071 512656 511764 892 1951 1177 2217 2015
is_linear=0
shrinkage=0.03


Tree=138
num_leaves=15
num_cat=0
split_feature=63 171 119 155 90 9 2 173 76 60 78 77 3 167
split_gain=0.000167814 0.00023753 0.000228964 0.000801566 0.000778892 0.0017612 0.000706474 0.000526406 0.000447495 0.000433396 0.000418003 0.000410889 0.000366036 0.000360769
threshold=-1.0809720158576963 0.16573919355869296 -0.65954348444938649 -0.32580496370792383 0.28617615997791296 0.39421443641185766 -0.52916240692138661 2.4703285694122319 -1.1331344246864317 -0.14417821913957593 -1.3104538917541502 1.2172593474388125 -0.68452441692352284 -1.7731246948242185
decision_type=2 2 2 2 2 2 2 2 2 2 2 2 2 2
left_child=1 -1 6 4 5 -4 9 -6 -8 11 -5 -2 -11 -12
right_child=2 -3 3 10 7 -7 8 -9 -10 12 13 -13 -14 -15
leaf_value=-7.353322001842484e-07 -7.1561116880677404e-07 9.0816575135110278e-06 2.7750687158049287e-06 -3.9122030167484161e-05 3.740875827268398e-05 -3.5871831741841046e-05 -2.2828122641745506e-05 9.0543405400825442e-06 -1.2797700640274822e-06 -1.7438045496170319e-05 9.9385737314208963e-06 1.2419916697407672e-05 4.0851566172815808e-06 -3.0642118171770267e-07
leaf_weight=4492 141606 4371 88829 248 907 1073 2165 1693 1452 2471 3112 2175 995 490111
leaf_count=4492 141606 4371 88829 248 907 1073 2165 1693 1452 2471 3112 2175 995 490111
internal_value=0 4.10324e-06 -4.93299e-08 2.1896e-07 2.78173e-06 2.31308e-06 -1.09159e-06 1.89678e-05 -1.41888e-05 -7.69571e-07 -2.61379e-07 -5.16614e-07 -1.12512e-05 -2.41699e-07
internal_weight=745700 8863 736837 585973 92502 89902 150864 2600 3617 147247 493471 143781 3466 493223
internal_count=745700 8863 736837 585973 92502 89902 150864 2600 3617 147247 493471 143781 3466 493223
is_linear=0
shrinkage=0.03


Tree=139
num_leaves=15
num_cat=0
split_feature=172 173 19 75 83 13 81 77 79 65 73 77 139 172
split_gain=0.000167138 0.000734459 0.000406325 0.00124503 0.00080006 0.000629148 0.000711274 0.000514038 0.000398381 0.00038101 0.000818466 0.000380519 0.000343003 0.000379455
threshold=-1.2639272212982176 2.1975584030151372 -1.3285615444183347 -1.2959194183349607 -1.1096524000167844 -1.5314902067184446 -1.1921246647834776 -0.6272447109222411 -1.0456510782241819 -0.37603372335433954 -0.23287698626518247 1.2172593474388125 -1.329028785228729 -0.45137600600719446
decision_type=2 2 2 2 2 2 2 2 2 2 2 2 2 2
left_child=1 9 3 12 8 6 -4 -6 -5 10 11 -1 13 -2
right_child=2 -3 5 4 7 -7 -8 -9 -10 -11 -12 -13 -14 -15
leaf_value=-1.8408325144418842e-06 2.5627408273754304e-06 -3.8874484925140821e-05 -3.0075510493363547e-05 3.851277777666195e-05 -1.2559774758618739e-05 5.6927615621595021e-08 8.5813386124068394e-06 1.605275434175011e-05 1.6889963781118684e-05 1.5648612851006061e-05 -3.7378158210289637e-05 9.2208498885306403e-06 2.2140539419015665e-05 -8.1758284157741915e-06
leaf_weight=51502 7794 470 1278 1384 1031 668560 642 1247 1742 1174 569 2958 576 4773
leaf_count=51502 7794 470 1278 1384 1031 668560 642 1247 1742 1174 569 2958 576 4773
internal_value=0 -1.56601e-06 1.28837e-07 4.50894e-06 1.66293e-05 7.6226e-09 -1.71363e-05 3.09002e-06 2.64821e-05 -1.2528e-06 -1.6142e-06 -1.23931e-06 -4.73201e-07 -1.51375e-06
internal_weight=745700 56673 689027 18547 5404 670480 1920 2278 3126 56203 55029 54460 13143 12567
internal_count=745700 56673 689027 18547 5404 670480 1920 2278 3126 56203 55029 54460 13143 12567
is_linear=0
shrinkage=0.03


Tree=140
num_leaves=15
num_cat=0
split_feature=77 60 164 83 173 127 79 119 119 6 129 42 76 27
split_gain=0.000166197 0.000188094 0.000925667 0.000815325 0.000488316 0.000483214 0.000795913 0.000565144 0.000299005 0.000229386 0.000340487 0.000205149 0.00015809 8.4716e-05
threshold=5.1468193531036386 0.28952124714851385 -1.9815109372138975 -0.0581432357430458 -1.3333323597908018 0.93183872103691112 3.0954241752624516 0.15161947160959247 0.43308773636817938 0.22900091856718066 0.78654062747955333 0.40463660657405859 0.245393842458725 1.5055060982704165
decision_type=2 2 2 2 2 2 2 2 2 2 2 2 2 2
left_child=1 5 8 12 -5 6 7 -1 -3 -7 -11 -8 -4 -10
right_child=-2 2 3 4 -6 9 11 -9 13 10 -12 -13 -14 -15
leaf_value=1.1746682991853274e-07 -7.0920931862932266e-06 -5.4300477258220776e-06 1.3126771822966729e-05 8.5459157352336852e-06 1.9554089737952694e-07 4.7255592932947567e-05 -2.0119280397211799e-05 -2.7575952906536606e-06 4.57466522399395e-05 2.5375560818196707e-06 4.0299608064361776e-05 -5.4151756972060674e-05 3.0787284602868543e-05 2.7077152300305849e-05
leaf_weight=439107 2961 215 1205 6488 220078 202 803 71557 340 822 291 201 746 684
leaf_count=439107 2961 215 1205 6488 220078 202 803 71557 340 822 291 201 746 684
internal_value=0 2.83131e-08 7.41707e-07 6.013e-07 4.34833e-07 -2.91146e-07 -3.37898e-07 -2.85348e-07 2.65924e-05 1.78638e-05 1.24649e-05 -2.70095e-05 1.99073e-05 3.33439e-05
internal_weight=745700 742739 229756 228517 226566 512983 511668 510664 1239 1315 1113 1004 1951 1024
internal_count=745700 742739 229756 228517 226566 512983 511668 510664 1239 1315 1113 1004 1951 1024
is_linear=0
shrinkage=0.03


Tree=141
num_leaves=15
num_cat=0
split_feature=61 61 143 63 126 127 137 79 14 173 78 62 118 127
split_gain=0.000165543 0.000323787 0.000469892 0.000746439 0.00070274 0.000702108 0.00102335 0.000613489 0.000478071 0.000303887 0.000258789 0.000299781 0.00018751 0.000616983
threshold=-1.4022988080978391 -1.1252395510673521 -1.1368162631988523 0.46875815093517309 -1.4707164168357847 -1.1438471078872678 -1.4583562016487119 -1.4090766310691831 -1.0716115832328794 -2.736513495445251 0.39513476192951208 -1.899711489677429 -1.0558870434761045 -0.66730090975761402
decision_type=2 2 2 2 2 2 2 2 2 2 2 2 2 2
left_child=10 9 3 8 -5 7 -7 -4 -3 -2 -1 -12 -11 -14
right_child=1 2 5 4 -6 6 -8 -9 -10 12 11 -13 13 -15
leaf_value=6.6601794785270701e-06 1.2587849660699569e-05 4.2061426091876306e-06 -1.7264430068538213e-07 1.423505314964476e-05 6.4294030937794974e-05 1.7075831667143127e-05 3.143523589513734e-08 -1.0404309269894529e-05 -9.1497110475767208e-06 -2.1969520351746667e-06 -5.6621982648574898e-06 1.8969946085046867e-05 -1.539791496404368e-05 3.0460947632112429e-06
leaf_weight=7921 1131 20822 10250 1537 302 3185 645129 10877 2726 31000 3600 506 3924 2790
leaf_count=7921 1131 20822 10250 1537 302 3185 645129 10877 2726 31000 3600 506 3924 2790
internal_value=1.44386e-13 -5.71916e-08 9.17829e-08 4.09791e-06 2.25025e-05 -6.01015e-08 1.15242e-07 -5.44197e-06 2.65842e-06 -2.72263e-06 3.49103e-06 -2.61549e-06 -3.18289e-06 -7.72973e-06
internal_weight=745700 733673 694828 25387 1839 669441 648314 21127 23548 38845 12027 4106 37714 6714
internal_count=745700 733673 694828 25387 1839 669441 648314 21127 23548 38845 12027 4106 37714 6714
is_linear=0
shrinkage=0.03


Tree=142
num_leaves=15
num_cat=0
split_feature=172 171 154 155 79 83 76 166 167 82 38 131 126 77
split_gain=0.000165366 0.000721403 0.000354053 0.000476143 0.000617204 0.000332075 0.000326823 0.000301738 0.000431332 0.000301555 0.000503877 0.000301036 0.000272564 0.00023077
threshold=-1.8286224603652952 -0.008322758134454487 -1.4301942586898801 -1.5928447842597959 -1.0926871895790098 -2.1705052852630611 -2.6760432720184322 -3.0651777982711788 -2.4618319272994991 -1.0245318412780759 -1.0237351655960081 -2.1440194845199581 -1.4707164168357847 0.72176098823547374
decision_type=2 2 2 2 2 2 2 2 2 2 2 2 2 2
left_child=1 2 3 4 -1 11 -7 12 -9 10 -4 -2 -8 -5
right_child=5 -3 9 13 -6 6 7 8 -10 -11 -12 -13 -14 -15
leaf_value=2.5609019750533296e-06 5.3170074319399792e-06 -3.0697143149692906e-05 -8.9926203788478106e-06 9.1821081345747656e-07 -1.0033471730996373e-05 -1.9759916778473823e-05 -3.3508468554001098e-05 9.3078712850568581e-06 4.5406007401032674e-08 3.0478936356559565e-07 -4.1450751782910248e-05 2.9536274669671254e-05 -6.0738275907399024e-06 1.1750524381560526e-05
leaf_weight=8016 2208 781 2465 3401 6214 748 382 4553 707871 2020 522 585 2229 3705
leaf_count=8016 2208 781 2465 3401 6214 748 382 4553 707871 2020 522 585 2229 3705
internal_value=6.49861e-12 -2.29935e-06 -1.45516e-06 2.28426e-07 -2.93706e-06 8.68448e-08 4.651e-08 6.72991e-08 1.04656e-07 -8.6339e-06 -1.46869e-05 1.04093e-05 -1.01104e-05 6.57115e-06
internal_weight=745700 27124 26343 21336 14230 718576 715783 715035 712424 5007 2987 2793 2611 7106
internal_count=745700 27124 26343 21336 14230 718576 715783 715035 712424 5007 2987 2793 2611 7106
is_linear=0
shrinkage=0.03


Tree=143
num_leaves=15
num_cat=0
split_feature=165 62 62 154 118 79 87 172 170 120 83 26 14 147
split_gain=0.00016356 0.000635044 0.00129781 0.000532012 0.000507202 0.000323545 0.000311479 0.000287784 0.00048479 0.000273092 0.000217616 0.000659387 0.000657356 0.000789401
threshold=1.7924674153327944 -0.27293337881565088 -0.35433904826641077 1.8485062718391421 0.23379629850387576 -0.7790691852569579 0.69634464383125316 3.846737384796143 0.11866347491741182 1.2055724263191225 3.5221138000488286 3.3181452751159672 2.7440873384475712 3.408056497573853
decision_type=2 2 2 2 2 2 2 2 2 2 2 2 2 2
left_child=7 2 3 4 -2 -3 -4 10 -9 -7 12 -12 -1 -14
right_child=1 5 6 -5 -6 9 -8 8 -10 -11 11 -13 13 -15
leaf_value=2.5211966196649277e-08 -6.4494555177118661e-06 2.9357030403786771e-05 -7.3741803907891683e-05 -2.1486163113352934e-05 7.5060142435706587e-06 4.8853039364845887e-06 -3.1617464023648918e-05 4.4170698698390695e-05 4.9167272780870868e-06 -7.1935414154663245e-06 -4.5602179472666547e-05 -3.035125456354576e-06 2.3106376585651476e-05 -4.5929909817820027e-07
leaf_weight=706853 7867 409 243 1470 3336 7396 470 334 1850 2179 341 7831 2450 2671
leaf_count=706853 7867 409 243 1470 3336 7396 470 334 1850 2179 341 7831 2450 2671
internal_value=2.67741e-12 -2.47001e-06 -6.74144e-06 -4.52129e-06 -2.29086e-06 3.25399e-06 -4.60992e-05 7.99615e-08 1.09511e-05 2.1329e-06 4.69357e-08 -4.82039e-06 1.02851e-07 1.08115e-05
internal_weight=745700 23370 13386 12673 11203 9984 713 722330 2184 9575 720146 8172 711974 5121
internal_count=745700 23370 13386 12673 11203 9984 713 722330 2184 9575 720146 8172 711974 5121
is_linear=0
shrinkage=0.03


Tree=144
num_leaves=15
num_cat=0
split_feature=51 2 8 173 164 117 141 1 166 129 77 125 126 39
split_gain=0.00016228 0.00176337 0.000787823 0.000532854 0.000462076 0.000409135 0.000336239 0.000565221 0.000453011 0.000330195 0.000544268 0.000255687 0.000163009 0.000154387
threshold=1.5305743217468264 1.4148674607276919 1.1964814066886904 -2.1688030958175655 -1.9815109372138975 1.4454474449157717 1.5342608690261843 1.4263151884078982 0.67752480506896984 1.3417263627052309 1.2113350033760073 1.3542267680168154 1.5811928510665896 1.4521455168724062
decision_type=2 2 2 2 2 2 2 2 2 2 2 2 2 2
left_child=1 5 -3 -2 -5 9 7 -6 -8 11 -11 -1 -4 -14
right_child=3 2 12 4 6 -7 8 -9 -10 10 -12 -13 13 -15
leaf_value=-2.7941511215901078e-08 3.5525015570019601e-05 4.8156935866357193e-05 1.7500294432403062e-05 2.0492257052798511e-05 2.6982026677189784e-06 -2.9379014790148819e-05 2.205461139407913e-07 -1.700481247495157e-05 -7.9760549798262248e-06 2.1230879663471945e-05 -4.6583442061961649e-07 -1.1964086244684918e-05 1.3687150471852632e-05 -3.2620891041714144e-06
leaf_weight=690045 341 648 2841 801 2131 426 29547 3391 7634 1739 2582 1618 1095 861
leaf_count=690045 341 648 2841 801 2131 426 29547 3391 7634 1739 2582 1618 1095 861
internal_value=0 1.10652e-07 1.71151e-05 -1.7706e-06 -2.06444e-06 -2.22816e-08 -2.48872e-06 -9.39666e-06 -1.46174e-06 -4.22754e-09 8.26203e-06 -5.59242e-08 1.29064e-05 6.21318e-06
internal_weight=745700 701855 5445 43845 43504 696410 42703 5522 37181 695984 4321 691663 4797 1956
internal_count=745700 701855 5445 43845 43504 696410 42703 5522 37181 695984 4321 691663 4797 1956
is_linear=0
shrinkage=0.03


Tree=145
num_leaves=15
num_cat=0
split_feature=172 166 173 173 62 79 76 62 62 60 79 79 165 173
split_gain=0.000160281 0.000416503 0.000625284 0.000725914 0.000536405 0.000492927 0.000530827 0.000872908 0.000631007 0.000401915 0.000401816 0.000341894 0.000298484 0.000884179
threshold=-0.0067903839517384759 -0.33192925155162806 -1.3790289759635923 -0.72882455587387074 -0.64869427680969227 0.33576323091983801 -1.4816664457321165 -1.0136144757270811 -0.033547354862093919 -0.33052845299243921 -1.2055026888847349 -0.98414587974548329 1.5348026752471926 1.0641966462135317
decision_type=2 2 2 2 2 2 2 2 2 2 2 2 2 2
left_child=12 5 4 11 -3 6 8 -8 -2 -6 -5 -4 -1 -14
right_child=1 2 3 10 9 -7 7 -9 -10 -11 -12 -13 13 -15
leaf_value=5.9851479601742914e-07 4.1379726103760373e-06 -2.0858058310316532e-05 7.7911201601120016e-07 2.0799968548721455e-05 6.0689293375251367e-05 -2.6568237771792283e-05 -1.2465027176452144e-05 -1.6771749672430107e-06 4.8519454181962812e-05 1.74009377928077e-05 1.5535341271248329e-07 -1.5813635328595044e-05 -2.6480858699479538e-05 -4.6726201057646633e-07
leaf_weight=342639 6465 293 1581 850 221 738 7383 78883 301 1540 293338 3784 1449 6235
leaf_count=342639 6465 293 1581 850 221 738 7383 78883 301 1540 293338 3784 1449 6235
internal_value=8.03055e-13 -4.13967e-07 1.28861e-07 1.5623e-08 1.66207e-05 -2.16025e-06 -1.96602e-06 -2.60093e-06 6.12369e-06 2.28819e-05 2.15175e-07 -1.09191e-05 4.67293e-07 -5.37945e-06
internal_weight=745700 395377 301607 299553 2054 93770 93032 86266 6766 1761 294188 5365 350323 7684
internal_count=745700 395377 301607 299553 2054 93770 93032 86266 6766 1761 294188 5365 350323 7684
is_linear=0
shrinkage=0.03


Tree=146
num_leaves=15
num_cat=0
split_feature=172 173 19 75 83 13 81 77 79 150 62 139 151 79
split_gain=0.000160449 0.000687579 0.000375171 0.00115515 0.000742283 0.000578731 0.000655759 0.00047013 0.000376071 0.000342697 0.00113078 0.000711659 0.00070345 0.000561238
threshold=-1.2639272212982176 2.1975584030151372 -1.3285615444183347 -1.2959194183349607 -1.1096524000167844 -1.5314902067184446 -1.1921246647834776 -0.6272447109222411 -1.0456510782241819 -1.0478602051734922 -0.29936802387237543 -0.90420523285865773 -1.1910910010337827 1.3901669383049013
decision_type=2 2 2 2 2 2 2 2 2 2 2 2 2 2
left_child=1 9 3 -2 8 6 -4 -6 -5 12 11 -11 13 -1
right_child=2 -3 5 4 7 -7 -8 -9 -10 10 -12 -13 -14 -15
leaf_value=-1.6733306329160112e-06 -4.6378558484424295e-07 -3.7632617521222371e-05 -2.8857107950630072e-05 3.7189298023427984e-05 -1.1997768884693287e-05 5.7062342813971565e-08 8.2592809744869106e-06 1.5365212288860799e-05 1.6180086805404171e-05 -7.6811603850787478e-06 5.2900999187181784e-06 -2.9319691398540754e-05 1.2068636760684886e-05 2.2973643220973278e-05
leaf_weight=36085 13143 470 1278 1384 1031 668560 642 1247 1742 7721 5836 1664 4047 850
leaf_count=36085 13143 470 1278 1384 1031 668560 642 1247 1742 7721 5836 1664 4047 850
internal_value=2.73411e-12 -1.53434e-06 1.26249e-07 4.33509e-06 1.60098e-05 9.77229e-09 -1.64329e-05 2.96801e-06 2.55002e-05 -1.23127e-06 -5.07508e-06 -1.15237e-05 1.95706e-07 -1.1047e-06
internal_weight=745700 56673 689027 18547 5404 670480 1920 2278 3126 56203 15221 9385 40982 36935
internal_count=745700 56673 689027 18547 5404 670480 1920 2278 3126 56203 15221 9385 40982 36935
is_linear=0
shrinkage=0.03


Tree=147
num_leaves=15
num_cat=0
split_feature=78 127 173 173 83 61 61 143 186 7 62 49 74 172
split_gain=0.000158484 0.000367653 0.000264621 0.00017924 0.000157344 0.00015592 0.000305025 0.000443092 0.000299681 0.000247248 0.000298 0.000146738 0.000135384 0.00015332
threshold=4.1701371669769296 3.9722924232482915 3.7126120328903203 -0.12067117169499396 1.7501693964004519 -1.4022988080978391 -1.1252395510673521 -1.1368162631988523 -0.58577126264572132 -0.836958348751068 -1.899711489677429 -1.962138772010803 3.6479184627532963 3.846737384796143
decision_type=2 2 2 2 2 2 2 2 2 2 2 2 2 2
left_child=2 3 5 -2 -4 9 8 -8 -7 11 -11 -1 13 -5
right_child=1 -3 4 12 -6 6 7 -9 -10 10 -12 -13 -14 -15
leaf_value=-1.3100936604538433e-05 1.5459961722650378e-05 1.8506107433229744e-05 8.8255535845208016e-06 -6.9015798339716858e-06 3.6724278098156255e-05 5.69343414717658e-06 3.9838902952550807e-06 -5.4250668200358967e-08 -3.4714782912695393e-06 -6.6811023384961878e-06 1.8679333390721458e-05 6.9899745744232305e-06 9.2088860617332105e-06 -2.3668723010555842e-05
leaf_weight=339 200 428 951 873 226 3529 25387 665419 35316 3076 481 8131 202 1142
leaf_count=339 200 428 951 873 226 3529 25387 665419 35316 3076 481 8131 202 1142
internal_value=2.6495e-12 -7.06583e-06 2.71134e-08 -1.16123e-05 1.42346e-05 4.50733e-09 -5.12996e-08 9.41124e-08 -2.63796e-06 3.3924e-06 -3.23899e-06 6.18087e-06 -1.40739e-05 -1.64263e-05
internal_weight=745700 2845 742855 2417 1177 741678 729651 690806 38845 12027 3557 8470 2217 2015
internal_count=745700 2845 742855 2417 1177 741678 729651 690806 38845 12027 3557 8470 2217 2015
is_linear=0
shrinkage=0.03


Tree=148
num_leaves=15
num_cat=0
split_feature=172 171 77 64 77 61 83 76 162 166 167 126 57 10
split_gain=0.00015919 0.000677972 0.00032763 0.000460637 0.000485348 0.000329317 0.000315162 0.000303211 0.000282136 0.000282103 0.000398264 0.000256591 0.000187822 0.00015052
threshold=-1.8286224603652952 1.0000000180025095e-35 1.2351113557815554 -1.1455123424530027 0.72176098823547374 0.55082836747169506 -2.1705052852630611 -2.6760432720184322 -2.1484529972076412 -3.0651777982711788 -2.4618319272994991 -1.4707164168357847 -2.0513238906860347 -2.0907542705535884
decision_type=2 2 2 2 2 2 2 2 2 2 2 2 2 2
left_child=1 2 3 4 -1 -5 8 12 13 11 -11 -9 -8 -2
right_child=6 -3 -4 5 -6 -7 7 9 -10 10 -12 -13 -14 -15
leaf_value=-2.6077609026982017e-06 9.765776981355664e-06 -3.0519994210184446e-05 1.8054833755968919e-05 -6.7114876845163731e-06 8.864611769407309e-06 -2.8555582738975777e-05 -4.8229548644019569e-06 -3.2477564128441308e-05 2.2865240371804115e-05 8.9454640202175338e-06 4.5127358858863747e-08 -5.8580850696596089e-06 -3.5043663829923251e-05 -8.1591365296948451e-06
leaf_weight=18542 1113 742 751 2176 4041 872 398 382 1004 4553 707871 2229 350 676
leaf_count=18542 1113 742 751 2176 4041 872 398 382 1004 4553 707871 2229 350 676
internal_value=7.8035e-12 -2.256e-06 -1.4588e-06 -2.03242e-06 -5.53266e-07 -1.2978e-05 8.52098e-08 4.59146e-08 1.01413e-05 6.59402e-08 1.02063e-07 -9.77505e-06 -1.90316e-05 2.97505e-06
internal_weight=745700 27124 26382 25631 22583 3048 718576 715783 2793 715035 712424 2611 748 1789
internal_count=745700 27124 26382 25631 22583 3048 718576 715783 2793 715035 712424 2611 748 1789
is_linear=0
shrinkage=0.03


Tree=149
num_leaves=15
num_cat=0
split_feature=79 166 186 171 79 166 172 61 61 61 117 186 119 63
split_gain=0.000156483 0.000336381 0.000256653 0.000255951 0.000306214 0.000532895 0.000349167 0.00025259 0.000378103 0.000326707 0.000190589 0.000129476 0.000123255 0.000119409
threshold=-3.3499958515167232 -2.4400694370269771 -0.5612470507621764 -3.8413599729537959 -1.4473059177398679 -0.80555254220962513 -1.7084294557571409 -0.64639419317245472 -1.0154495835304258 -0.061824154108762734 0.20264265686273578 -0.58318257331848133 0.57079604268074047 -0.66516640782356251
decision_type=2 2 2 2 2 2 2 2 2 2 2 2 2 2
left_child=12 2 7 11 5 -5 -6 8 -2 -9 -4 -3 13 -1
right_child=1 3 10 4 6 -7 -8 9 -10 -11 -12 -13 -14 -15
leaf_value=2.0586553793707234e-05 7.4449197593609231e-06 -3.2528789654918649e-06 -2.8977839655617337e-05 1.22718413601483e-06 -4.2007233508045446e-06 1.1473220436464972e-05 3.7815740350895901e-08 2.0570075898859966e-05 -1.4775064423074094e-05 -3.3977107653013486e-06 4.751656716721449e-07 -1.7588784506948416e-05 2.9445202309241232e-05 2.7352336568999092e-06
leaf_weight=389 913 1218 704 29983 17953 5391 679618 691 2786 1961 272 1071 200 2550
leaf_count=389 913 1218 704 29983 17953 5391 679618 691 2786 1961 272 1071 200 2550
internal_value=0 -2.82203e-08 -6.42398e-06 3.54847e-08 6.68126e-08 2.78981e-06 -7.12321e-08 -4.21525e-06 -9.28201e-06 2.84138e-06 -2.07468e-05 -9.97836e-06 6.68306e-06 5.1144e-06
internal_weight=745700 742561 7327 735234 732945 35374 697571 6351 3699 2652 976 2289 3139 2939
internal_count=745700 742561 7327 735234 732945 35374 697571 6351 3699 2652 976 2289 3139 2939
is_linear=0
shrinkage=0.03


Tree=150
num_leaves=15
num_cat=0
split_feature=51 2 8 173 164 117 141 1 166 129 77 125 126 173
split_gain=0.000157974 0.00165942 0.000739309 0.000483394 0.000425784 0.000385615 0.000311311 0.000530861 0.000421059 0.0003095 0.000512328 0.000238845 0.000154985 0.000146755
threshold=1.5305743217468264 1.4148674607276919 1.1964814066886904 -2.1688030958175655 -1.9815109372138975 1.4454474449157717 1.5342608690261843 1.4263151884078982 0.67752480506896984 1.3417263627052309 1.2113350033760073 1.3542267680168154 1.5811928510665896 -1.3790289759635923
decision_type=2 2 2 2 2 2 2 2 2 2 2 2 2 2
left_child=1 5 -3 -2 13 9 7 -6 -8 11 -11 -1 -4 -5
right_child=3 2 12 4 6 -7 8 -9 -10 10 -12 -13 -14 -15
leaf_value=-2.5251083110538417e-08 3.3775234333902117e-05 4.6676289061348437e-05 1.7006977298661729e-05 3.0358236823073975e-06 2.6399610351296904e-06 -2.8520188429933374e-05 1.7591013949890738e-07 -1.6454474325181148e-05 -7.7262869126389873e-06 2.058335364446919e-05 -4.6678326055304859e-07 -1.1561577871924535e-05 6.0006270061904161e-06 2.9633121733367916e-05
leaf_weight=690045 341 648 2841 303 2131 426 29547 3391 7634 1739 2582 1618 1956 498
leaf_count=690045 341 648 2841 303 2131 426 29547 3391 7634 1739 2582 1618 1956 498
internal_value=2.60012e-12 1.0918e-07 1.66048e-05 -1.74695e-06 -2.02684e-06 -1.97748e-08 -2.43414e-06 -9.08115e-06 -1.44593e-06 -2.24612e-09 8.00077e-06 -5.22979e-08 1.25275e-05 1.96257e-05
internal_weight=745700 701855 5445 43845 43504 696410 42703 5522 37181 695984 4321 691663 4797 801
internal_count=745700 701855 5445 43845 43504 696410 42703 5522 37181 695984 4321 691663 4797 801
is_linear=0
shrinkage=0.03


Tree=151
num_leaves=15
num_cat=0
split_feature=62 126 9 90 20 172 171 170 131 119 163 163 77 173
split_gain=0.000158836 0.000782777 0.000437468 0.000315734 0.000184484 0.000180209 0.000395907 0.000560912 0.000447585 0.000945873 0.000446119 0.00040618 0.000371156 0.000792364
threshold=2.9455496072769169 3.145357728004456 3.0753329992294316 2.9547777175903325 2.9612903594970708 -0.039138309657573693 0.13095782697200778 -0.39748524129390711 0.30017881095409399 0.33388942480087286 1.3559200167655947 -1.3714589476585386 -0.38601146638393397 0.21994283795356753
decision_type=2 2 2 2 2 2 2 2 2 2 2 2 2 2
left_child=5 3 -3 -2 -5 12 8 -8 9 -7 -10 -9 -1 -14
right_child=1 2 -4 4 -6 6 7 11 10 -11 -12 -13 13 -15
leaf_value=-4.6682803798741387e-07 -3.738735510688726e-06 2.5247432012734262e-05 -5.6199041755499935e-06 -1.8411662360993283e-05 -5.2490430060037238e-05 -2.8184757411692818e-06 4.6332436607777774e-05 -3.204552107895407e-05 8.1525484071376685e-07 -1.894373810183144e-05 -6.6511844583995871e-06 1.9958163797337993e-07 3.2242489042848135e-06 -9.9865719018946178e-07
leaf_weight=163368 301 598 1329 221 430 50900 236 351 55544 3499 8274 293730 100531 66388
leaf_count=163368 301 598 1329 221 430 50900 236 351 55544 3499 8274 293730 100531 66388
internal_value=8.75075e-12 -7.03164e-06 3.95163e-06 -2.92758e-05 -4.10134e-05 2.73116e-08 -3.90749e-07 1.98167e-07 -1.85718e-06 -3.85655e-06 -1.52388e-07 1.60885e-07 5.49566e-07 1.54451e-06
internal_weight=745700 2879 1927 952 651 742821 412534 294317 118217 54399 63818 294081 330287 166919
internal_count=745700 2879 1927 952 651 742821 412534 294317 118217 54399 63818 294081 330287 166919
is_linear=0
shrinkage=0.03


Tree=152
num_leaves=15
num_cat=0
split_feature=3 61 67 60 8 129 148 131 6 77 19 77 61 172
split_gain=0.000153936 0.00030267 0.000281005 0.000643331 0.000294545 0.000415935 0.000361069 0.000358176 0.000174779 0.000173326 0.000170642 0.000170343 0.000174152 0.000263678
threshold=-1.9346879124641416 -1.0539154410362241 -1.9539473056793211 -1.7699519395828245 -2.2136012315750118 -1.9984884858131406 -0.60082435607910145 -1.6945626139640806 -1.7867166996002195 0.25861278176307684 -2.0534945726394649 0.55112549662590038 -1.226878225803375 -1.4421699643135069
decision_type=2 2 2 2 2 2 2 2 2 2 2 2 2 2
left_child=1 11 3 9 -4 6 -6 -7 -5 10 -2 12 13 -1
right_child=2 -3 4 8 5 7 -8 -9 -10 -11 -12 -13 -14 -15
leaf_value=2.1043863825951536e-05 1.9645263496715838e-06 3.0029854211671971e-05 1.4805138850658088e-05 -1.6238242515058029e-05 -9.3041266594629499e-06 5.1722851077015702e-06 -4.9553303733686509e-05 -5.093373510751721e-08 -3.9670344887834923e-05 -2.7449036161909643e-05 -9.53750947079803e-06 -1.3852605824663665e-05 -3.2700111991216099e-06 2.7711449440005777e-06
leaf_weight=1054 5753 400 1211 1608 1174 12013 242 715901 352 218 1453 489 1638 2194
leaf_count=1054 5753 400 1211 1608 1174 12013 242 715901 352 218 1453 489 1638 2194
internal_value=0 4.87856e-06 -3.80439e-08 -5.19616e-06 2.81795e-08 3.58201e-09 -1.62342e-05 3.52325e-08 -2.04798e-05 -1.15488e-06 -3.51555e-07 2.99602e-06 4.69089e-06 8.71466e-06
internal_weight=745700 5775 739925 9384 730541 729330 1416 727914 1960 7424 7206 5375 4886 3248
internal_count=745700 5775 739925 9384 730541 729330 1416 727914 1960 7424 7206 5375 4886 3248
is_linear=0
shrinkage=0.03


Tree=153
num_leaves=15
num_cat=0
split_feature=167 171 196 23 173 172 79 160 197 172 173 76 79 89
split_gain=0.000152456 0.000415981 0.000746961 0.000481457 0.000379968 0.000548741 0.000465686 0.000415549 0.000336543 0.000320558 0.000312603 0.000331311 0.000298456 0.000292197
threshold=0.73915195465087902 0.20850943028926852 0.26406916975975042 -0.3128629326820373 2.0442004203796391 4.1899755001068124 0.2304399833083153 -1.2538595795631406 0.61711835861206066 3.846737384796143 2.0442004203796391 0.39835008978843695 0.39464762806892401 0.27964444458484655
decision_type=2 2 2 2 2 2 2 2 2 2 2 2 2 2
left_child=9 2 10 13 5 7 -6 -3 -8 -1 11 -2 -7 -4
right_child=1 4 3 -5 6 12 8 -9 -10 -11 -12 -13 -14 -15
leaf_value=1.6494005667070931e-07 2.3389907454019063e-06 1.2984665588131568e-05 -2.8269137034307407e-05 -8.305878698113809e-06 4.9018840920920392e-05 -6.8731388967670992e-06 7.4580354629180174e-06 -1.1549710412805482e-06 -2.3485488868092948e-06 2.0580291166660711e-05 -3.3702454530681468e-05 -1.3715227732942806e-05 -3.4648459064913197e-05 -6.5251701392356375e-05
leaf_weight=625325 4747 1907 573 772 205 757 7892 94839 5234 692 284 1528 650 295
leaf_count=625325 4747 1907 573 772 205 757 7892 94839 5234 692 284 1528 650 295
internal_value=0 -9.81007e-07 -7.50264e-06 -2.56072e-05 -5.01047e-07 -1.14676e-06 4.25064e-06 -8.75817e-07 3.54549e-06 1.87588e-07 -2.96803e-06 -1.56709e-06 -1.97415e-05 -4.09332e-05
internal_weight=745700 119683 8199 1640 111484 98153 13331 96746 13126 626017 6559 6275 1407 868
internal_count=745700 119683 8199 1640 111484 98153 13331 96746 13126 626017 6559 6275 1407 868
is_linear=0
shrinkage=0.03


Tree=154
num_leaves=15
num_cat=0
split_feature=172 173 172 3 60 3 171 27 77 63 78 63 78 119
split_gain=0.000150821 0.000618824 0.000362283 0.000639918 0.000464091 0.00140125 0.000656877 0.000362171 0.000332365 0.000529032 0.00077428 0.000658662 0.000339408 0.000426003
threshold=-1.2639272212982176 2.1975584030151372 -0.78516742587089527 0.19411859661340716 -0.13456601649522779 -0.29153631627559656 -1.8353613615036009 0.1440553963184357 1.2172593474388125 0.86656227707862865 -2.3603545427322383 0.43791255354881292 -2.047860741615295 -0.97573342919349659
decision_type=2 2 2 2 2 2 2 2 2 2 2 2 2 2
left_child=1 8 3 4 5 -2 -6 -5 9 11 -11 -1 -10 -14
right_child=2 -3 -4 7 6 -7 -8 -9 12 10 -12 -13 13 -15
leaf_value=-1.8516825295399719e-06 2.0803480942622448e-06 -3.5733674406408592e-05 -4.4534409661315072e-08 2.8200381308822263e-05 -2.6096069891228386e-05 2.6769728826987484e-05 -7.3992936668198255e-07 1.098382597893559e-07 2.0094273417285514e-05 4.9502342549740655e-06 -2.033964957156192e-05 1.0913610839680387e-05 1.263479262170252e-05 -1.8070282433413355e-05
leaf_weight=44544 22993 470 650696 1361 1011 2273 10097 596 1295 1692 3049 3960 958 705
leaf_count=44544 22993 470 650696 1361 1011 2273 10097 596 1295 1692 3049 3960 958 705
internal_value=0 -1.48761e-06 1.22382e-07 2.95663e-06 2.05633e-06 4.30363e-06 -3.05257e-06 1.96652e-05 -1.20006e-06 -1.74435e-06 -1.13086e-05 -8.08667e-07 8.58443e-06 -3.67099e-07
internal_weight=745700 56673 689027 38331 36374 25266 11108 1957 56203 53245 4741 48504 2958 1663
internal_count=745700 56673 689027 38331 36374 25266 11108 1957 56203 53245 4741 48504 2958 1663
is_linear=0
shrinkage=0.03


Tree=155
num_leaves=15
num_cat=0
split_feature=78 127 173 173 165 62 62 79 172 170 143 83 62 74
split_gain=0.000149654 0.000347947 0.000248673 0.000158571 0.000149864 0.000545977 0.00167754 0.00035503 0.000335858 0.000306939 0.000260379 0.000147161 0.000125998 0.000101191
threshold=4.1701371669769296 3.9722924232482915 3.7126120328903203 -0.12067117169499396 1.4086686968803408 -0.27293337881565088 -0.3683349341154098 -0.92378655076026905 3.846737384796143 0.11259387060999872 3.7250467538833623 1.7501693964004519 -0.74096906185150135 3.6479184627532963
decision_type=2 2 2 2 2 2 2 2 2 2 2 2 2 2
left_child=2 3 4 -2 8 6 -6 -7 10 -10 -1 -4 -5 -14
right_child=1 -3 11 12 5 7 -8 -9 9 -11 -12 -13 13 -15
leaf_value=1.222655656772457e-07 1.4168883432399497e-05 1.8010259894067881e-05 8.5664967321875878e-06 -3.5619943940081114e-05 -2.6244563565312155e-06 2.6913286298786634e-05 -3.4629894931844278e-05 1.3829616524044355e-06 4.1723293094155391e-05 7.4545038313198968e-06 -6.1251181547934721e-06 3.5550291996733952e-05 -1.3507740126069172e-05 8.7657225039627095e-06
leaf_weight=700034 200 428 951 212 17025 506 1613 15011 297 1137 6055 226 1803 202
leaf_count=700034 200 428 951 212 17025 506 1613 15011 297 1137 6055 226 1803 202
internal_value=0 -6.86621e-06 2.63279e-08 -1.12893e-05 4.41247e-09 -1.93643e-06 -5.39764e-06 2.2191e-06 9.81496e-08 1.4597e-05 6.86406e-08 1.3799e-05 -1.36049e-05 -1.12455e-05
internal_weight=745700 2845 742855 2417 741678 34155 18638 15517 707523 1434 706089 1177 2217 2005
internal_count=745700 2845 742855 2417 741678 34155 18638 15517 707523 1434 706089 1177 2217 2005
is_linear=0
shrinkage=0.03


Tree=156
num_leaves=15
num_cat=0
split_feature=62 126 9 90 20 172 171 170 65 38 78 163 77 173
split_gain=0.000149677 0.000736833 0.000411557 0.000297087 0.000173513 0.000166874 0.000374296 0.000505289 0.00043519 0.00387428 0.000491986 0.000380708 0.00035517 0.000737261
threshold=2.9455496072769169 3.145357728004456 3.0753329992294316 2.9547777175903325 2.9612903594970708 -0.039138309657573693 0.13095782697200778 -0.39748524129390711 -0.22368937730789182 -0.14390400797128675 -0.76848945021629322 -1.3714589476585386 -0.38601146638393397 0.21994283795356753
decision_type=2 2 2 2 2 2 2 2 2 2 2 2 2 2
left_child=5 3 -3 -2 -5 12 8 -8 9 -7 -10 -9 -1 -14
right_child=1 2 -4 4 -6 6 7 11 10 -11 -12 -13 13 -15
leaf_value=-4.6520683810292074e-07 -3.6326779499174649e-06 2.4485530804742059e-05 -5.453424384286429e-06 -1.7867526780562517e-05 -5.0925110449016162e-05 -3.7021207183168226e-06 4.3983954624162355e-05 -3.1018736603483294e-05 1.6910825593562914e-05 -0.00010324172709373103 -9.9858547495028784e-07 1.9889357352204284e-07 3.122622811635748e-06 -9.507901909389706e-07
leaf_weight=163368 301 598 1329 221 430 30933 236 351 1402 355 85527 293730 100531 66388
leaf_count=163368 301 598 1329 221 430 30933 236 351 1402 355 85527 293730 100531 66388
internal_value=0 -6.8259e-06 3.82976e-06 -2.84075e-05 -3.97934e-05 2.64954e-08 -3.75798e-07 1.96817e-07 -1.80164e-06 -4.83574e-06 -7.09204e-07 1.61426e-07 5.29057e-07 1.50235e-06
internal_weight=745700 2879 1927 952 651 742821 412534 294317 118217 31288 86929 294081 330287 166919
internal_count=745700 2879 1927 952 651 742821 412534 294317 118217 31288 86929 294081 330287 166919
is_linear=0
shrinkage=0.03


Tree=157
num_leaves=15
num_cat=0
split_feature=172 173 78 151 51 150 117 61 165 10 166 139 76 129
split_gain=0.00015087 0.000579665 0.00034599 0.000803141 0.00333499 0.000856647 0.000561333 0.000681335 0.000464537 0.000398513 0.000366785 0.000366415 0.00167719 0.000355754
threshold=-1.2639272212982176 2.1975584030151372 -0.75390407443046559 -0.34527470171451563 -0.47459261119365687 -0.1502290144562721 -0.35563525557518 -1.1568967103958128 -1.6876760721206663 -0.61656570434570301 -2.4400694370269771 -1.0801508426666258 -1.1968411207199094 -1.2598141431808469
decision_type=2 2 2 2 2 2 2 2 2 2 2 2 2 2
left_child=1 -1 3 6 -5 -6 7 -2 10 -8 -4 12 -10 -13
right_child=2 -3 8 4 5 -7 9 -9 11 -11 -12 13 -14 -15
leaf_value=-1.2095352203505675e-06 -6.349677009842062e-06 -3.4632839643594137e-05 -2.6623422681415445e-05 0.00010119075967906378 1.5003413350495705e-05 -4.4345724757911593e-06 -2.0533011201251211e-05 2.913123034294532e-06 -7.0148428157557257e-07 -2.9177023717513846e-06 1.1909668967785789e-05 1.8701762353070977e-05 -2.996337341358626e-05 -1.0101613332967876e-07
leaf_weight=56203 8204 470 234 350 4824 3532 1667 55350 12169 3783 4010 906 2061 591937
leaf_count=56203 8204 470 234 350 4824 3532 1667 55350 12169 3783 4010 906 2061 591937
internal_value=0 -1.48786e-06 1.22399e-07 2.00792e-06 1.0594e-05 6.78403e-06 9.24071e-07 1.71686e-06 -1.1724e-07 -8.31401e-06 9.77224e-06 -1.86442e-07 -4.94354e-06 -7.21991e-08
internal_weight=745700 56673 689027 77710 8706 8356 69004 63554 611317 5450 4244 607073 14230 592843
internal_count=745700 56673 689027 77710 8706 8356 69004 63554 611317 5450 4244 607073 14230 592843
is_linear=0
shrinkage=0.03


Tree=158
num_leaves=15
num_cat=0
split_feature=63 171 119 155 2 90 125 173 76 60 78 131 77 3
split_gain=0.000151085 0.000214956 0.000199779 0.000742338 0.000658383 0.00065599 0.00150568 0.000435343 0.000422092 0.000396527 0.000396034 0.00033725 0.000324492 0.000322061
threshold=-1.0809720158576963 0.16573919355869296 -0.65954348444938649 -0.32580496370792383 -0.52916240692138661 0.28617615997791296 0.34611220657825476 2.4703285694122319 -1.1331344246864317 -0.14417821913957593 -1.3104538917541502 -0.032444249838590615 1.2172593474388125 -0.68452441692352284
decision_type=2 2 2 2 2 2 2 2 2 2 2 2 2 2
left_child=1 -1 4 5 9 6 -4 -7 -6 12 -5 -12 -2 -11
right_child=2 -3 3 10 8 7 -8 -9 -10 13 11 -13 -14 -15
leaf_value=-7.0928763769054528e-07 -6.444210318729858e-07 8.629302267533953e-06 2.751391883794297e-06 -3.808417428206338e-05 -2.2054441626180767e-05 3.4296183531395151e-05 -2.7244998460985696e-05 8.5067251952432402e-06 -1.1262644769252389e-06 -1.6538746554807147e-05 -1.6758544990409595e-06 1.8900771931579864e-07 1.1028637804812676e-05 3.6485918224211781e-06
leaf_weight=4492 141606 4371 88371 248 2165 907 1531 1693 1452 2471 113298 379925 2175 995
leaf_count=4492 141606 4371 88371 248 2165 907 1531 1693 1452 2471 113298 379925 2175 995
internal_value=0 3.89333e-06 -4.68231e-08 2.03783e-07 -1.0204e-06 2.67005e-06 2.23993e-06 1.75245e-05 -1.3664e-05 -7.09524e-07 -2.58468e-07 -2.39311e-07 -4.67557e-07 -1.07354e-05
internal_weight=745700 8863 736837 585973 150864 92502 89902 2600 3617 147247 493471 493223 143781 3466
internal_count=745700 8863 736837 585973 150864 92502 89902 2600 3617 147247 493471 493223 143781 3466
is_linear=0
shrinkage=0.03


Tree=159
num_leaves=15
num_cat=0
split_feature=3 61 172 173 65 73 159 75 83 13 81 63 138 164
split_gain=0.000148672 0.00028358 0.000261509 0.000525347 0.000347599 0.000744744 0.000343567 0.00106739 0.000691708 0.000542488 0.000605801 0.000341206 0.000300151 0.000227051
threshold=-1.9346879124641416 -1.0539154410362241 -1.2639272212982176 2.1975584030151372 -0.37603372335433954 -0.23287698626518247 -1.3285930752754209 -1.2959194183349607 -1.1096524000167844 -1.5314902067184446 -1.1742960810661314 -0.87223485112190235 -1.0787699818611143 -0.80243733525276173
decision_type=2 2 2 2 2 2 2 2 2 2 2 2 2 2
left_child=1 -1 3 4 5 -2 7 11 -9 10 -8 -4 -11 -5
right_child=2 -3 6 13 -6 -7 9 8 -10 12 -12 -13 -14 -15
leaf_value=2.9719669597523209e-06 -1.7943092149617238e-06 2.9140057323764224e-05 3.197766410434458e-06 -9.1627891352330686e-06 1.4315855978294565e-05 -3.6287347601691327e-05 -2.7250315866348266e-05 2.4533283732428825e-05 2.7636018176737565e-06 -2.9164079723077799e-06 9.0484840250987545e-06 -7.0299731333663725e-06 1.8876582164647534e-07 -5.1564609229485622e-05
leaf_weight=5375 49222 400 7962 200 1174 569 1322 3123 2273 29299 600 4648 639263 270
leaf_count=5375 49222 400 7962 200 1174 569 1322 3123 2273 29299 600 4648 639263 270
internal_value=0 4.7944e-06 -3.74164e-08 -2.10086e-06 -1.80873e-06 -2.18981e-06 1.16696e-07 4.20602e-06 1.53708e-05 6.82552e-09 -1.59043e-05 -5.70021e-07 5.26359e-08 -3.36427e-05
internal_weight=745700 5775 739925 51435 50965 49791 688490 18006 5396 670484 1922 12610 668562 470
internal_count=745700 5775 739925 51435 50965 49791 688490 18006 5396 670484 1922 12610 668562 470
is_linear=0
shrinkage=0.03


Tree=160
num_leaves=15
num_cat=0
split_feature=63 172 83 131 17 153 161 130 129 76 119 9 186 76
split_gain=0.000145376 0.000173387 0.000170068 0.000871503 0.00107501 0.00217367 0.00103811 0.000677281 0.0016719 0.0007759 0.000453127 0.000794459 0.000553169 0.000481017
threshold=-1.0872430801391599 -0.12328584492206572 -0.75865092873573292 -0.73187428712844838 -0.32048512995243067 -0.84264317154884327 -0.22971091419458387 -0.84775367379188526 -0.88441595435142506 -0.17320933192968366 -0.90051528811454762 -0.53913086652755726 -0.58318257331848133 -2.2963376045227046
decision_type=2 2 2 2 2 2 2 2 2 2 2 2 2 2
left_child=1 -1 10 4 5 -4 -6 9 -9 -5 11 12 -2 -12
right_child=2 -3 3 7 6 -7 -8 8 -10 -11 13 -13 -14 -15
leaf_value=-4.3096489128668033e-06 7.3280807341617384e-06 1.1416951103513574e-05 5.9510924103153562e-06 2.6730234192194082e-06 -1.987281845586824e-05 3.9489679090116084e-05 6.160506769353776e-06 7.4402513166260675e-05 7.6281278616716284e-09 -3.8969813170138714e-05 -2.6911441423947271e-05 -4.2052511607171663e-05 -5.0222863215653596e-07 -3.4103132014664298e-06
leaf_weight=904 8928 2067 9898 757 2240 2110 3579 271 589653 856 802 401 89565 33669
leaf_count=904 8928 2067 9898 757 2240 2110 3579 271 589653 856 802 401 89565 33669
internal_value=0 6.62181e-06 -2.64884e-08 1.85844e-07 6.72101e-06 1.18497e-05 -3.85745e-06 -1.10653e-08 4.19807e-08 -1.94182e-05 -9.96884e-07 3.52365e-08 2.0732e-07 -3.95872e-06
internal_weight=745700 2971 742729 609364 17827 12008 5819 591537 589924 1613 133365 98894 98493 34471
internal_count=745700 2971 742729 609364 17827 12008 5819 591537 589924 1613 133365 98894 98493 34471
is_linear=0
shrinkage=0.03


Tree=161
num_leaves=15
num_cat=0
split_feature=78 127 173 172 170 23 91 83 124 172 62 21 197 74
split_gain=0.000143894 0.000329019 0.000233517 0.000144372 0.000618312 0.000440522 0.000344967 0.000292114 0.000296787 0.000266002 0.000143104 0.000148494 0.000139574 0.000118458
threshold=4.1701371669769296 3.9722924232482915 3.7126120328903203 -2.0878777503967281 -0.22610561549663541 -1.19113552570343 -0.86372363567352284 -2.1705052852630611 -2.2209661006927486 -1.3681131005287168 -0.74096906185150135 2.3678878545761113 0.61306923627853405 3.6479184627532963
decision_type=2 2 2 2 2 2 2 2 2 2 2 2 2 2
left_child=2 10 3 4 5 -1 -6 9 -9 -5 -2 -12 -4 -13
right_child=1 -3 12 7 6 -7 -8 8 -10 -11 11 13 -14 -15
leaf_value=-6.1346324011854447e-07 -3.4570793063734471e-05 1.7456747030930296e-05 3.2721374241344871e-05 1.7610056018240901e-05 -2.9261734758512879e-05 -4.4931621992796217e-05 7.7312215411680986e-06 1.7342141634378129e-05 1.7011040357264172e-08 -1.1308255804626927e-06 5.6201570628623171e-06 -1.5853065577436553e-05 7.7965347144288352e-06 8.489619283809139e-06
leaf_weight=19535 212 428 261 1624 1112 203 283 890 716862 1169 498 1505 916 202
leaf_count=19535 212 428 261 1624 1112 203 283 890 716862 1169 498 1505 916 202
internal_value=0 -6.73278e-06 2.58042e-08 4.56585e-09 -2.43935e-06 -1.07304e-06 -2.17354e-05 7.6289e-08 3.85598e-08 9.75779e-06 -1.10341e-05 -8.74291e-06 1.33722e-05 -1.29516e-05
internal_weight=745700 2845 742855 741678 21133 19738 1395 720545 717752 2793 2417 2205 1177 1707
internal_count=745700 2845 742855 741678 21133 19738 1395 720545 717752 2793 2417 2205 1177 1707
is_linear=0
shrinkage=0.03


Tree=162
num_leaves=15
num_cat=0
split_feature=77 172 78 163 170 79 139 171 172 78 1 151 165 173
split_gain=0.000143835 0.000156589 0.00084554 0.000617112 0.00053462 0.000464842 0.000415276 0.000272867 0.000215877 0.000894485 0.000589489 0.000358113 0.000323826 0.000568741
threshold=5.1468193531036386 1.9870327711105349 3.4905872344970708 1.7983803749084475 0.16731156408786776 1.5844087004661562 1.2128207087516787 0.28360618650913244 0.60583278536796581 0.61033412814140331 -0.59834590554237355 0.43593995273113256 1.7924674153327944 0.81335976719856273
decision_type=2 2 2 2 2 2 2 2 2 2 2 2 2 2
left_child=1 8 4 6 -3 -6 -4 -5 12 10 -10 -11 -1 -14
right_child=-2 2 3 7 5 -7 -8 -9 9 11 -12 -13 13 -15
leaf_value=2.7384973512585266e-07 -6.5977422681847124e-06 3.3102672585562463e-05 -2.9343205571862887e-06 1.220529576679742e-05 5.1603329096222518e-06 4.0768352113738598e-05 2.9206851748415265e-05 -1.3034925738120197e-05 3.141052777485629e-06 3.3348868359524676e-06 -8.2553345814281061e-06 -9.5676934943038419e-07 -3.1242478466554635e-05 -3.2105222021420058e-06
leaf_weight=602988 2961 743 803 421 8292 343 655 4345 5046 24108 21359 63814 701 9121
leaf_count=602988 2961 743 803 421 8292 343 655 4345 5046 24108 21359 63814 701 9121
internal_value=0 2.63241e-08 2.99998e-06 -5.56926e-06 8.69041e-06 6.58279e-06 1.14945e-05 -1.0797e-05 -3.74437e-08 -1.23423e-06 -6.07631e-06 2.19676e-07 1.85783e-07 -5.2172e-06
internal_weight=745700 742739 15602 6224 9378 8635 1458 4766 727137 114327 26405 87922 612810 9822
internal_count=745700 742739 15602 6224 9378 8635 1458 4766 727137 114327 26405 87922 612810 9822
is_linear=0
shrinkage=0.03


Tree=163
num_leaves=15
num_cat=0
split_feature=62 126 9 90 20 76 62 76 172 161 155 79 83 79
split_gain=0.000143333 0.000691525 0.000382939 0.000279787 0.000162713 0.000156331 0.000346464 0.000421486 0.000833542 0.000426026 0.000352082 0.00106315 0.000431463 0.000244875
threshold=2.9455496072769169 3.145357728004456 3.0753329992294316 2.9547777175903325 2.9612903594970708 1.027447044849396 1.0187013745307925 0.97862389683723461 0.35859429836273199 0.89521083235740673 1.2994036674499514 -0.53015965223312367 1.8334401845932009 1.2990152835845949
decision_type=2 2 2 2 2 2 2 2 2 2 2 2 2 2
left_child=5 3 -3 -2 -5 6 10 9 -9 -8 12 -12 -1 -7
right_child=1 2 -4 4 -6 13 7 8 -10 -11 11 -13 -14 -15
leaf_value=-1.0253583703721322e-08 -3.5412588229402462e-06 2.3567834838047714e-05 -5.3112528861895277e-06 -1.7396540947534173e-05 -4.941811929398547e-05 1.8829154275141928e-06 1.3841049060897445e-05 -4.6832893462593096e-06 -2.9958059761507158e-05 -2.1190695749965225e-06 2.119502031217746e-05 6.3239440935839596e-07 -1.5555397428788521e-05 -1.0527876359917326e-05
leaf_weight=637961 301 598 1329 221 430 54204 1609 7294 1400 23074 2825 11376 1610 1468
leaf_count=637961 301 598 1329 221 430 54204 1609 7294 1400 23074 2825 11376 1610 1468
internal_value=0 -6.6797e-06 3.64272e-06 -2.75873e-05 -3.86369e-05 2.59139e-08 -9.79241e-08 -3.07925e-06 -8.75973e-06 -1.07695e-06 5.42401e-08 4.72623e-06 -4.94567e-08 1.55494e-06
internal_weight=745700 2879 1927 952 651 742821 687149 33377 8694 24683 653772 14201 639571 55672
internal_count=745700 2879 1927 952 651 742821 687149 33377 8694 24683 653772 14201 639571 55672
is_linear=0
shrinkage=0.03


Tree=164
num_leaves=15
num_cat=0
split_feature=61 61 143 63 61 127 137 79 172 171 170 172 166 171
split_gain=0.000141003 0.000273787 0.000418703 0.00063757 0.000704959 0.000634434 0.000880378 0.000568929 0.000459767 0.000271584 0.000687961 0.00115239 0.000488135 0.000259947
threshold=-1.4022988080978391 -1.1252395510673521 -1.1368162631988523 0.47465397417545324 0.2550578266382218 -1.1438471078872678 -1.4137552976608274 -1.4090766310691831 -0.65751242637634266 -0.84376385807991017 -0.17493502795696256 -0.60140922665595997 -0.91444638371467579 -1.5801354646682737
decision_type=2 2 2 2 2 2 2 2 2 2 2 2 2 2
left_child=-1 9 3 8 -5 7 -7 -4 -3 13 11 -11 -12 -2
right_child=1 2 5 4 -6 6 -8 -9 -10 10 12 -13 -14 -15
leaf_value=3.2218727522711635e-06 -4.5889417614174513e-06 7.3700988061407458e-07 -1.0068509341559554e-07 3.5060794144264644e-05 -5.0593902959493963e-06 1.4312622818187668e-05 2.1397013896839785e-08 -9.9538377269329765e-06 1.2123849947115175e-05 -1.3427841454350125e-06 4.3971748335766763e-05 -2.3127303643362204e-05 -1.3167536836303171e-06 4.119499071283849e-06
leaf_weight=12027 4836 19835 10250 1151 597 3902 644412 10877 3804 4895 216 3952 16436 8510
leaf_count=12027 4836 19835 10250 1151 597 3902 644412 10877 3804 4895 216 3952 16436 8510
internal_value=0 -5.28136e-08 8.4173e-08 3.86581e-06 2.13462e-05 -5.91975e-08 1.0748e-07 -5.17512e-06 2.57109e-06 -2.50383e-06 -4.31875e-06 -1.10789e-05 -7.24891e-07 9.6159e-07
internal_weight=745700 733673 694828 25387 1748 669441 648314 21127 23639 38845 25499 8847 16652 13346
internal_count=745700 733673 694828 25387 1748 669441 648314 21127 23639 38845 25499 8847 16652 13346
is_linear=0
shrinkage=0.03


Tree=165
num_leaves=15
num_cat=0
split_feature=166 79 171 77 78 67 186 61 170 173 166 173 63 60
split_gain=0.000141064 0.000336241 0.00033868 0.000236191 0.000247386 0.000235705 0.000195071 0.000418693 0.000381356 0.000414388 0.00123602 0.000349286 0.000576762 0.00034587
threshold=-2.4400694370269771 -2.2364945411682124 -0.93659484386444081 0.25861278176307684 -3.2699078321456905 -1.9539473056793211 -0.5825689136981963 0.65273457765579235 -3.5171900987625118 -1.1520994901657102 -0.60516428947448719 -1.2873281836509702 -0.050081275403499596 4.3615603446960458
decision_type=2 2 2 2 2 2 2 2 2 2 2 2 2 2
left_child=1 3 -3 4 -1 -6 7 11 -8 10 -10 12 -2 -11
right_child=6 2 -4 -5 5 -7 8 -9 9 13 -12 -13 -14 -15
leaf_value=1.8944048834363904e-05 -2.8264431615267909e-06 -2.3540205709023659e-05 -9.3115526905162594e-07 1.5220586589526667e-05 -2.7267501049740054e-05 -2.3928307721740822e-06 -2.1385880624661449e-05 -3.9274851697336664e-05 2.0163491995474205e-08 -1.9426816244532954e-07 1.1561353839197719e-05 5.2219152365721196e-06 1.7029700666563769e-05 -1.2042724768503623e-05
leaf_weight=454 13559 1319 1093 783 367 5106 753 216 36280 652214 10850 19025 1457 2224
leaf_count=454 13559 1319 1093 783 367 5106 753 216 36280 652214 10850 19025 1457 2224
internal_value=0 -3.70754e-06 -1.3312e-05 -2.49165e-07 -2.30012e-06 -4.071e-06 4.59305e-08 2.25647e-06 -6.18531e-08 -3.88926e-08 2.67794e-06 2.52203e-06 -8.96801e-07 -2.34597e-07
internal_weight=745700 9122 2412 6710 5927 5473 736578 34257 702321 701568 47130 34041 15016 654438
internal_count=745700 9122 2412 6710 5927 5473 736578 34257 702321 701568 47130 34041 15016 654438
is_linear=0
shrinkage=0.03


Tree=166
num_leaves=15
num_cat=0
split_feature=167 21 139 89 173 172 197 131 61 155 63 76 76 153
split_gain=0.000139449 0.000382782 0.000747029 0.000624719 0.000440057 0.000465995 0.000443654 0.000276817 0.000252622 0.000794459 0.0011708 0.00416304 0.000719933 0.000560911
threshold=0.73915195465087902 -1.3967280983924864 -1.3524335622787473 -0.99182325601577748 2.0442004203796391 4.1899755001068124 0.61547401547431957 -1.84977251291275 -0.44450931251049036 -0.32580496370792383 0.021762746386229995 -0.43099118769168848 -2.4132760763168331 -0.38933764398097986
decision_type=2 2 2 2 2 2 2 2 2 2 2 2 2 2
left_child=8 7 3 -3 5 -4 -6 -2 -1 10 11 -10 -12 -11
right_child=1 2 4 -5 6 -7 -8 -9 9 13 12 -13 -14 -15
leaf_value=-6.8940229049272051e-07 6.1104225744040473e-06 -5.1587981466507851e-06 -1.2674847569810265e-06 -3.8319658354154447e-05 9.2372391239696689e-06 -1.8647936444552225e-05 -2.1115440977839957e-06 3.2631591761160594e-05 4.6206280368411014e-05 -8.3879212381289548e-06 1.4704445097165903e-05 4.5621635428452697e-06 -2.0211990465562151e-06 1.8972289769576904e-07
leaf_weight=203346 1919 1243 101128 871 7297 1407 5383 435 2300 6999 2513 35444 29407 346008
leaf_count=203346 1919 1243 101128 871 7297 1407 5383 435 2300 6999 2513 35444 29407 346008
internal_value=0 -9.38253e-07 -1.17884e-06 -1.88474e-05 -8.5423e-07 -1.50645e-06 4.41722e-06 1.10358e-05 1.79382e-07 5.97424e-07 3.52521e-06 7.10178e-06 -7.03062e-07 1.95474e-08
internal_weight=745700 119683 117329 2114 115215 102535 12680 2354 626017 422671 69664 37744 31920 353007
internal_count=745700 119683 117329 2114 115215 102535 12680 2354 626017 422671 69664 37744 31920 353007
is_linear=0
shrinkage=0.03


Tree=167
num_leaves=15
num_cat=0
split_feature=3 61 119 74 1 79 77 77 61 172 61 61 63 143
split_gain=0.000138949 0.000266516 0.000262231 0.000450897 0.000511632 0.00031091 0.0002004 0.000157699 0.000159398 0.000239727 0.000148426 0.000351888 0.000360772 0.000350688
threshold=-1.9346879124641416 -1.0539154410362241 -1.9730627536773679 -2.0491666793823238 -1.7674584984779356 -0.43802328407764429 0.25861278176307684 0.55112549662590038 -1.226878225803375 -1.4421699643135069 -1.4022988080978391 -1.1568967103958128 -0.85733592510223378 -1.1368162631988523
decision_type=2 2 2 2 2 2 2 2 2 2 2 2 2 2
left_child=1 7 3 6 5 -5 -2 8 9 -1 -4 12 -12 -13
right_child=2 -3 10 4 -6 -7 -8 -9 -10 -11 11 13 -14 -15
leaf_value=2.0104798093285584e-05 4.0201217599519444e-06 2.8237022490576598e-05 3.4453498183363173e-06 -9.3663079736530357e-06 2.0911511307680237e-05 -3.0224835245535408e-05 -2.5777723180251323e-05 -1.3342714090718022e-05 -3.1166669577558135e-06 2.6806846991802047e-06 -2.3506064243860802e-06 3.2460497828070846e-06 -1.4241127714154907e-05 -6.1213226414112349e-08
leaf_weight=1054 2779 400 11175 1380 321 1215 218 489 1638 2194 20336 30153 2590 669758
leaf_count=1054 2779 400 11175 1380 321 1215 218 489 1638 2194 20336 30153 2590 669758
internal_value=0 4.63497e-06 -3.61775e-08 -6.32806e-06 -1.47257e-05 -1.91519e-05 1.83476e-06 2.86803e-06 4.49897e-06 8.34862e-06 1.44758e-08 -3.85284e-08 -3.69578e-06 8.12292e-08
internal_weight=745700 5775 739925 5913 2916 2595 2997 5375 4886 3248 734012 722837 22926 699911
internal_count=745700 5775 739925 5913 2916 2595 2997 5375 4886 3248 734012 722837 22926 699911
is_linear=0
shrinkage=0.03


Tree=168
num_leaves=15
num_cat=0
split_feature=172 173 19 75 83 13 81 77 79 139 172 65 56 66
split_gain=0.000137363 0.000500008 0.000326763 0.000947621 0.000631927 0.00048839 0.000546483 0.000416353 0.000354659 0.000305629 0.000325521 0.00030441 0.000722104 0.000366226
threshold=-1.2639272212982176 2.1975584030151372 -1.3285615444183347 -1.2959194183349607 -1.1096524000167844 -1.5314902067184446 -1.1742960810661314 -0.6272447109222411 -1.0456510782241819 -1.329028785228729 -0.45137600600719446 -0.37603372335433954 -0.18441566824913022 -1.0932609438896177
decision_type=2 2 2 2 2 2 2 2 2 2 2 2 2 2
left_child=1 11 3 9 8 6 -4 -6 -5 10 -2 12 13 -1
right_child=2 -3 5 4 7 -7 -8 -9 -10 -11 -12 -13 -14 -15
leaf_value=8.2364189160269664e-08 2.4915791836675077e-06 -3.2203442569024312e-05 -2.5900071530294721e-05 3.4725082919774119e-05 -1.1498516357246524e-05 5.1516025387572664e-08 8.5667561333869593e-06 1.4252010712381261e-05 1.4326147474043129e-05 2.1044786984392456e-05 -7.4545919856227697e-06 1.3945707079558225e-05 -5.1853816633167515e-05 -5.7658242657787987e-06
leaf_weight=42299 7794 470 1319 1384 1031 668560 601 1247 1742 576 4773 1174 254 12476
leaf_count=42299 7794 470 1319 1384 1031 668560 601 1247 1742 576 4773 1174 254 12476
internal_value=0 -1.41971e-06 1.16776e-07 4.04471e-06 1.46188e-05 8.06988e-09 -1.50968e-05 2.58448e-06 2.33753e-05 -3.01546e-07 -1.28392e-06 -1.16118e-06 -1.48426e-06 -1.2492e-06
internal_weight=745700 56673 689027 18547 5404 670480 1920 2278 3126 13143 12567 56203 55029 54775
internal_count=745700 56673 689027 18547 5404 670480 1920 2278 3126 13143 12567 56203 55029 54775
is_linear=0
shrinkage=0.03


Tree=169
num_leaves=15
num_cat=0
split_feature=79 166 171 79 76 172 186 61 61 61 117 186 119 78
split_gain=0.000133821 0.000295632 0.000230631 0.000274541 0.000372099 0.000284359 0.000219749 0.000230012 0.000336715 0.000296095 0.00016092 0.00010818 0.000100645 0.000108128
threshold=-3.3499958515167232 -2.4400694370269771 -3.8413599729537959 -1.5298228263854978 -1.1749857664108274 -1.6227018833160398 -0.5612470507621764 -0.64639419317245472 -1.0154495835304258 -0.061824154108762734 0.20264265686273578 -0.58978474140167225 0.57079604268074047 -3.2699078321456905
decision_type=2 2 2 2 2 2 2 2 2 2 2 2 2 2
left_child=12 6 11 4 -4 -5 7 8 -2 -9 -8 -3 13 -1
right_child=1 2 3 5 -6 -7 10 9 -10 -11 -12 -13 -14 -15
leaf_value=1.2740007560620671e-05 6.9707697145413992e-06 -2.3562409239982803e-06 8.4529986796277016e-06 -3.5175711649156028e-06 8.5540759314916643e-07 4.9396174854724202e-08 -2.6838931883995832e-05 1.9633654703826702e-05 -1.3996756242796105e-05 -3.183209675762402e-06 2.1556625444765695e-07 -1.5481994403007179e-05 2.6753030602644072e-05 5.9535593897026786e-07
leaf_weight=1005 913 1051 7933 20724 21629 682659 704 691 2786 1961 272 1238 200 1934
leaf_count=1005 913 1051 7933 20724 21629 682659 704 691 2786 1961 272 1238 200 1934
internal_value=0 -2.61291e-08 3.35903e-08 6.33303e-08 2.89546e-06 -5.56607e-08 -6.022e-06 -3.97775e-06 -8.81289e-06 2.75576e-06 -1.92759e-05 -9.47203e-06 6.1802e-06 4.76138e-06
internal_weight=745700 742561 735234 732945 29562 703383 7327 6351 3699 2652 976 2289 3139 2939
internal_count=745700 742561 735234 732945 29562 703383 7327 6351 3699 2652 976 2289 3139 2939
is_linear=0
shrinkage=0.03


Tree=170
num_leaves=15
num_cat=0
split_feature=172 138 149 126 141 27 150 14 155 119 82 165 37 76
split_gain=0.000135294 0.000379012 0.00161586 0.00232109 0.000666609 0.00125553 0.000772005 0.000610865 0.000776006 0.000457097 0.000416374 0.000374483 0.000330578 0.000269087
threshold=-0.0067903839517384759 -0.31411905586719507 -0.078601252287626253 -0.19569781422615048 -0.031530350446701043 -0.33388425409793848 -0.21978933364152906 -0.30937154591083521 -0.45490905642509455 -1.0000000180025095e-35 0.072585243731737151 -1.8658041357994077 -0.078258283436298356 0.2939451932907105
decision_type=2 2 2 2 2 2 2 2 2 2 2 2 2 2
left_child=13 2 4 -4 5 -2 -6 9 10 -3 -9 -10 -5 -1
right_child=1 7 3 12 6 -7 -8 8 11 -11 -12 -13 -14 -15
leaf_value=1.1798225449101239e-06 -1.3289806002082259e-06 6.3840748109725424e-06 -0.00012345752666203475 -3.0712379436461356e-05 6.045928836845368e-05 -1.9150072346701988e-05 6.5871562643186258e-06 -1.1007450610133542e-05 1.7007432623825231e-05 3.0801651032665493e-05 -4.7145696706997741e-05 -9.0584004862995535e-08 1.6394813484426105e-05 -4.9170893861967058e-07
leaf_weight=193044 59201 3779 237 323 308 3785 1072 840 1156 845 438 323166 227 157279
leaf_count=193044 59201 3779 237 323 308 3785 1072 840 1156 845 438 323166 227 157279
internal_value=0 -3.80362e-07 -2.47147e-06 -4.51722e-05 -1.94821e-06 -2.40066e-06 1.86676e-05 3.21284e-08 -1.21561e-07 1.08584e-05 -2.34435e-05 -2.94958e-08 -1.1221e-05 4.29296e-07
internal_weight=745700 395377 65153 787 64366 62986 1380 330224 325600 4624 1278 324322 550 350323
internal_count=745700 395377 65153 787 64366 62986 1380 330224 325600 4624 1278 324322 550 350323
is_linear=0
shrinkage=0.03


Tree=171
num_leaves=15
num_cat=0
split_feature=77 60 164 83 61 76 82 7 82 119 119 121 76 171
split_gain=0.000134991 0.000157111 0.000691347 0.000669969 0.000447109 0.00208723 0.00120945 0.000578717 0.000436668 0.000387977 0.000239665 0.000178965 0.00016071 9.21398e-05
threshold=5.1468193531036386 0.28952124714851385 -1.9815109372138975 -0.065556619316339479 0.0094685088843107241 0.5276734232902528 -1.6693906784057615 0.75197887420654308 -0.16053532063961026 0.15161947160959247 0.43308773636817938 0.12759774923324588 0.245393842458725 -0.93659484386444081
decision_type=2 2 2 2 2 2 2 2 2 2 2 2 2 2
left_child=1 4 10 12 7 6 -6 9 -5 -1 -3 -7 -4 -12
right_child=-2 2 3 8 5 11 -8 -9 -10 -11 13 -13 -14 -15
leaf_value=3.642952915912305e-07 -6.3916994887823281e-06 -5.6387987888511914e-06 1.1663363228177338e-05 -2.0564101115825435e-05 2.49866945119923e-05 -4.9654249713178076e-05 -2.7695026336293027e-06 -4.4417079347395569e-05 4.9030999984926609e-07 -2.8271391081715013e-06 3.8260989960429363e-05 -8.9362997242124439e-05 2.9915209582038445e-05 2.0000703421724682e-05
leaf_weight=410165 2961 215 1205 889 1444 231 63273 262 225735 37408 505 200 688 519
leaf_count=410165 2961 215 1205 889 1444 231 63273 262 225735 37408 505 200 688 519
internal_value=0 2.54928e-08 6.77492e-07 5.56132e-07 -2.66469e-07 -2.58858e-06 -2.14935e-06 7.12748e-08 4.07495e-07 9.74835e-08 2.30181e-05 -6.83142e-05 1.8325e-05 2.90638e-05
internal_weight=745700 742739 229756 228517 512983 65148 64717 447835 226624 447573 1239 431 1893 1024
internal_count=745700 742739 229756 228517 512983 65148 64717 447835 226624 447573 1239 431 1893 1024
is_linear=0
shrinkage=0.03


Tree=172
num_leaves=15
num_cat=0
split_feature=63 171 76 119 155 2 118 83 139 76 60 78 131 3
split_gain=0.000133178 0.00020442 0.000192477 0.0001872 0.00065743 0.000603137 0.000595012 0.0013842 0.000760648 0.000394561 0.000359484 0.00035641 0.000310662 0.000310651
threshold=-1.0809720158576963 0.16573919355869296 -0.36956647038459772 -0.65954348444938649 -0.32580496370792383 -0.52916240692138661 0.3497955203056336 -0.14841284602880475 -1.0963675379753111 -1.1331344246864317 -0.14417821913957593 -1.3104538917541502 -0.032444249838590615 -0.68452441692352284
decision_type=2 2 2 2 2 2 2 2 2 2 2 2 2 2
left_child=1 2 -1 5 6 10 7 -5 -8 -7 -2 -6 -13 -12
right_child=3 -3 -4 4 11 9 8 -9 -10 -11 13 12 -14 -15
leaf_value=1.4133540701491713e-06 -4.5844998628359974e-07 8.2739009330847545e-06 -1.7944808811112831e-05 2.9564918894170292e-06 -3.6119957321192958e-05 -2.1200065052592619e-05 -3.1139523529631296e-05 -1.3276613366283443e-05 1.895259912503344e-05 -9.6546860601971549e-07 -1.593484023078168e-05 -1.5969770357519075e-06 1.9286565165470777e-07 3.8917188159917626e-06
leaf_weight=3970 143781 4371 522 84005 248 2165 297 5008 3192 1452 2471 113298 379925 995
leaf_count=3970 143781 4371 522 84005 248 2165 297 5008 3192 1452 2471 113298 379925 995
internal_value=0 3.65532e-06 -8.33008e-07 -4.39748e-08 1.98612e-07 -9.86404e-07 2.51956e-06 2.04272e-06 1.46722e-05 -1.30879e-05 -6.88849e-07 -2.36397e-07 -2.1822e-07 -1.0235e-05
internal_weight=745700 8863 4492 736837 585973 150864 92502 89013 3489 3617 147247 493471 493223 3466
internal_count=745700 8863 4492 736837 585973 150864 92502 89013 3489 3617 147247 493471 493223 3466
is_linear=0
shrinkage=0.03


Tree=173
num_leaves=15
num_cat=0
split_feature=27 2 8 61 22 133 76 3 117 141 1 129 77 60
split_gain=0.000134016 0.00160744 0.000637344 0.000396152 0.00103142 0.000411296 0.000378946 0.000524712 0.000358333 0.000321622 0.000504517 0.000264338 0.000504176 0.000253606
threshold=1.5299133062362673 1.4148674607276919 1.1964814066886904 1.8781561851501467 1.6515919566154482 1.7701994180679324 1.3990470767021181 3.607236504554749 1.4454474449157717 1.5342608690261843 1.4263151884078982 1.3417263627052309 1.2113350033760073 0.55974188446998607
decision_type=2 2 2 2 2 2 2 2 2 2 2 2 2 2
left_child=1 8 -3 5 -5 9 7 -6 11 10 -2 -1 -13 -7
right_child=3 2 -4 4 6 13 -8 -9 -10 -11 -12 12 -14 -15
leaf_value=-5.4465077394913752e-08 3.3494316453729071e-06 4.4549898904110506e-05 1.2675103937115833e-05 2.7290990471610557e-05 7.8819389678222482e-06 1.8783075257911999e-06 -2.4309740575133804e-05 -2.6451260530321011e-06 -2.7498450121812802e-05 2.2205006897506927e-07 -1.5467267736571689e-05 1.9878617781171693e-05 -8.8345172947079659e-07 -1.7927796514770667e-05
leaf_weight=691705 2013 643 4660 1273 5823 727 583 15880 426 11193 3520 1739 2658 2857
leaf_count=691705 2013 643 4660 1273 5823 727 583 15880 426 11193 3520 1739 2658 2857
internal_value=0 1.00541e-07 1.65533e-05 -1.60862e-06 1.03731e-06 -4.67919e-06 -4.6214e-07 1.78178e-07 -2.47024e-08 -2.70036e-06 -8.61664e-06 -7.80649e-09 7.32371e-06 -1.39024e-05
internal_weight=745700 701831 5303 43869 23559 20310 22286 21703 696528 16726 5533 696102 4397 3584
internal_count=745700 701831 5303 43869 23559 20310 22286 21703 696528 16726 5533 696102 4397 3584
is_linear=0
shrinkage=0.03


Tree=174
num_leaves=15
num_cat=0
split_feature=167 21 139 89 173 172 197 131 170 143 172 173 21 10
split_gain=0.000133325 0.0003483 0.000677664 0.000566221 0.000389608 0.000424053 0.000412852 0.000255632 0.000250513 0.000256427 0.000801675 0.000597164 0.000376975 0.000340544
threshold=0.73915195465087902 -1.3967280983924864 -1.3524335622787473 -1.0098662972450254 2.0442004203796391 4.1899755001068124 0.61547401547431957 -1.84977251291275 1.4574461579322817 3.7250467538833623 2.0397121906280522 0.29058350622653967 2.6285744905471806 3.2390590906143193
decision_type=2 2 2 2 2 2 2 2 2 2 2 2 2 2
left_child=8 7 3 -3 5 -4 -6 -2 9 10 -1 13 -12 -11
right_child=1 2 4 -5 6 -7 -8 -9 -10 11 12 -13 -14 -15
leaf_value=1.5595227433657284e-07 5.7707007297050551e-06 -4.6607474745180709e-06 -1.2234858079973661e-06 -3.612111612629621e-05 8.7720567408967966e-06 -1.7803430932437384e-05 -2.1756444457309722e-06 3.1257776868577147e-05 2.3066273749901252e-05 1.5001372373306829e-05 1.3865712560739405e-05 -3.1121306530383611e-05 5.1908817901843094e-05 -5.8953830751700656e-06
leaf_weight=617730 1919 1221 101128 893 7297 1407 5383 435 429 841 1794 748 270 4205
leaf_count=617730 1919 1221 101128 893 7297 1407 5383 435 429 841 1794 748 270 4205
internal_value=0 -9.17432e-07 -1.14694e-06 -1.79753e-05 -8.37751e-07 -1.45146e-06 4.12229e-06 1.05045e-05 1.75389e-07 1.59607e-07 2.18383e-07 -6.1216e-06 1.88795e-05 -2.40436e-06
internal_weight=745700 119683 117329 2114 115215 102535 12680 2354 626017 625588 619794 5794 2064 5046
internal_count=745700 119683 117329 2114 115215 102535 12680 2354 626017 625588 619794 5794 2064 5046
is_linear=0
shrinkage=0.03


Tree=175
num_leaves=15
num_cat=0
split_feature=78 127 173 83 129 76 89 130 117 52 60 14 79 79
split_gain=0.000132702 0.000301973 0.000213127 0.00013293 0.000131486 0.00106322 0.000665147 0.00055681 0.00221696 0.000439324 0.000390094 0.000130055 0.000207849 0.000127425
threshold=4.1701371669769296 3.9722924232482915 3.7126120328903203 1.7501693964004519 -0.90499106049537648 -0.10471166297793387 -0.77196282148361195 -0.80405953526496876 -0.1343421787023544 -1.1056161522865293 -1.7819216251373289 1.6986768841743471 4.208024501800538 2.4987714290618901
decision_type=2 2 2 2 2 2 2 2 2 2 2 2 2 2
left_child=2 11 4 -4 5 6 -1 8 -6 -7 -9 12 -2 -13
right_child=1 -3 3 -5 7 9 -8 10 -10 -11 -12 13 -14 -15
leaf_value=-1.699255695217992e-07 1.1153504828299513e-05 1.6707192367580349e-05 7.8009240203613752e-06 3.3447893507379142e-05 2.1300249397409597e-06 -1.6354310041005608e-05 -1.0525072891336393e-05 -1.6914617970549408e-05 4.1164350701291989e-05 -6.2295270438382462e-05 7.3320035846484988e-08 -8.453330614584099e-06 -1.2945243756562182e-05 -3.0231140382771924e-05
leaf_weight=115002 484 428 951 226 13718 443 5867 1218 1447 328 603655 506 954 473
leaf_count=115002 484 428 951 226 13718 443 5867 1218 1447 328 603655 506 954 473
internal_value=0 -6.46566e-06 2.47673e-08 1.27752e-05 4.47554e-09 -8.97309e-07 -6.72897e-07 1.81439e-07 5.85901e-06 -3.59928e-05 3.90348e-08 -1.05867e-05 -4.81116e-06 -1.90259e-05
internal_weight=745700 2845 742855 1177 741678 121640 120869 620038 15165 771 604873 2417 1438 979
internal_count=745700 2845 742855 1177 741678 121640 120869 620038 15165 771 604873 2417 1438 979
is_linear=0
shrinkage=0.03


Tree=176
num_leaves=15
num_cat=0
split_feature=3 61 118 90 11 79 8 129 131 38 77 61 172 130
split_gain=0.000129518 0.000252859 0.000250266 0.000348321 0.000452919 0.0004093 0.000289976 0.000360365 0.000453666 0.000371693 0.000149365 0.000146933 0.0002249 0.000127904
threshold=-1.9346879124641416 -1.0539154410362241 -1.715084373950958 -1.7992255091667173 -1.7048556208610532 0.51413273811340343 -2.2136012315750118 -1.9299311637878416 -1.6585654616355894 -1.4492633342742918 0.55112549662590038 -1.226878225803375 -1.4421699643135069 -2.1264885663986202
decision_type=2 2 2 2 2 2 2 2 2 2 2 2 2 2
left_child=1 10 3 4 5 -2 -4 9 -9 -8 11 12 -1 -13
right_child=2 -3 6 -5 -6 -7 7 8 -10 -11 -12 13 -14 -15
leaf_value=1.9424114518171407e-05 -2.040904897095747e-06 2.746438259741648e-05 1.4249967735509778e-05 -1.3636298813493844e-05 2.7809021587759101e-05 -4.1308954696215683e-05 -6.0712273138132819e-06 6.4794712465354803e-06 -3.0333153646428742e-08 -3.6991068453468546e-05 -1.3022566620134002e-05 -8.7715694734420755e-06 2.5469368710053119e-06 9.1289507417364097e-06
leaf_weight=1054 11687 400 1290 2694 449 243 1964 9766 711406 426 489 1109 2194 529
leaf_count=1054 11687 400 1290 2694 449 243 1964 9766 711406 426 489 1109 2194 529
internal_value=0 4.4749e-06 -3.49385e-08 -3.8609e-06 -1.73016e-06 -2.84666e-06 4.45847e-08 1.91975e-08 5.77889e-08 -1.16082e-05 2.75369e-06 4.34108e-06 8.03723e-06 -2.97016e-06
internal_weight=745700 5775 739925 15073 12379 11930 724852 723562 721172 2390 5375 4886 3248 1638
internal_count=745700 5775 739925 15073 12379 11930 724852 723562 721172 2390 5375 4886 3248 1638
is_linear=0
shrinkage=0.03


Tree=177
num_leaves=15
num_cat=0
split_feature=172 170 23 139 77 16 148 166 171 138 150 79 14 172
split_gain=0.000130848 0.000549582 0.000413936 0.000323617 0.000278449 0.000345158 0.000259202 0.000332605 0.00051061 0.000424033 0.000354481 0.000274856 0.00025175 0.00016036
threshold=-2.0878777503967281 -0.22610561549663541 -1.19113552570343 -1.0360387563705442 1.2351113557815554 -1.1025159955024717 -2.1036075353622432 -2.4400694370269771 -2.1615703105926509 -1.2305330634117124 -1.564671993255615 -3.0300148725509639 -2.0556191205978389 -1.4826574921607969
decision_type=2 2 2 2 2 2 2 2 2 2 2 2 2 2
left_child=1 2 4 -3 5 -1 13 10 9 -9 -8 -12 -10 -2
right_child=6 3 -4 -5 -6 -7 7 8 12 -11 11 -13 -14 -15
leaf_value=-4.0412428399901328e-07 1.4105789222842899e-05 -2.8433176371823437e-05 -4.3553223203566362e-05 5.7668968399626384e-06 1.7304492394760161e-05 -1.9578763743293639e-05 -3.0984906193645486e-05 -5.713922002346193e-08 -8.8694635835470326e-06 2.037745550176143e-05 1.1003157739978465e-05 -8.040465374782004e-06 5.8471362637083659e-08 2.3512825689917059e-06
leaf_weight=17898 1844 1073 203 322 751 886 517 1653 2853 2035 816 4103 708320 2426
leaf_count=17898 1844 1073 203 322 751 886 517 1653 2853 2035 816 4103 708320 2426
internal_value=0 -2.32688e-06 -1.03864e-06 -2.0519e-05 -5.931e-07 -1.31114e-06 6.78613e-08 2.41266e-08 8.0389e-08 1.12128e-05 -7.36779e-06 -4.87368e-06 2.26007e-08 7.43661e-06
internal_weight=745700 21133 19738 1395 19535 18784 724567 720297 714861 3688 5436 4919 711173 4270
internal_count=745700 21133 19738 1395 19535 18784 724567 720297 714861 3688 5436 4919 711173 4270
is_linear=0
shrinkage=0.03


Tree=178
num_leaves=15
num_cat=0
split_feature=63 172 83 131 17 153 161 130 129 76 17 163 139 171
split_gain=0.000126326 0.000213836 0.00017147 0.000773244 0.000982837 0.00194394 0.000926129 0.000603531 0.0014897 0.000686438 0.000410199 0.000655604 0.000907321 0.000548057
threshold=-1.082972466945648 0.54997444152832042 -0.75865092873573292 -0.73187428712844838 -0.32048512995243067 -0.84264317154884327 -0.22971091419458387 -0.84775367379188526 -0.88441595435142506 -0.16674017161130902 -1.1359845995903013 -1.3101179003715513 -1.329028785228729 0.51238852739334118
decision_type=2 2 2 2 2 2 2 2 2 2 2 2 2 2
left_child=1 -1 10 4 5 -4 -6 9 -9 -5 13 -12 -13 -2
right_child=2 -3 3 7 6 -7 -8 8 -10 -11 11 12 -14 -15
leaf_value=3.0183439778174458e-06 -3.0444449868112482e-07 2.8522333275012004e-05 5.6595783249070195e-06 2.0148922572950598e-06 -1.8907580654797421e-05 3.7376687125091149e-05 5.6812557854012481e-06 7.0234385239576044e-05 1.0192991147050478e-08 -3.7109641284562067e-05 -1.5157242803197636e-05 4.125480672002342e-05 -2.4477818374535283e-06 9.2896640240643331e-06
leaf_weight=5555 70233 312 9898 774 2240 2110 3579 271 587485 839 3698 430 52476 5800
leaf_count=5555 70233 312 9898 774 2240 2110 3579 271 587485 839 3698 430 52476 5800
internal_value=0 4.38436e-06 -3.47866e-08 1.78632e-07 6.33405e-06 1.12379e-05 -3.78058e-06 -7.51407e-09 4.27421e-08 -1.83275e-05 -1.01201e-06 -2.94564e-06 -2.09124e-06 4.27138e-07
internal_weight=745700 5867 739833 607196 17827 12008 5819 589369 587756 1613 132637 56604 52906 76033
internal_count=745700 5867 739833 607196 17827 12008 5819 589369 587756 1613 132637 56604 52906 76033
is_linear=0
shrinkage=0.03


Tree=179
num_leaves=15
num_cat=0
split_feature=172 138 149 126 141 27 150 14 155 119 81 167 37 77
split_gain=0.000126663 0.00035294 0.00151316 0.00218386 0.000630528 0.00116265 0.000725481 0.000556511 0.000725731 0.000439307 0.000384259 0.000324327 0.000310245 0.000263423
threshold=-0.0067903839517384759 -0.31411905586719507 -0.078601252287626253 -0.19569781422615048 -0.031530350446701043 -0.33388425409793848 -0.22397153079509732 -0.30937154591083521 -0.45490905642509455 0.077455792576074614 0.094885759055614485 -1.7731246948242185 -0.078258283436298356 -0.38601146638393397
decision_type=2 2 2 2 2 2 2 2 2 2 2 2 2 2
left_child=13 2 4 -4 5 -2 -6 9 10 -3 -9 -10 -5 -1
right_child=1 7 3 12 6 -7 -8 8 11 -11 -12 -13 -14 -15
leaf_value=-4.2256773378622682e-07 -1.2883152768230231e-06 5.9770081734131535e-06 -0.00011964356249988767 -2.9657480064376642e-05 5.8768600496167145e-05 -1.8437577239444215e-05 6.4829812493337086e-06 -1.0555865581090187e-05 1.3251078810251535e-05 2.9914400817456708e-05 -4.5128656466922799e-05 -9.5513824845676107e-08 1.5976632159708252e-05 1.2229208708819128e-06
leaf_weight=171909 59201 3779 237 323 307 3785 1073 832 1646 845 446 322676 227 178414
leaf_count=171909 59201 3779 237 323 307 3785 1073 832 1646 845 446 322676 227 178414
internal_value=0 -3.68038e-07 -2.38594e-06 -4.37075e-05 -1.87957e-06 -2.31961e-06 1.81705e-05 3.00085e-08 -1.1668e-07 1.03634e-05 -2.26705e-05 -2.7644e-08 -1.07738e-05 4.15369e-07
internal_weight=745700 395377 65153 787 64366 62986 1380 330224 325600 4624 1278 324322 550 350323
internal_count=745700 395377 65153 787 64366 62986 1380 330224 325600 4624 1278 324322 550 350323
is_linear=0
shrinkage=0.03


Tree=180
num_leaves=15
num_cat=0
split_feature=79 166 171 79 166 172 186 126 61 117 186 44 119 78
split_gain=0.000127775 0.000269223 0.000218238 0.000258282 0.000435384 0.000280621 0.00020165 0.000225724 0.000197608 0.000138048 0.000102404 0.000101803 9.15026e-05 9.74541e-05
threshold=-3.3499958515167232 -2.4400694370269771 -3.8413599729537959 -1.4473059177398679 -0.81864172220230091 -1.7084294557571409 -0.55450028181076039 -0.5460895001888274 -1.0154495835304258 0.20264265686273578 -0.58978474140167225 -0.68928155303001393 0.57079604268074047 -3.2699078321456905
decision_type=2 2 2 2 2 2 2 2 2 2 2 2 2 2
left_child=12 6 10 4 -4 -5 7 8 -2 -8 -3 -9 13 -1
right_child=1 2 3 5 -6 -7 9 11 -10 -11 -12 -13 -14 -15
leaf_value=1.2260516552361058e-05 6.8767687458516759e-06 -2.2911116576761036e-06 1.1241669577780583e-06 -3.768430970507718e-06 1.0276353757486481e-05 3.1354675659919754e-08 -2.62243531878588e-05 2.267561318768169e-05 -8.4202634821945456e-06 4.5220370019950031e-08 -1.5062725311139136e-05 8.9856962590617448e-07 2.5657834808888726e-05 7.2923768121695461e-07
leaf_weight=1005 902 1051 29824 17953 5550 679618 655 368 4745 245 1238 412 200 1934
leaf_count=1005 902 1051 29824 17953 5550 679618 655 368 4745 245 1238 412 200 1934
internal_value=0 -2.55417e-08 3.1446e-08 6.03771e-08 2.5612e-06 -6.64006e-08 -5.74734e-06 -3.87748e-06 -5.97076e-06 -1.90478e-05 -9.21527e-06 1.12272e-05 6.03897e-06 4.68543e-06
internal_weight=745700 742561 735234 732945 35374 697571 7327 6427 5647 900 2289 780 3139 2939
internal_count=745700 742561 735234 732945 35374 697571 7327 6427 5647 900 2289 780 3139 2939
is_linear=0
shrinkage=0.03


Tree=181
num_leaves=15
num_cat=0
split_feature=27 2 8 61 22 48 76 3 1 129 65 141 1 77
split_gain=0.000128557 0.00150903 0.000590587 0.000370639 0.000963019 0.00037912 0.000357839 0.000486429 0.000344984 0.000477779 0.000423552 0.000298168 0.00047519 0.000256477
threshold=1.5299133062362673 1.4148674607276919 1.1964814066886904 1.8781561851501467 1.6515919566154482 1.779278635978699 1.3990470767021181 3.607236504554749 1.3570730090141299 1.3417263627052309 1.3265200853347781 1.5342608690261843 1.4263151884078982 1.2172593474388125
decision_type=2 2 2 2 2 2 2 2 2 2 2 2 2 2
left_child=1 8 -3 5 -5 11 7 -6 9 13 -10 12 -2 -1
right_child=3 2 -4 4 6 -7 -8 -9 10 -11 -12 -13 -14 -15
leaf_value=-9.8611951853759928e-08 3.2260278344882794e-06 4.2990678869126048e-05 1.2306044737082876e-05 2.6351956857350755e-05 7.5745861542885094e-06 -1.3569432730838408e-05 -2.3638951297524847e-05 -2.5611774456184323e-06 -2.5385307335409395e-05 1.1446569874075878e-05 -1.614402697488384e-06 1.0976652261075981e-07 -1.503523552562283e-05 5.1333936532039507e-06
leaf_weight=681803 2013 643 4660 1273 5823 3474 583 15880 1065 3277 1846 11303 3520 8537
leaf_count=681803 2013 643 4660 1273 5823 3474 583 15880 1065 3277 1846 11303 3520 8537
internal_value=0 9.84832e-08 1.60397e-05 -1.5755e-06 9.83768e-07 -4.54556e-06 -4.65061e-07 1.57129e-07 -2.28645e-08 2.03523e-08 -1.03271e-05 -2.68106e-06 -8.38667e-06 -3.38602e-08
internal_weight=745700 701831 5303 43869 23559 20310 22286 21703 696528 693617 2911 16836 5533 690340
internal_count=745700 701831 5303 43869 23559 20310 22286 21703 696528 693617 2911 16836 5533 690340
is_linear=0
shrinkage=0.03


Tree=182
num_leaves=15
num_cat=0
split_feature=167 171 196 129 89 173 172 79 79 197 172 79 173 170
split_gain=0.000125753 0.000333804 0.000614665 0.000372955 0.000309251 0.000294426 0.000406943 0.000398164 0.000331107 0.000271626 0.000269629 0.000261556 0.000233553 0.000233314
threshold=0.73915195465087902 0.20850943028926852 0.26406916975975042 -0.42216821014881128 0.24457833170890811 2.0442004203796391 4.1899755001068124 0.28655277192592626 -1.1200187206268308 0.61711835861206066 0.11838342621922494 0.39464762806892401 2.0442004203796391 1.4574461579322817
decision_type=2 2 2 2 2 2 2 2 2 2 2 2 2 2
left_child=13 2 10 4 -4 6 8 -7 -3 -9 12 -8 -2 -1
right_child=1 5 3 -5 -6 7 11 9 -10 -11 -12 -13 -14 -15
leaf_value=1.551136441709714e-07 4.7810040063579796e-07 2.3527078643840406e-05 -2.0211905026868934e-05 -6.7976783309410681e-06 -5.5316721870241212e-05 4.3124399160102651e-05 -4.9973915394365766e-06 6.5593039986337563e-06 -9.2297893328894646e-07 -2.2553273525305644e-06 -2.3349868358135241e-05 -3.0995397885288326e-05 -2.7340324795489368e-05 2.2261481330697534e-05
leaf_weight=625588 5756 500 519 714 407 226 757 7871 96246 5234 519 650 284 429
leaf_count=625588 5756 500 519 714 407 226 757 7871 96246 5234 519 650 284 429
internal_value=0 -8.90986e-07 -6.73308e-06 -2.31565e-05 -3.57167e-05 -4.61008e-07 -1.02943e-06 3.72168e-06 -7.96065e-07 3.03664e-06 -2.61913e-06 -1.70426e-05 -8.29261e-07 1.70346e-07
internal_weight=745700 119683 8199 1640 926 111484 98153 13331 96746 13105 6559 1407 6040 626017
internal_count=745700 119683 8199 1640 926 111484 98153 13331 96746 13105 6559 1407 6040 626017
is_linear=0
shrinkage=0.03


Tree=183
num_leaves=15
num_cat=0
split_feature=3 61 83 51 125 3 143 81 170 90 119 173 77 61
split_gain=0.000124177 0.00023912 0.000233014 0.000593475 0.000635006 0.000337723 0.000691163 0.000237091 0.000221674 0.000325299 0.000256005 0.000165855 0.000140731 0.000135153
threshold=-1.9346879124641416 -1.0539154410362241 -1.6716256141662595 -1.601548373699188 -1.2613022327423093 -1.4643192291259763 -1.4634080529212949 -1.724754750728607 1.6960926651954653 -1.7992255091667173 -0.95056626200675953 0.92773240804672252 0.55112549662590038 -1.226878225803375
decision_type=2 2 2 2 2 2 2 2 2 2 2 2 2 2
left_child=1 12 8 4 7 11 -7 -4 9 10 -2 -5 13 -1
right_child=2 -3 3 5 -6 6 -8 -9 -10 -11 -12 -13 -14 -15
leaf_value=7.7935412063337426e-06 -9.2341801354311841e-07 2.6738194126846272e-05 1.6130707676724986e-05 6.3520932019215269e-06 5.6691237435868198e-05 -1.3730230054228719e-05 1.2365188653294197e-08 -1.2845878811731271e-06 1.0964698047956093e-05 -1.1513549919238271e-05 -2.1304000139691865e-05 2.3713204245822469e-05 -1.2605252169484054e-05 -2.7627605558929813e-06
leaf_weight=3248 12388 400 1683 2657 273 3308 712181 1203 915 4126 580 611 489 1638
leaf_count=3248 12388 400 1683 2657 273 3308 712181 1203 915 4126 580 611 489 1638
internal_value=0 4.38166e-06 -3.42067e-08 4.98397e-08 1.30224e-05 -7.15223e-09 -5.11497e-08 8.863e-06 -3.40481e-06 -4.17632e-06 -1.83883e-06 9.61344e-06 2.70768e-06 4.24863e-06
internal_weight=745700 5775 739925 721916 3159 718757 715489 2886 18009 17094 12968 3268 5375 4886
internal_count=745700 5775 739925 721916 3159 718757 715489 2886 18009 17094 12968 3268 5375 4886
is_linear=0
shrinkage=0.03


Tree=184
num_leaves=15
num_cat=0
split_feature=78 127 173 9 25 172 173 78 3 165 119 164 14 79
split_gain=0.000123881 0.000286848 0.000200471 0.00013122 0.000126523 0.00012332 0.000451599 0.000305617 0.000747391 0.000375111 0.000281668 0.00015314 0.000121098 0.000192074
threshold=4.1701371669769296 3.9722924232482915 3.7126120328903203 2.6829215288162236 1.739131808280945 -1.2639272212982176 2.1975584030151372 -0.75390407443046559 -0.3001651912927627 -1.6876760721206663 -1.0030203461647031 -0.80243733525276173 1.6986768841743471 4.208024501800538
decision_type=2 2 2 2 2 2 2 2 2 2 2 2 2 2
left_child=2 12 5 4 -4 6 10 8 -7 -9 -1 -8 13 -2
right_child=1 -3 3 -5 -6 7 11 9 -10 -11 -12 -13 -14 -15
leaf_value=7.1544792463947383e-07 1.0655917751492e-05 1.6337399871137893e-05 5.7842489577770274e-06 -6.6466492074750994e-06 2.8130662967960681e-05 4.2203165896379803e-07 -1.0428160666368655e-05 8.7754637222312294e-06 7.7977119998331881e-06 -1.7366855368343929e-07 -3.5854851760966924e-06 -4.5331378365620685e-05 -1.8407734005504995e-05 -1.2509374602003964e-05
leaf_weight=32540 484 428 436 253 488 62280 200 4244 15430 603051 23663 270 979 954
leaf_count=32540 484 428 436 253 488 62280 200 4244 15430 603051 23663 270 979 954
internal_value=0 -6.24707e-06 2.39356e-08 1.239e-05 1.76363e-05 4.2543e-09 -1.34059e-06 1.15564e-07 1.88701e-06 -1.11065e-07 -1.09486e-06 -3.05963e-05 -1.02638e-05 -4.6896e-06
internal_weight=745700 2845 742855 1177 924 741678 56673 685005 77710 607295 56203 470 2417 1438
internal_count=745700 2845 742855 1177 924 741678 56673 685005 77710 607295 56203 470 2417 1438
is_linear=0
shrinkage=0.03


Tree=185
num_leaves=15
num_cat=0
split_feature=63 171 76 62 76 58 76 8 15 129 129 130 171 171
split_gain=0.000121787 0.000190197 0.000180672 0.000157968 0.000537889 0.00107234 0.000539327 0.000845361 0.000408152 0.00157011 0.00119555 0.00105171 0.000835624 0.000355848
threshold=-1.0809720158576963 0.16573919355869296 -0.36956647038459772 -0.93056872487068165 -1.1492013335227964 -0.62746432423591603 -1.2434735894203184 -1.1507412791252134 -0.43877007067203516 -0.68808916211128224 -0.62810814380645741 0.054308047518134124 -0.49667955935001368 -0.29377622902393336
decision_type=2 2 2 2 2 2 2 2 2 2 2 2 2 2
left_child=1 2 -1 4 6 -6 -2 -8 11 -10 -11 12 -5 -7
right_child=3 -3 -4 8 5 13 7 -9 9 10 -12 -13 -14 -15
leaf_value=1.3425051182278542e-06 -8.1341858577080368e-07 7.9505621920651858e-06 -1.74124660955078e-05 -6.1209423396492985e-07 -3.4146320999751416e-06 -5.019661202919627e-05 1.7624888790199271e-05 -3.4345461875692002e-08 -5.2364882999526825e-05 4.1831290003382602e-05 -1.5804864953232808e-07 -4.3397390675075398e-05 5.2300321194832137e-06 -1.9349665989231917e-05
leaf_weight=3970 96045 4371 522 44530 20947 495 3810 6771 517 610 517982 455 43602 1073
leaf_count=3970 96045 4371 522 44530 20947 495 3810 6771 517 610 517982 455 43602 1073
internal_value=0 3.49551e-06 -8.33659e-07 -4.20478e-08 -9.9494e-07 -5.20824e-06 -1.04943e-07 6.32261e-06 1.60402e-07 -1.60722e-07 -1.0852e-07 2.04247e-06 2.2779e-06 -2.91326e-05
internal_weight=745700 8863 4492 736837 129141 22515 106626 10581 607696 519109 518592 88587 88132 1568
internal_count=745700 8863 4492 736837 129141 22515 106626 10581 607696 519109 518592 88587 88132 1568
is_linear=0
shrinkage=0.03


Tree=186
num_leaves=15
num_cat=0
split_feature=79 166 171 79 76 171 186 126 76 118 44 186 119 77
split_gain=0.000120457 0.000253929 0.000202495 0.000233956 0.000341832 0.000265895 0.000195989 0.000216229 0.000175416 0.000147818 0.000119842 9.64098e-05 8.64861e-05 0.000159568
threshold=-3.3499958515167232 -2.4400694370269771 -3.8413599729537959 -1.5298228263854978 -1.1749857664108274 -3.2475355863571163 -0.5612470507621764 -0.53404578566551197 -0.22012771666049954 0.26519928872585302 -0.68928155303001393 -0.58978474140167225 -0.1352775692939758 -0.041324047371745103
decision_type=2 2 2 2 2 2 2 2 2 2 2 2 2 2
left_child=12 6 11 4 -4 -5 7 8 -2 -8 -9 -3 13 -1
right_child=1 2 3 5 -6 -7 9 10 -10 -11 -12 -13 -14 -15
leaf_value=-8.1459585109197889e-06 -2.0667281174775545e-06 -2.1571922526036339e-06 7.9995159593413231e-06 -1.8598318928951178e-05 7.1747709269741191e-07 -3.3043226129030659e-08 -2.419235579275722e-05 2.7390777940572756e-05 -1.3544753462899392e-05 4.1295235704376727e-06 1.585681934502925e-06 -1.455012081752921e-05 1.1282831580754066e-05 1.0216680144249527e-05
leaf_weight=828 3959 1051 7933 694 21629 702689 767 280 1723 209 389 1238 1437 874
leaf_count=828 3959 1051 7933 694 21629 702689 767 280 1723 209 389 1238 1437 874
internal_value=0 -2.48026e-08 3.05416e-08 5.84111e-08 2.67284e-06 -5.14299e-08 -5.5817e-06 -3.65085e-06 -5.55435e-06 -1.80988e-05 1.24556e-05 -8.8764e-06 5.86347e-06 1.26635e-06
internal_weight=745700 742561 735234 732945 29562 703383 7327 6351 5682 976 669 2289 3139 1702
internal_count=745700 742561 735234 732945 29562 703383 7327 6351 5682 976 669 2289 3139 1702
is_linear=0
shrinkage=0.03


Tree=187
num_leaves=15
num_cat=0
split_feature=143 147 138 79 172 166 154 131 173 164 160 173 172 78
split_gain=0.00012094 0.000593578 0.000677204 0.000302772 0.000298758 0.000815897 0.000613934 0.000371764 0.000283108 0.000281679 0.000264317 0.000205419 0.000188703 0.000826119
threshold=3.8665089607238774 3.1924376487731938 3.1618326902389531 -1.00469034910202 1.9870327711105349 0.44716389477252966 1.8485062718391421 -0.063712958246469484 0.67841628193855297 -0.5966706871986388 2.59200131893158 0.85469084978103649 0.60583278536796581 0.61033412814140331
decision_type=2 2 2 2 2 2 2 2 2 2 2 2 2 2
left_child=4 3 -3 -2 12 8 7 -7 9 -6 -5 -10 -1 -14
right_child=1 2 -4 10 5 6 -8 -9 11 -11 -12 -13 13 -15
leaf_value=1.7774330779128013e-07 2.1394181334733757e-05 -2.8719747208012265e-05 -3.6084619793830119e-06 -2.9400617902180427e-05 4.6390108539941711e-05 4.1371119893639796e-05 -1.7389957865236627e-05 2.5633776200397038e-06 -1.5577375175383389e-05 1.8888083016058487e-05 5.9535029259718256e-06 1.4021235501502554e-05 -5.8031059236171499e-06 2.4940583263643099e-07
leaf_weight=612015 1050 1178 5390 229 432 230 1497 5926 295 1539 1102 730 26405 87682
leaf_count=612015 1050 1178 5390 229 432 230 1497 5926 295 1539 1102 730 26405 87682
internal_value=0 -3.46636e-06 -8.12054e-06 9.35762e-06 4.20989e-08 5.03032e-06 -1.62045e-07 4.02467e-06 1.82994e-05 2.49516e-05 -1.24195e-07 5.46649e-06 -3.10237e-08 -1.1512e-06
internal_weight=745700 8949 6568 2381 736751 10649 7653 6156 2996 1971 1331 1025 726102 114087
internal_count=745700 8949 6568 2381 736751 10649 7653 6156 2996 1971 1331 1025 726102 114087
is_linear=0
shrinkage=0.03


Tree=188
num_leaves=15
num_cat=0
split_feature=61 79 61 143 127 137 188 14 83 173 61 170 130 126
split_gain=0.000122064 0.000373903 0.000190167 0.000358205 0.000579128 0.000760305 0.000547194 0.000526301 0.000646484 0.000232626 0.000184486 0.000405769 0.000216359 0.000180215
threshold=-1.4161618947982786 -0.10081038624048232 -1.1252395510673521 -1.1368162631988523 -1.1438471078872678 -1.4583562016487119 -0.38124729692935938 -1.0716115832328794 -1.6716256141662595 -2.736513495445251 -1.252919554710388 -0.16795998811721799 -2.3106610774993892 -1.0124358534812925
decision_type=2 2 2 2 2 2 2 2 2 2 2 2 2 2
left_child=1 -1 9 7 6 -6 -5 8 -4 -2 12 -12 -11 -9
right_child=2 -3 3 4 5 -7 -8 13 -10 10 11 -13 -14 -15
leaf_value=1.6251563508681263e-05 1.1404776037493931e-05 5.3960293346508423e-07 -2.1541076728056475e-06 -3.7180291981233026e-06 1.4721734395229064e-05 3.0306314323961178e-08 -2.3984367665483134e-05 -1.6636238449421871e-05 8.6240996361778304e-06 -1.4391006628096458e-05 -8.2816062545791677e-06 -3.7653630844553728e-07 7.5622226572538455e-07 -1.1854756351417393e-06
leaf_weight=1676 1131 7308 7464 19851 3185 645129 1276 1354 15197 894 11081 12382 16400 1372
leaf_count=1676 1131 7308 7464 19851 3185 645129 1276 1354 15197 894 11081 12382 16400 1372
internal_value=0 3.47555e-06 -4.23919e-08 7.59115e-08 -5.66941e-08 1.0255e-07 -4.94455e-06 3.57369e-06 5.07275e-06 -2.00545e-06 -2.37859e-06 -4.11138e-06 -2.58543e-08 -8.87413e-06
internal_weight=745700 8984 736716 694828 669441 648314 21127 25387 22661 41888 40757 23463 17294 2726
internal_count=745700 8984 736716 694828 669441 648314 21127 25387 22661 41888 40757 23463 17294 2726
is_linear=0
shrinkage=0.03


Tree=189
num_leaves=15
num_cat=0
split_feature=3 61 119 74 1 79 77 79 129 60 172 173 172 170
split_gain=0.000120599 0.00022492 0.000216196 0.000412369 0.000459213 0.000274523 0.000170387 0.000147728 0.000646158 0.000858849 0.000620188 0.000260939 0.00074215 0.000353968
threshold=-1.9346879124641416 -1.0539154410362241 -1.9730627536773679 -2.0491666793823238 -1.7674584984779356 0.030185633338987831 0.25861278176307684 1.9795001745224001 -0.41568098962306971 -0.26007689535617823 -0.49022994935512537 2.0442004203796391 -1.0913116931915281 1.1758748292922976
decision_type=2 2 2 2 2 2 2 2 2 2 2 2 2 2
left_child=1 -1 3 6 5 -5 -2 11 9 -9 -10 13 -13 -4
right_child=2 -3 7 4 -6 -7 -8 8 10 -11 -12 12 -14 -15
leaf_value=2.6943336906964404e-06 4.0748555663557815e-06 2.6001112554986409e-05 1.6708533427736852e-07 -1.1784234015890944e-05 1.9982312770204206e-05 -3.3462724079132318e-05 -2.3398665190133751e-05 -4.3554300945734413e-06 1.8174225783541388e-05 -3.0562545128586507e-05 -1.4069495522981096e-06 -2.5489207785420308e-05 9.2764338285321604e-06 -3.0805255166170963e-06
leaf_weight=5375 2779 400 679010 1857 321 738 218 5147 1755 1441 8503 608 5938 31610
leaf_count=5375 2779 400 679010 1857 321 738 218 5147 1755 1441 8503 608 5938 31610
internal_value=0 4.31807e-06 -3.37136e-08 -5.7467e-06 -1.37778e-05 -1.79715e-05 2.0593e-06 1.22755e-08 -2.76451e-06 -1.00961e-05 1.94164e-06 7.75469e-08 6.03938e-06 2.25778e-08
internal_weight=745700 5775 739925 5913 2916 2595 2997 734012 16846 6588 10258 717166 6546 710620
internal_count=745700 5775 739925 5913 2916 2595 2997 734012 16846 6588 10258 717166 6546 710620
is_linear=0
shrinkage=0.03


Tree=190
num_leaves=15
num_cat=0
split_feature=62 126 9 78 60 83 166 170 61 76 82 7 173 119
split_gain=0.000119474 0.000634102 0.000337567 0.000261126 0.000133285 0.000633608 0.000708305 0.000712522 0.000411324 0.00196636 0.00105642 0.0004519 0.000363241 0.000355836
threshold=2.9455496072769169 3.145357728004456 3.0753329992294316 0.72957551479339611 0.28952124714851385 0.18314117938280108 -0.91444638371467579 -1.316893398761749 0.0094685088843107241 0.5276734232902528 -1.6693906784057615 0.76146593689918529 -2.0405433177947994 0.15161947160959247
decision_type=2 2 2 2 2 2 2 2 2 2 2 2 2 2
left_child=4 3 -3 -2 8 6 -6 -8 11 10 -10 13 -7 -1
right_child=1 2 -4 -5 5 12 7 -9 9 -11 -12 -13 -14 -15
leaf_value=3.5703813014563627e-07 -9.1591767305817477e-06 2.2492789401287184e-05 -4.6200854205221273e-06 -4.0775332044563532e-05 3.0634204646298407e-05 1.4732457257164353e-05 -2.390533056033046e-05 6.5029495393740085e-06 2.3314879661834955e-05 -6.6266840609249708e-05 -2.6258438517203628e-06 -3.9768298911677104e-05 1.0981484775292742e-07 -2.6990792540654452e-06
leaf_weight=410165 443 598 1329 509 1032 1539 732 12775 1444 431 63273 255 213760 37415
leaf_count=410165 443 598 1329 509 1032 1539 732 12775 1444 431 63273 255 213760 37415
internal_value=0 -6.09848e-06 3.78551e-06 -2.61197e-05 2.36354e-08 6.2403e-07 6.6853e-06 4.85113e-06 -2.45309e-07 -2.47256e-06 -2.04623e-06 7.86347e-08 2.14548e-07 1.01493e-07
internal_weight=745700 2879 1927 952 742821 229838 14539 13507 512983 65148 64717 447835 215299 447580
internal_count=745700 2879 1927 952 742821 229838 14539 13507 512983 65148 64717 447835 215299 447580
is_linear=0
shrinkage=0.03


Tree=191
num_leaves=15
num_cat=0
split_feature=51 2 8 61 22 77 76 3 117 79 62 60 79 129
split_gain=0.000118474 0.00132897 0.000566718 0.00034248 0.000884862 0.000347467 0.000324454 0.00044862 0.000321722 0.000292251 0.000334946 0.00026331 0.000466548 0.000244469
threshold=1.5305743217468264 1.4148674607276919 1.1964814066886904 1.8781561851501467 1.6515919566154482 1.6017220020294192 1.3990470767021181 3.607236504554749 1.4454474449157717 1.2990152835845949 1.6903242468833926 1.8010585308074953 -1.00469034910202 1.3417263627052309
decision_type=2 2 2 2 2 2 2 2 2 2 2 2 2 2
left_child=1 8 -3 5 -5 9 7 -6 13 10 -2 12 -7 -1
right_child=3 2 -4 4 6 11 -8 -9 -10 -11 -12 -13 -14 -15
leaf_value=-4.9372775164798802e-08 5.2297110924759877e-06 4.1187800534666176e-05 1.1285562298804401e-05 2.5263398672230345e-05 7.2734594754911558e-06 4.335770581154957e-06 -2.2508762947398216e-05 -2.460419994940922e-06 -2.6053316779197145e-05 -1.662179768762452e-05 -5.9234305788627645e-06 -2.4729009828684849e-05 -1.142661416750963e-05 7.1078307980546633e-06
leaf_weight=691663 6013 648 4797 1273 5823 2335 583 15880 426 955 4057 835 6091 4321
leaf_count=691663 6013 648 4797 1273 5823 2335 583 15880 426 955 4057 835 6091 4321
internal_value=0 9.44993e-08 1.48566e-05 -1.51291e-06 9.46399e-07 -4.3704e-06 -4.42339e-07 1.50051e-07 -2.08987e-08 -7.6875e-07 7.33214e-07 -8.65429e-06 -7.05501e-06 -4.88419e-09
internal_weight=745700 701855 5445 43845 23559 20286 22286 21703 696410 11025 10070 9261 8426 695984
internal_count=745700 701855 5445 43845 23559 20286 22286 21703 696410 11025 10070 9261 8426 695984
is_linear=0
shrinkage=0.03


Tree=192
num_leaves=15
num_cat=0
split_feature=61 79 61 143 127 160 79 14 83 173 61 166 130 126
split_gain=0.000115076 0.000350707 0.000181063 0.000330522 0.00054557 0.000712011 0.000692047 0.000493767 0.000596851 0.000217888 0.000172128 0.000392676 0.000203037 0.000169673
threshold=-1.4161618947982786 -0.10081038624048232 -1.1252395510673521 -1.1368162631988523 -1.2028533816337583 -1.3500318527221677 -1.3703086972236631 -1.0716115832328794 -1.6716256141662595 -2.736513495445251 -1.252919554710388 -1.881674528121948 -2.3106610774993892 -0.99827811121940602
decision_type=2 2 2 2 2 2 2 2 2 2 2 2 2 2
left_child=1 -1 9 7 6 -6 -5 8 -4 -2 12 -12 -11 -9
right_child=2 -3 3 4 5 -7 -8 13 -10 10 11 -13 -14 -15
leaf_value=1.5747993663929903e-05 1.1021646471238397e-05 5.3102886729095791e-07 -2.0575951279759982e-06 -7.7888080544815783e-07 1.0433724635254584e-05 -1.8561926758204669e-08 -1.4194093469503496e-05 -1.5893418333978642e-05 8.2984984822028953e-06 -1.3961049587384729e-05 -4.1250755223919392e-05 -3.5856086184216388e-06 7.1239179997254285e-07 -8.9476398770387973e-07
leaf_weight=1676 1131 7308 7464 9375 5918 648658 5490 1402 15197 894 251 23212 16400 1324
leaf_count=1676 1131 7308 7464 9375 5918 648658 5490 1402 15197 894 251 23212 16400 1324
internal_value=0 3.37459e-06 -4.11715e-08 7.42642e-08 -5.31124e-08 7.59068e-08 -5.73608e-06 3.43417e-06 4.88618e-06 -1.95666e-06 -2.31781e-06 -3.99156e-06 -4.51692e-08 -8.62267e-06
internal_weight=745700 8984 736716 694828 669441 654576 14865 25387 22661 41888 40757 23463 17294 2726
internal_count=745700 8984 736716 694828 669441 654576 14865 25387 22661 41888 40757 23463 17294 2726
is_linear=0
shrinkage=0.03


Tree=193
num_leaves=15
num_cat=0
split_feature=78 127 173 83 153 21 76 161 151 138 14 79 16 79
split_gain=0.000114918 0.000266344 0.000187907 0.000127263 0.000115034 0.000785064 0.000662837 0.000522819 0.00385974 0.000444018 0.00010973 0.000179766 0.000119898 0.000114599
threshold=4.1701371669769296 3.9722924232482915 3.7126120328903203 1.7501693964004519 -0.9609064757823943 -0.42554965615272516 -0.14692504703998563 -0.86153399944305409 -0.35282567143440241 -1.0073982477188108 1.6986768841743471 4.208024501800538 2.5898360013961796 2.4987714290618901
decision_type=2 2 2 2 2 2 2 2 2 2 2 2 2 2
left_child=2 10 4 -4 5 6 -1 8 -6 -9 11 -2 -13 -12
right_child=1 -3 3 -5 7 -7 -8 9 -10 -11 13 12 -14 -15
leaf_value=-4.8621273445915743e-07 1.0264674713284912e-05 1.5744503986060808e-05 7.128649834260034e-06 3.222009009800123e-05 1.0998703859179991e-06 -5.6836979667935522e-05 -2.0234290192852664e-05 -2.8926790489562426e-05 5.7923633499833755e-05 5.9104547909067817e-08 -7.6123246361655796e-06 3.6189744921281051e-06 -1.9277104425765505e-05 -2.8266757274467624e-05
leaf_weight=117334 484 428 951 226 12645 224 1549 475 1175 608276 506 296 658 473
leaf_count=117334 484 428 951 226 12645 224 1549 475 1175 608276 506 296 658 473
internal_value=0 -6.01683e-06 2.30316e-08 1.19953e-05 3.97571e-09 -8.50163e-07 -7.43943e-07 1.67434e-07 5.93714e-06 3.63905e-08 -9.88763e-06 -4.57985e-06 -1.21453e-05 -1.76407e-05
internal_weight=745700 2845 742855 1177 741678 119107 118883 622571 13820 608751 2417 1438 954 979
internal_count=745700 2845 742855 1177 741678 119107 118883 622571 13820 608751 2417 1438 954 979
is_linear=0
shrinkage=0.03


Tree=194
num_leaves=15
num_cat=0
split_feature=79 166 186 126 76 171 79 166 172 117 172 186 119 78
split_gain=0.00011531 0.000235708 0.000183866 0.000200137 0.000233567 0.000180634 0.000216915 0.000384167 0.000250462 0.000123974 9.47391e-05 8.87126e-05 8.13731e-05 9.37074e-05
threshold=-3.3499958515167232 -2.4400694370269771 -0.55450028181076039 -0.56651622056961048 -0.22012771666049954 -3.8413599729537959 -1.4473059177398679 -0.81864172220230091 -1.6227018833160398 0.20264265686273578 -0.39975425601005549 -0.58318257331848133 0.57079604268074047 -3.2699078321456905
decision_type=2 2 2 2 2 2 2 2 2 2 2 2 2 2
left_child=12 2 3 4 -2 11 7 -7 -8 -4 -5 -3 13 -1
right_child=1 5 9 10 -6 6 8 -9 -10 -11 -12 -13 -14 -15
leaf_value=1.1887378396828763e-05 -2.0835474440115419e-06 -2.810796928787014e-06 -2.4879431213921301e-05 2.1187168586955962e-05 -1.6116419970195701e-05 9.9726476884269768e-07 -3.363352959022617e-06 9.5943544762298107e-06 3.6991024743343427e-08 8.558127083899039e-09 1.9411902084513985e-06 -1.4684304613676736e-05 2.4240195755347253e-05 5.802017455132332e-07
leaf_weight=1005 3924 1218 655 349 1469 29824 20072 5550 677499 245 685 1071 200 1934
leaf_count=1005 3924 1218 655 349 1469 29824 20072 5550 677499 245 685 1071 200 1934
internal_value=0 -2.42783e-08 -5.3781e-06 -3.59239e-06 -5.9138e-06 2.90418e-08 5.53663e-08 2.34719e-06 -6.08126e-08 -1.80786e-05 8.48035e-06 -8.38338e-06 5.73684e-06 4.45966e-06
internal_weight=745700 742561 7327 6427 5393 735234 732945 35374 697571 900 1034 2289 3139 2939
internal_count=745700 742561 7327 6427 5393 735234 732945 35374 697571 900 1034 2289 3139 2939
is_linear=0
shrinkage=0.03


Tree=195
num_leaves=15
num_cat=0
split_feature=3 61 2 79 161 119 129 78 172 117 138 173 39 125
split_gain=0.000116873 0.000213783 0.000199093 0.000380487 0.000206782 0.000162781 0.000151675 0.00014615 0.000347498 0.000273299 0.00012219 0.000243291 0.000199854 0.000121805
threshold=-1.9346879124641416 -1.0539154410362241 -1.8424502611160276 0.14494567364454272 -2.1295983791351314 -2.0278869867324825 -1.7289562821388242 -2.3603545427322383 -1.6227018833160398 -1.9542179107666013 -2.3093659877777095 -2.736513495445251 -2.0513415336608882 -1.7620903849601743
decision_type=2 2 2 2 2 2 2 2 2 2 2 2 2 2
left_child=1 10 3 6 -5 -4 13 9 -9 -7 11 -1 -12 -2
right_child=2 -3 5 4 -6 7 -8 8 -10 -11 12 -13 -14 -15
leaf_value=1.7261014695676916e-05 -2.2096034975074535e-06 2.5390590607404484e-05 2.3438390884531667e-05 2.394026104359649e-06 -3.1699663685245666e-05 -2.1336558800696647e-05 1.7722021185951235e-05 -3.9592708033154397e-06 7.4069912243205671e-08 5.0870785726276977e-06 1.7012675808994143e-05 -8.892519779832369e-06 1.2805201304562545e-06 -1.6972196694198685e-05
leaf_weight=404 6277 400 266 209 660 367 319 19764 703437 8079 1043 1520 2408 547
leaf_count=404 6277 400 266 209 660 367 319 19764 703437 8079 1043 1520 2408 547
internal_value=0 4.25083e-06 -3.31978e-08 -4.73635e-06 -2.34721e-05 1.82513e-08 -2.44983e-06 9.66359e-09 -3.61191e-08 3.93296e-06 2.66763e-06 -3.37912e-06 6.04751e-06 -3.39966e-06
internal_weight=745700 5775 739925 8012 869 731913 7143 731647 723201 8446 5375 1924 3451 6824
internal_count=745700 5775 739925 8012 869 731913 7143 731647 723201 8446 5375 1924 3451 6824
is_linear=0
shrinkage=0.03


Tree=196
num_leaves=15
num_cat=0
split_feature=172 171 76 76 60 170 163 173 53 77 61 172 165 119
split_gain=0.000117767 0.000337584 0.000398594 0.000955572 0.000800664 0.000378183 0.000301921 0.000289188 0.000281254 0.000276016 0.000718316 0.00116608 0.00165022 0.000887818
threshold=-0.039138309657573693 0.13095782697200778 -0.22012771666049954 -1.4816664457321165 -1.0121396183967588 -0.39748524129390711 -1.3503488302230833 -1.818156838417053 3.3136614561080937 -0.38601146638393397 0.0094685088843107241 -0.63903126120567311 1.4086686968803408 -1.4631381034851072
decision_type=2 2 2 2 2 2 2 2 2 2 2 2 2 2
left_child=9 2 3 7 -5 -3 -7 -2 -4 -1 11 -11 -13 -12
right_child=1 5 8 4 -6 6 -8 -9 -10 10 13 12 -14 -15
leaf_value=-4.6067772759071208e-07 2.7980583715986154e-05 3.8086747020491175e-05 -8.2160853427599207e-07 -3.6389140507433802e-06 -1.9337199103447933e-05 -2.6798539367715791e-05 2.0871302091684224e-07 2.5227330391792568e-06 -1.7397916022583903e-05 5.4189689642868413e-07 3.0355839180733963e-05 1.1021569801787476e-05 -1.1293221152450474e-05 -7.1326943198919301e-07
leaf_weight=163368 437 236 100118 6537 5299 372 293709 4897 929 45751 834 24601 3392 95220
leaf_count=163368 437 236 100118 6537 5299 372 293709 4897 929 45751 834 24601 3392 95220
internal_value=0 -3.38816e-07 -1.69293e-06 -5.91908e-06 -1.06706e-05 2.04988e-07 1.74357e-07 4.6189e-06 -9.74474e-07 4.19508e-07 1.26654e-06 3.49349e-06 8.31624e-06 -4.42883e-07
internal_weight=745700 412534 118217 17170 11836 294317 294081 5334 101047 333166 169798 73744 27993 96054
internal_count=745700 412534 118217 17170 11836 294317 294081 5334 101047 333166 169798 73744 27993 96054
is_linear=0
shrinkage=0.03


Tree=197
num_leaves=15
num_cat=0
split_feature=27 2 8 61 22 77 1 129 65 167 119 79 131 119
split_gain=0.000112004 0.00132444 0.000515055 0.000324092 0.000814631 0.000332331 0.000321779 0.000433128 0.00038567 0.000312857 0.000291158 0.000280642 0.000313569 0.000245335
threshold=1.5299133062362673 1.4148674607276919 1.1964814066886904 1.8781561851501467 1.6515919566154482 1.6017220020294192 1.3570730090141299 1.3417263627052309 1.3265200853347781 -1.8721179962158201 3.3888863325119023 1.2990152835845949 1.4893912672996523 1.6847450733184817
decision_type=2 2 2 2 2 2 2 2 2 2 2 2 2 2
left_child=1 6 -3 5 -5 11 7 -1 -8 -6 -11 12 -2 -7
right_child=3 2 -4 4 9 13 8 -9 -10 10 -12 -13 -14 -15
leaf_value=-3.164655591543891e-08 7.4255558989826239e-06 4.0196292766602329e-05 1.1538988292940964e-05 2.4254559372464877e-05 1.6286794917947184e-05 -1.8839074692489973e-05 -2.4342707965285776e-05 1.0899179388396285e-05 -1.6585230691146997e-06 5.4690114934720071e-06 -3.0199243323482668e-06 -1.5904435720602843e-05 -3.4554131548143007e-06 -6.1348287532001451e-06
leaf_weight=690340 3910 643 4660 1273 965 1671 1065 3277 1846 4648 16673 995 6100 7634
leaf_count=690340 3910 643 4660 1273 965 1671 1065 3277 1846 4648 16673 995 6100 7634
internal_value=0 9.19132e-08 1.50263e-05 -1.47059e-06 9.2252e-07 -4.24791e-06 -2.1768e-08 1.99686e-08 -9.97343e-06 -4.09913e-07 -1.16775e-06 -7.16059e-07 7.92116e-07 -8.42127e-06
internal_weight=745700 701831 5303 43869 23559 20310 696528 693617 2911 22286 21321 11005 10010 9305
internal_count=745700 701831 5303 43869 23559 20310 696528 693617 2911 22286 21321 11005 10010 9305
is_linear=0
shrinkage=0.03


Tree=198
num_leaves=15
num_cat=0
split_feature=172 138 149 126 1 67 129 14 155 119 66 91 153 78
split_gain=0.00011161 0.0003304 0.00127297 0.00219021 0.000539411 0.00187985 0.000990799 0.000509948 0.00063059 0.000408619 0.000341675 0.000315592 0.000306735 0.000270275
threshold=-0.018151755444705483 -0.30763991177082056 -0.078601252287626253 -0.18718376010656354 -0.060542937368154519 -0.24007600545883176 -0.32651941478252405 -0.30937154591083521 -0.45490905642509455 0.077455792576074614 0.063734233379364028 -0.1307435408234596 -0.30147530138492579 0.45113867521286016
decision_type=2 2 2 2 2 2 2 2 2 2 2 2 2 2
left_child=13 2 4 -4 5 -2 -6 9 10 -3 -9 -5 -10 -1
right_child=1 7 3 11 6 -7 -8 8 12 -11 -12 -13 -14 -15
leaf_value=6.1413256519161785e-07 -1.5387554387949439e-06 5.7793697502769923e-06 -0.00011427338981001479 -2.5598193661393672e-05 3.8685771069295659e-05 -3.5677506646687004e-05 -1.2088874088027611e-06 -9.909041741282422e-06 -3.0740349393849079e-05 2.9158355369757094e-05 -4.281554184753173e-05 1.928595987282695e-05 2.0949971305165873e-08 -2.8444955268501285e-06
leaf_weight=322728 63089 3646 245 348 828 1485 1724 834 291 826 433 235 327289 21699
leaf_count=322728 63089 3646 245 348 828 1485 1724 834 291 826 433 235 327289 21699
internal_value=0 -3.4004e-07 -2.24656e-06 -3.91961e-05 -1.78977e-06 -2.32484e-06 1.17333e-05 4.85595e-08 -8.82032e-08 1.01098e-05 -2.12035e-05 -7.45254e-06 -6.37847e-09 3.96143e-07
internal_weight=745700 401273 67954 828 67126 64574 2552 333319 328847 4472 1267 583 327580 344427
internal_count=745700 401273 67954 828 67126 64574 2552 333319 328847 4472 1267 583 327580 344427
is_linear=0
shrinkage=0.03


Tree=199
num_leaves=15
num_cat=0
split_feature=78 127 173 62 63 172 83 131 118 88 166 4 81 18
split_gain=0.000111151 0.000251111 0.000175521 0.000122228 0.000110362 0.000152526 0.000134284 0.00071561 0.000375122 0.000121417 0.000100108 0.000192745 0.000133728 0.000122557
threshold=4.1701371669769296 3.9722924232482915 3.7126120328903203 -0.74096906185150135 -1.0872430801391599 -0.092054143548011766 -0.75865092873573292 -0.73187428712844838 -0.88824397325515736 -0.79314059019088734 0.65324842929840099 2.6821248531341557 3.4078546762466435 3.4159028530120854
decision_type=2 2 2 2 2 2 2 2 2 2 2 2 2 2
left_child=2 10 4 -4 5 9 8 -8 -6 -1 12 -12 13 -2
right_child=1 -3 3 -5 6 -7 7 -9 -10 -11 11 -13 -14 -15
leaf_value=5.0817185505154354e-06 1.3071966842328636e-05 1.5211580576437914e-05 2.8972309265596405e-05 6.1599760926234311e-06 -3.8786595311476244e-08 1.1930210781156624e-05 6.0921732822787375e-06 -8.7561199145112586e-09 -3.8885076540379803e-06 -1.368039475050438e-05 4.1822215727229127e-07 -2.58867661388239e-05 -1.7280781713757853e-05 -9.4005188221563961e-06
leaf_weight=853 473 428 278 899 104207 1632 17827 587515 29158 486 388 696 457 403
leaf_count=853 473 428 278 899 104207 1632 17827 587515 29158 486 388 696 457 403
internal_value=0 -5.9174e-06 2.26514e-08 1.15936e-05 4.23297e-09 5.77371e-06 -1.89384e-08 1.70873e-07 -8.80711e-07 -1.71087e-06 -9.67605e-06 -1.6452e-05 -4.13515e-06 2.70046e-06
internal_weight=745700 2845 742855 1177 741678 2971 738707 605342 133365 1339 2417 1084 1333 876
internal_count=745700 2845 742855 1177 741678 2971 738707 605342 133365 1339 2417 1084 1333 876
is_linear=0
shrinkage=0.03


end of trees

feature_importances:
BB3_T12=199
PB6_T12=173
PB6_T9=173
BB19=112
PB6_T11=110
BB20=109
BB17=107
BB21=107
BB7_T12=99
PB14_T12=89
BB26=81
BB18=64
BB4_T12=63
BB7_T9=60
PB6_T10=56
BB8_T10=50
BB8_T11=50
BB16=48
BB11_T12=44
BB7_T11=42
BB8_T12=42
BB11_T10=41
PB12_T12=37
BB7_T8=35
BB11_T7=30
PB1_T12=27
BB12_T11=24
BB7_T10=24
PB10_T12=24
PB11_T12=23
PB11_T9=23
PB13_T12=21
BB12_T8=19
BB8_T9=19
PV3_B2_T1=19
BB11_T6=17
BB12_T7=16
BB1_T8=16
BB8_T8=16
BB12_T10=15
BB1_T10=15
BB4_T10=15
BB11_T8=14
BB4_T8=14
BB14_T12=13
BB7_T7=13
BB14_T8=12
BB1_T12=12
BB8_T7=12
BB11_T11=11
PB10_T8=11
PB11_T7=11
PV3_B6_T1=11
BB12_T6=10
BB13_T12=10
PB10_T6=10
BB1_T7=9
BB4_T11=9
BB8_T3=9
PB10_T10=9
BB15_T7=8
BB1_T9=8
BB7_T6=8
PB10_T7=8
BB12_T4=7
BB12_T9=7
BB15_T12=7
BB4_T9=7
PB11_T11=7
BB15_T11=6
BB15_T4=6
BB15_T6=6
BB4_T7=6
PB11_T6=6
PV3_B5_T3=6
BB11_T5=5
BB12_T5=5
BB14_T11=5
BB14_T7=5
BB15_T3=5
PB10_T9=5
PB11_T10=5
BB12_T12=4
BB12_T3=4
BB13_T11=4
BB13_T6=4
BB13_T7=4
BB15_T1=4
BB8_T5=4
PB10_T2=4
PB11_T8=4
BB11_T4=3
BB14_T10=3
BB14_T6=3
BB1_T1=3
BB7_T3=3
BB8_T2=3
PB10_T11=3
PB11_T5=3
PV3_B3_T2=3
BB11_T9=2
BB12_T1=2
BB12_T2=2
BB13_T1=2
BB14_T1=2
BB14_T4=2
BB15_T10=2
BB15_T2=2
BB1_T11=2
BB1_T6=2
BB4_T5=2
BB8_T6=2
PB10_T5=2
PB9_T1=2
PV3_B3_T3=2
BB11_T2=1
BB11_T3=1
BB13_T10=1
BB13_T8=1
BB14_T2=1
BB14_T5=1
BB14_T9=1
BB15_T8=1
BB15_T9=1
BB1_T5=1
BB4_T6=1
BB7_T2=1
PB10_T4=1
PV3_B3_T1=1
PV3_B5_T2=1

parameters:
[boosting: gbdt]
[objective: regression]
[metric: l2]
[tree_learner: serial]
[device_type: cpu]
[data_sample_strategy: bagging]
[data: ]
[valid: ]
[num_iterations: 200]
[learning_rate: 0.03]
[num_leaves: 15]
[num_threads: 1]
[seed: 20260819]
[deterministic: 1]
[force_col_wise: 1]
[force_row_wise: 0]
[histogram_pool_size: -1]
[max_depth: 5]
[min_data_in_leaf: 200]
[min_sum_hessian_in_leaf: 0.001]
[bagging_fraction: 1]
[pos_bagging_fraction: 1]
[neg_bagging_fraction: 1]
[bagging_freq: 0]
[bagging_seed: 20260819]
[bagging_by_query: 0]
[feature_fraction: 1]
[feature_fraction_bynode: 1]
[feature_fraction_seed: 20260819]
[extra_trees: 0]
[extra_seed: 4341]
[early_stopping_round: 0]
[early_stopping_min_delta: 0]
[first_metric_only: 0]
[max_delta_step: 0]
[lambda_l1: 0.001]
[lambda_l2: 1]
[linear_lambda: 0]
[min_gain_to_split: 0]
[drop_rate: 0.1]
[max_drop: 50]
[skip_drop: 0.5]
[xgboost_dart_mode: 0]
[uniform_drop: 0]
[drop_seed: 20747]
[top_rate: 0.2]
[other_rate: 0.1]
[min_data_per_group: 100]
[max_cat_threshold: 32]
[cat_l2: 10]
[cat_smooth: 10]
[max_cat_to_onehot: 4]
[top_k: 20]
[monotone_constraints: ]
[monotone_constraints_method: basic]
[monotone_penalty: 0]
[feature_contri: ]
[forcedsplits_filename: ]
[refit_decay_rate: 0.9]
[cegb_tradeoff: 1]
[cegb_penalty_split: 0]
[cegb_penalty_feature_lazy: ]
[cegb_penalty_feature_coupled: ]
[path_smooth: 0]
[interaction_constraints: ]
[verbosity: -1]
[saved_feature_importance_type: 0]
[use_quantized_grad: 0]
[num_grad_quant_bins: 4]
[quant_train_renew_leaf: 0]
[stochastic_rounding: 1]
[linear_tree: 0]
[max_bin: 255]
[max_bin_by_feature: ]
[min_data_in_bin: 3]
[bin_construct_sample_cnt: 200000]
[data_random_seed: 20260819]
[is_enable_sparse: 1]
[enable_bundle: 1]
[use_missing: 1]
[zero_as_missing: 0]
[feature_pre_filter: 1]
[pre_partition: 0]
[two_round: 0]
[header: 0]
[label_column: ]
[weight_column: ]
[group_column: ]
[ignore_column: ]
[categorical_feature: ]
[forcedbins_filename: ]
[precise_float_parser: 0]
[parser_config_file: ]
[objective_seed: 13094]
[num_class: 1]
[is_unbalance: 0]
[scale_pos_weight: 1]
[sigmoid: 1]
[boost_from_average: 1]
[reg_sqrt: 0]
[alpha: 0.9]
[fair_c: 1]
[poisson_max_delta_step: 0.7]
[tweedie_variance_power: 1.5]
[lambdarank_truncation_level: 30]
[lambdarank_norm: 1]
[label_gain: ]
[lambdarank_position_bias_regularization: 0]
[eval_at: ]
[multi_error_top_k: 1]
[auc_mu_weights: ]
[num_machines: 1]
[local_listen_port: 12400]
[time_out: 120]
[machine_list_filename: ]
[machines: ]
[gpu_platform_id: -1]
[gpu_device_id: -1]
[gpu_use_dp: 0]
[num_gpu: 1]

end of parameters

pandas_categorical:null
